2026-10-01T20:20:39.951542Z  INFO gigastt::server::listen: gigastt bootstrapping on http://127.0.0.1:20023 — loading model, /health is up
2026-10-01T20:20:39.953217Z  WARN gigastt_core::model::download: Model directory /home/ekhodzitsky/.gigastt/models holds Rnnt files but MlCtcLarge was requested; downloading the MlCtcLarge set (variants are never mixed)
2026-10-01T20:20:39.953302Z  INFO gigastt_core::model::download: Model (MlCtcLarge) found at /home/ekhodzitsky/.gigastt/models after lock acquisition
2026-10-01T20:20:41.976585Z  INFO gigastt_core::inference::engine::load: Detected model variant: MlCtcLarge
2026-10-01T20:20:41.976624Z  INFO gigastt_core::inference::engine::load: Using INT8 quantized encoder
2026-10-01T20:20:41.976627Z  INFO gigastt_core::inference::engine::load: Loading ONNX models from /home/ekhodzitsky/.gigastt/models (pool_size=2)...
2026-10-01T20:20:41.976630Z  INFO gigastt_core::inference::engine::load: Using CPU execution provider
2026-10-01T20:20:41.976816Z  INFO gigastt_core::inference::load_files: Loading session triplet 2/2 (shared runtime)
2026-10-01T20:20:41.976816Z  INFO gigastt_core::inference::load_files: Loading session triplet 1/2 (shared runtime)
2026-10-01T20:20:42.431682Z  INFO gigastt_core::runtime::ort::session: encoder: loaded fresh optimized graph cache, skipped source model path=/home/ekhodzitsky/.gigastt/models/optimized_cache/multilingual_large_ctc.int8_optimized.ort
2026-10-01T20:20:42.910411Z  INFO gigastt_core::runtime::ort::session: encoder: loaded fresh optimized graph cache, skipped source model path=/home/ekhodzitsky/.gigastt/models/optimized_cache/multilingual_large_ctc.int8_optimized.ort
2026-10-01T20:20:42.910591Z  INFO gigastt_core::inference::tokenizer: Loaded vocabulary: 71 tokens, blank_id=70
2026-10-01T20:20:42.910604Z  INFO gigastt_core::inference::engine::load: Models loaded (vocab_size=71, pool_size=2)
2026-10-01T20:20:42.910609Z  INFO gigastt_core::inference::diarization: Speaker encoder present at /home/ekhodzitsky/.gigastt/models/wespeaker_resnet34.onnx (lazy load on first diarization request)
2026-10-01T20:20:42.910689Z  INFO gigastt_core::inference::engine::load: execution provider bound execution_provider="cpu"
2026-10-01T20:20:42.910728Z  INFO gigastt::boot: VmRSS:	  107996 kB
2026-10-01T20:20:42.910977Z  INFO gigastt::server::listen: Model ready — starting full server
2026-10-01T20:20:42.911256Z  INFO gigastt_core::inference::engine::words: Extracted 99 mel frames
2026-10-01T20:20:43.122120Z  INFO gigastt_core::inference::engine::infer: encoder_inference elapsed_ms=210
2026-10-01T20:20:43.122197Z  INFO gigastt_core::inference::engine::transcribe: transcribe complete audio_s=1.00 wall_s=0.21 rtf=0.211 encoder=int8/cpu
2026-10-01T20:20:43.122278Z  INFO gigastt_core::inference::engine::words: Extracted 99 mel frames
2026-10-01T20:20:43.302354Z  INFO gigastt_core::inference::engine::infer: encoder_inference elapsed_ms=180
2026-10-01T20:20:43.302402Z  INFO gigastt_core::inference::engine::transcribe: transcribe complete audio_s=1.00 wall_s=0.18 rtf=0.180 encoder=int8/cpu
2026-10-01T20:20:43.302413Z  INFO gigastt::server::listen: Engine warmup complete elapsed_ms=391
2026-10-01T20:20:43.302613Z  INFO gigastt::server::listen: gigastt server listening on http://127.0.0.1:20023
2026-10-01T20:20:43.302646Z  INFO gigastt::server::listen:   WebSocket: ws://127.0.0.1:20023/v1/ws
2026-10-01T20:20:43.302651Z  INFO gigastt::server::listen:   REST API:  http://127.0.0.1:20023/health, /ready, /v1/transcribe, /v1/transcribe/stream, /v1/audio/transcriptions
2026-10-01T20:20:43.826727Z  INFO request{request_id=01a0f920-60b2-73f9-a6d5-2f05f400d9d2 method=POST path=/v1/transcribe}: gigastt_core::inference::audio::wave: Audio (wave): 44100Hz, 2ch (streaming windows)
2026-10-01T20:20:43.980793Z  INFO request{request_id=01a0f920-60b2-73f9-a6d5-2f05f400d9d2 method=POST path=/v1/transcribe}: gigastt_core::inference::engine::infer: encoder_inference elapsed_ms=150
2026-10-01T20:20:43.980856Z  INFO request{request_id=01a0f920-60b2-73f9-a6d5-2f05f400d9d2 method=POST path=/v1/transcribe}: gigastt_core::inference::engine::file_stream: transcribe complete (streaming windows) audio_s=1.13 wall_s=0.15 rtf=0.136
2026-10-01T20:20:43.995513Z  INFO request{request_id=01a0f920-615b-71f3-9576-75f67bb68545 method=POST path=/v1/transcribe}: gigastt_core::inference::audio::wave: Audio (wave): 44100Hz, 2ch (streaming windows)
2026-10-01T20:20:43.995823Z  INFO request{request_id=01a0f920-615b-71f3-9576-75f7a57b8657 method=POST path=/v1/transcribe}: gigastt_core::inference::audio::wave: Audio (wave): 44100Hz, 2ch (streaming windows)
2026-10-01T20:20:44.154168Z  INFO request{request_id=01a0f920-615b-71f3-9576-75f67bb68545 method=POST path=/v1/transcribe}: gigastt_core::inference::engine::infer: encoder_inference elapsed_ms=155
2026-10-01T20:20:44.154232Z  INFO request{request_id=01a0f920-615b-71f3-9576-75f67bb68545 method=POST path=/v1/transcribe}: gigastt_core::inference::engine::file_stream: transcribe complete (streaming windows) audio_s=1.13 wall_s=0.16 rtf=0.140
2026-10-01T20:20:44.160607Z  INFO request{request_id=01a0f920-6200-74ed-91c1-666b7ee80797 method=POST path=/v1/transcribe}: gigastt_core::inference::audio::wave: Audio (wave): 44100Hz, 2ch (streaming windows)
2026-10-01T20:20:44.186015Z  INFO request{request_id=01a0f920-615b-71f3-9576-75f7a57b8657 method=POST path=/v1/transcribe}: gigastt_core::inference::engine::infer: encoder_inference elapsed_ms=185
2026-10-01T20:20:44.186100Z  INFO request{request_id=01a0f920-615b-71f3-9576-75f7a57b8657 method=POST path=/v1/transcribe}: gigastt_core::inference::engine::file_stream: transcribe complete (streaming windows) audio_s=1.26 wall_s=0.19 rtf=0.151
2026-10-01T20:20:44.189231Z  INFO request{request_id=01a0f920-621c-7795-8b1f-57df6dba7255 method=POST path=/v1/transcribe}: gigastt_core::inference::audio::wave: Audio (wave): 44100Hz, 2ch (streaming windows)
2026-10-01T20:20:44.321946Z  INFO request{request_id=01a0f920-6200-74ed-91c1-666b7ee80797 method=POST path=/v1/transcribe}: gigastt_core::inference::engine::infer: encoder_inference elapsed_ms=158
2026-10-01T20:20:44.322004Z  INFO request{request_id=01a0f920-6200-74ed-91c1-666b7ee80797 method=POST path=/v1/transcribe}: gigastt_core::inference::engine::file_stream: transcribe complete (streaming windows) audio_s=1.11 wall_s=0.16 rtf=0.145
2026-10-01T20:20:44.327990Z  INFO request{request_id=01a0f920-62a7-7234-b5cc-68415aae461f method=POST path=/v1/transcribe}: gigastt_core::inference::audio::wave: Audio (wave): 44100Hz, 2ch (streaming windows)
2026-10-01T20:20:44.411923Z  INFO request{request_id=01a0f920-621c-7795-8b1f-57df6dba7255 method=POST path=/v1/transcribe}: gigastt_core::inference::engine::infer: encoder_inference elapsed_ms=217
2026-10-01T20:20:44.412011Z  INFO request{request_id=01a0f920-621c-7795-8b1f-57df6dba7255 method=POST path=/v1/transcribe}: gigastt_core::inference::engine::file_stream: transcribe complete (streaming windows) audio_s=1.64 wall_s=0.22 rtf=0.136
2026-10-01T20:20:44.415179Z  INFO request{request_id=01a0f920-62fe-755c-84f6-72565ab2677b method=POST path=/v1/transcribe}: gigastt_core::inference::audio::wave: Audio (wave): 44100Hz, 2ch (streaming windows)
2026-10-01T20:20:44.500617Z  INFO request{request_id=01a0f920-62a7-7234-b5cc-68415aae461f method=POST path=/v1/transcribe}: gigastt_core::inference::engine::infer: encoder_inference elapsed_ms=167
2026-10-01T20:20:44.500692Z  INFO request{request_id=01a0f920-62a7-7234-b5cc-68415aae461f method=POST path=/v1/transcribe}: gigastt_core::inference::engine::file_stream: transcribe complete (streaming windows) audio_s=1.18 wall_s=0.17 rtf=0.146
2026-10-01T20:20:44.503833Z  INFO request{request_id=01a0f920-6357-7562-a6b0-739de1c9897e method=POST path=/v1/transcribe}: gigastt_core::inference::audio::wave: Audio (wave): 44100Hz, 2ch (streaming windows)
2026-10-01T20:20:44.591991Z  INFO request{request_id=01a0f920-62fe-755c-84f6-72565ab2677b method=POST path=/v1/transcribe}: gigastt_core::inference::engine::infer: encoder_inference elapsed_ms=171
2026-10-01T20:20:44.592055Z  INFO request{request_id=01a0f920-62fe-755c-84f6-72565ab2677b method=POST path=/v1/transcribe}: gigastt_core::inference::engine::file_stream: transcribe complete (streaming windows) audio_s=1.19 wall_s=0.18 rtf=0.149
2026-10-01T20:20:44.595065Z  INFO request{request_id=01a0f920-63b2-735b-ab82-a0620ac41dbf method=POST path=/v1/transcribe}: gigastt_core::inference::audio::wave: Audio (wave): 44100Hz, 2ch (streaming windows)
2026-10-01T20:20:44.714525Z  INFO request{request_id=01a0f920-6357-7562-a6b0-739de1c9897e method=POST path=/v1/transcribe}: gigastt_core::inference::engine::infer: encoder_inference elapsed_ms=206
2026-10-01T20:20:44.714588Z  INFO request{request_id=01a0f920-6357-7562-a6b0-739de1c9897e method=POST path=/v1/transcribe}: gigastt_core::inference::engine::file_stream: transcribe complete (streaming windows) audio_s=1.64 wall_s=0.21 rtf=0.128
2026-10-01T20:20:44.720905Z  INFO request{request_id=01a0f920-6430-7289-9e15-81ca157084b3 method=POST path=/v1/transcribe}: gigastt_core::inference::audio::wave: Audio (wave): 44100Hz, 2ch (streaming windows)
2026-10-01T20:20:44.761929Z  INFO request{request_id=01a0f920-63b2-735b-ab82-a0620ac41dbf method=POST path=/v1/transcribe}: gigastt_core::inference::engine::infer: encoder_inference elapsed_ms=162
2026-10-01T20:20:44.761991Z  INFO request{request_id=01a0f920-63b2-735b-ab82-a0620ac41dbf method=POST path=/v1/transcribe}: gigastt_core::inference::engine::file_stream: transcribe complete (streaming windows) audio_s=1.15 wall_s=0.17 rtf=0.145
2026-10-01T20:20:44.765119Z  INFO request{request_id=01a0f920-645c-74cf-a9f3-70a42b0f7188 method=POST path=/v1/transcribe}: gigastt_core::inference::audio::wave: Audio (wave): 44100Hz, 2ch (streaming windows)
2026-10-01T20:20:45.068257Z  INFO request{request_id=01a0f920-6430-7289-9e15-81ca157084b3 method=POST path=/v1/transcribe}: gigastt_core::inference::engine::infer: encoder_inference elapsed_ms=341
2026-10-01T20:20:45.068362Z  INFO request{request_id=01a0f920-6430-7289-9e15-81ca157084b3 method=POST path=/v1/transcribe}: gigastt_core::inference::engine::file_stream: transcribe complete (streaming windows) audio_s=2.33 wall_s=0.35 rtf=0.149
2026-10-01T20:20:45.076248Z  INFO request{request_id=01a0f920-6592-725d-b7d8-2b7f24b8803e method=POST path=/v1/transcribe}: gigastt_core::inference::audio::wave: Audio (wave): 44100Hz, 2ch (streaming windows)
2026-10-01T20:20:45.109560Z  INFO request{request_id=01a0f920-645c-74cf-a9f3-70a42b0f7188 method=POST path=/v1/transcribe}: gigastt_core::inference::engine::infer: encoder_inference elapsed_ms=338
2026-10-01T20:20:45.109651Z  INFO request{request_id=01a0f920-645c-74cf-a9f3-70a42b0f7188 method=POST path=/v1/transcribe}: gigastt_core::inference::engine::file_stream: transcribe complete (streaming windows) audio_s=1.74 wall_s=0.34 rtf=0.198
2026-10-01T20:20:45.112870Z  INFO request{request_id=01a0f920-65b8-740f-9586-573df737fafd method=POST path=/v1/transcribe}: gigastt_core::inference::audio::wave: Audio (wave): 44100Hz, 2ch (streaming windows)
2026-10-01T20:20:45.257483Z  INFO request{request_id=01a0f920-6592-725d-b7d8-2b7f24b8803e method=POST path=/v1/transcribe}: gigastt_core::inference::engine::infer: encoder_inference elapsed_ms=177
2026-10-01T20:20:45.257557Z  INFO request{request_id=01a0f920-6592-725d-b7d8-2b7f24b8803e method=POST path=/v1/transcribe}: gigastt_core::inference::engine::file_stream: transcribe complete (streaming windows) audio_s=1.03 wall_s=0.18 rtf=0.176
2026-10-01T20:20:45.260894Z  INFO request{request_id=01a0f920-664c-763c-aebd-6511585e7f38 method=POST path=/v1/transcribe}: gigastt_core::inference::audio::wave: Audio (wave): 44100Hz, 2ch (streaming windows)
2026-10-01T20:20:45.308666Z  INFO request{request_id=01a0f920-65b8-740f-9586-573df737fafd method=POST path=/v1/transcribe}: gigastt_core::inference::engine::infer: encoder_inference elapsed_ms=191
2026-10-01T20:20:45.308740Z  INFO request{request_id=01a0f920-65b8-740f-9586-573df737fafd method=POST path=/v1/transcribe}: gigastt_core::inference::engine::file_stream: transcribe complete (streaming windows) audio_s=1.22 wall_s=0.20 rtf=0.161
2026-10-01T20:20:45.311459Z  INFO request{request_id=01a0f920-667f-77f4-8e5f-82e15924cedc method=POST path=/v1/transcribe}: gigastt_core::inference::audio::wave: Audio (wave): 44100Hz, 2ch (streaming windows)
2026-10-01T20:20:45.569143Z  INFO request{request_id=01a0f920-664c-763c-aebd-6511585e7f38 method=POST path=/v1/transcribe}: gigastt_core::inference::engine::infer: encoder_inference elapsed_ms=304
2026-10-01T20:20:45.569321Z  INFO request{request_id=01a0f920-664c-763c-aebd-6511585e7f38 method=POST path=/v1/transcribe}: gigastt_core::inference::engine::file_stream: transcribe complete (streaming windows) audio_s=1.21 wall_s=0.31 rtf=0.255
2026-10-01T20:20:45.578255Z  INFO request{request_id=01a0f920-6788-7411-9c60-0c49a0a069f0 method=POST path=/v1/transcribe}: gigastt_core::inference::audio::wave: Audio (wave): 44100Hz, 2ch (streaming windows)
2026-10-01T20:20:45.610245Z  INFO request{request_id=01a0f920-667f-77f4-8e5f-82e15924cedc method=POST path=/v1/transcribe}: gigastt_core::inference::engine::infer: encoder_inference elapsed_ms=295
2026-10-01T20:20:45.610345Z  INFO request{request_id=01a0f920-667f-77f4-8e5f-82e15924cedc method=POST path=/v1/transcribe}: gigastt_core::inference::engine::file_stream: transcribe complete (streaming windows) audio_s=1.00 wall_s=0.30 rtf=0.299
2026-10-01T20:20:45.615016Z  INFO request{request_id=01a0f920-67ae-74b4-98ff-aea209fcd422 method=POST path=/v1/transcribe}: gigastt_core::inference::audio::wave: Audio (wave): 44100Hz, 2ch (streaming windows)
2026-10-01T20:20:45.969280Z  INFO request{request_id=01a0f920-6788-7411-9c60-0c49a0a069f0 method=POST path=/v1/transcribe}: gigastt_core::inference::engine::infer: encoder_inference elapsed_ms=386
2026-10-01T20:20:45.969434Z  INFO request{request_id=01a0f920-6788-7411-9c60-0c49a0a069f0 method=POST path=/v1/transcribe}: gigastt_core::inference::engine::file_stream: transcribe complete (streaming windows) audio_s=1.61 wall_s=0.39 rtf=0.243
2026-10-01T20:20:45.978725Z  INFO request{request_id=01a0f920-691a-7552-88f1-370ee68a16cc method=POST path=/v1/transcribe}: gigastt_core::inference::audio::wave: Audio (wave): 44100Hz, 2ch (streaming windows)
2026-10-01T20:20:45.981335Z  INFO request{request_id=01a0f920-67ae-74b4-98ff-aea209fcd422 method=POST path=/v1/transcribe}: gigastt_core::inference::engine::infer: encoder_inference elapsed_ms=360
2026-10-01T20:20:45.981498Z  INFO request{request_id=01a0f920-67ae-74b4-98ff-aea209fcd422 method=POST path=/v1/transcribe}: gigastt_core::inference::engine::file_stream: transcribe complete (streaming windows) audio_s=1.38 wall_s=0.37 rtf=0.266
2026-10-01T20:20:45.985714Z  INFO request{request_id=01a0f920-6921-70aa-9749-94fc6c7e3ea9 method=POST path=/v1/transcribe}: gigastt_core::inference::audio::wave: Audio (wave): 44100Hz, 2ch (streaming windows)
2026-10-01T20:20:46.198302Z  INFO request{request_id=01a0f920-691a-7552-88f1-370ee68a16cc method=POST path=/v1/transcribe}: gigastt_core::inference::engine::infer: encoder_inference elapsed_ms=216
2026-10-01T20:20:46.198395Z  INFO request{request_id=01a0f920-691a-7552-88f1-370ee68a16cc method=POST path=/v1/transcribe}: gigastt_core::inference::engine::file_stream: transcribe complete (streaming windows) audio_s=1.13 wall_s=0.22 rtf=0.194
2026-10-01T20:20:46.205013Z  INFO request{request_id=01a0f920-69fc-7592-adc0-36ca3c4ad545 method=POST path=/v1/transcribe}: gigastt_core::inference::audio::wave: Audio (wave): 44100Hz, 2ch (streaming windows)
2026-10-01T20:20:46.213492Z  INFO request{request_id=01a0f920-6921-70aa-9749-94fc6c7e3ea9 method=POST path=/v1/transcribe}: gigastt_core::inference::engine::infer: encoder_inference elapsed_ms=221
2026-10-01T20:20:46.213568Z  INFO request{request_id=01a0f920-6921-70aa-9749-94fc6c7e3ea9 method=POST path=/v1/transcribe}: gigastt_core::inference::engine::file_stream: transcribe complete (streaming windows) audio_s=1.29 wall_s=0.23 rtf=0.177
2026-10-01T20:20:46.217064Z  INFO request{request_id=01a0f920-6a08-7145-a0fc-52c16a2051de method=POST path=/v1/transcribe}: gigastt_core::inference::audio::wave: Audio (wave): 44100Hz, 2ch (streaming windows)
2026-10-01T20:20:46.379791Z  INFO request{request_id=01a0f920-69fc-7592-adc0-36ca3c4ad545 method=POST path=/v1/transcribe}: gigastt_core::inference::engine::infer: encoder_inference elapsed_ms=168
2026-10-01T20:20:46.379873Z  INFO request{request_id=01a0f920-69fc-7592-adc0-36ca3c4ad545 method=POST path=/v1/transcribe}: gigastt_core::inference::engine::file_stream: transcribe complete (streaming windows) audio_s=1.05 wall_s=0.17 rtf=0.166
2026-10-01T20:20:46.386253Z  INFO request{request_id=01a0f920-6ab2-7097-85a1-d2f2f3ae2390 method=POST path=/v1/transcribe}: gigastt_core::inference::audio::wave: Audio (wave): 44100Hz, 2ch (streaming windows)
2026-10-01T20:20:46.426082Z  INFO request{request_id=01a0f920-6a08-7145-a0fc-52c16a2051de method=POST path=/v1/transcribe}: gigastt_core::inference::engine::infer: encoder_inference elapsed_ms=202
2026-10-01T20:20:46.426176Z  INFO request{request_id=01a0f920-6a08-7145-a0fc-52c16a2051de method=POST path=/v1/transcribe}: gigastt_core::inference::engine::file_stream: transcribe complete (streaming windows) audio_s=1.12 wall_s=0.21 rtf=0.187
2026-10-01T20:20:46.429331Z  INFO request{request_id=01a0f920-6add-7373-9b4d-80f747e54828 method=POST path=/v1/transcribe}: gigastt_core::inference::audio::wave: Audio (wave): 44100Hz, 2ch (streaming windows)
2026-10-01T20:20:46.538320Z  INFO request{request_id=01a0f920-6ab2-7097-85a1-d2f2f3ae2390 method=POST path=/v1/transcribe}: gigastt_core::inference::engine::infer: encoder_inference elapsed_ms=147
2026-10-01T20:20:46.538384Z  INFO request{request_id=01a0f920-6ab2-7097-85a1-d2f2f3ae2390 method=POST path=/v1/transcribe}: gigastt_core::inference::engine::file_stream: transcribe complete (streaming windows) audio_s=1.16 wall_s=0.15 rtf=0.131
2026-10-01T20:20:46.544880Z  INFO request{request_id=01a0f920-6b50-7136-a21c-21c680696312 method=POST path=/v1/transcribe}: gigastt_core::inference::audio::wave: Audio (wave): 44100Hz, 2ch (streaming windows)
2026-10-01T20:20:46.642680Z  INFO request{request_id=01a0f920-6add-7373-9b4d-80f747e54828 method=POST path=/v1/transcribe}: gigastt_core::inference::engine::infer: encoder_inference elapsed_ms=207
2026-10-01T20:20:46.642755Z  INFO request{request_id=01a0f920-6add-7373-9b4d-80f747e54828 method=POST path=/v1/transcribe}: gigastt_core::inference::engine::file_stream: transcribe complete (streaming windows) audio_s=1.44 wall_s=0.21 rtf=0.148
2026-10-01T20:20:46.645962Z  INFO request{request_id=01a0f920-6bb5-7226-8e20-6ceb6358cc70 method=POST path=/v1/transcribe}: gigastt_core::inference::audio::wave: Audio (wave): 44100Hz, 2ch (streaming windows)
2026-10-01T20:20:46.732821Z  INFO request{request_id=01a0f920-6b50-7136-a21c-21c680696312 method=POST path=/v1/transcribe}: gigastt_core::inference::engine::infer: encoder_inference elapsed_ms=184
2026-10-01T20:20:46.732899Z  INFO request{request_id=01a0f920-6b50-7136-a21c-21c680696312 method=POST path=/v1/transcribe}: gigastt_core::inference::engine::file_stream: transcribe complete (streaming windows) audio_s=1.22 wall_s=0.19 rtf=0.154
2026-10-01T20:20:46.736433Z  INFO request{request_id=01a0f920-6c10-776e-8d22-a7cf172d4bd8 method=POST path=/v1/transcribe}: gigastt_core::inference::audio::wave: Audio (wave): 44100Hz, 2ch (streaming windows)
2026-10-01T20:20:46.836107Z  INFO request{request_id=01a0f920-6bb5-7226-8e20-6ceb6358cc70 method=POST path=/v1/transcribe}: gigastt_core::inference::engine::infer: encoder_inference elapsed_ms=186
2026-10-01T20:20:46.836197Z  INFO request{request_id=01a0f920-6bb5-7226-8e20-6ceb6358cc70 method=POST path=/v1/transcribe}: gigastt_core::inference::engine::file_stream: transcribe complete (streaming windows) audio_s=1.24 wall_s=0.19 rtf=0.153
2026-10-01T20:20:46.839063Z  INFO request{request_id=01a0f920-6c76-7776-9f33-b856a67cbc03 method=POST path=/v1/transcribe}: gigastt_core::inference::audio::wave: Audio (wave): 44100Hz, 2ch (streaming windows)
2026-10-01T20:20:46.929237Z  INFO request{request_id=01a0f920-6c10-776e-8d22-a7cf172d4bd8 method=POST path=/v1/transcribe}: gigastt_core::inference::engine::infer: encoder_inference elapsed_ms=187
2026-10-01T20:20:46.929332Z  INFO request{request_id=01a0f920-6c10-776e-8d22-a7cf172d4bd8 method=POST path=/v1/transcribe}: gigastt_core::inference::engine::file_stream: transcribe complete (streaming windows) audio_s=1.33 wall_s=0.19 rtf=0.145
2026-10-01T20:20:46.933002Z  INFO request{request_id=01a0f920-6cd4-7353-9603-3766e720fce0 method=POST path=/v1/transcribe}: gigastt_core::inference::audio::wave: Audio (wave): 44100Hz, 2ch (streaming windows)
2026-10-01T20:20:47.020471Z  INFO request{request_id=01a0f920-6c76-7776-9f33-b856a67cbc03 method=POST path=/v1/transcribe}: gigastt_core::inference::engine::infer: encoder_inference elapsed_ms=176
2026-10-01T20:20:47.020534Z  INFO request{request_id=01a0f920-6c76-7776-9f33-b856a67cbc03 method=POST path=/v1/transcribe}: gigastt_core::inference::engine::file_stream: transcribe complete (streaming windows) audio_s=1.30 wall_s=0.18 rtf=0.140
2026-10-01T20:20:47.023936Z  INFO request{request_id=01a0f920-6d2f-7627-bfa0-af95250c662e method=POST path=/v1/transcribe}: gigastt_core::inference::audio::wave: Audio (wave): 44100Hz, 2ch (streaming windows)
2026-10-01T20:20:47.136504Z  INFO request{request_id=01a0f920-6cd4-7353-9603-3766e720fce0 method=POST path=/v1/transcribe}: gigastt_core::inference::engine::infer: encoder_inference elapsed_ms=198
2026-10-01T20:20:47.136587Z  INFO request{request_id=01a0f920-6cd4-7353-9603-3766e720fce0 method=POST path=/v1/transcribe}: gigastt_core::inference::engine::file_stream: transcribe complete (streaming windows) audio_s=1.33 wall_s=0.20 rtf=0.152
2026-10-01T20:20:47.139819Z  INFO request{request_id=01a0f920-6da3-7644-9760-c24c3af58937 method=POST path=/v1/transcribe}: gigastt_core::inference::audio::wave: Audio (wave): 44100Hz, 2ch (streaming windows)
2026-10-01T20:20:47.213749Z  INFO request{request_id=01a0f920-6d2f-7627-bfa0-af95250c662e method=POST path=/v1/transcribe}: gigastt_core::inference::engine::infer: encoder_inference elapsed_ms=186
2026-10-01T20:20:47.213810Z  INFO request{request_id=01a0f920-6d2f-7627-bfa0-af95250c662e method=POST path=/v1/transcribe}: gigastt_core::inference::engine::file_stream: transcribe complete (streaming windows) audio_s=1.38 wall_s=0.19 rtf=0.138
2026-10-01T20:20:47.216813Z  INFO request{request_id=01a0f920-6df0-7412-8dda-ad1d3a535bb1 method=POST path=/v1/transcribe}: gigastt_core::inference::audio::wave: Audio (wave): 44100Hz, 2ch (streaming windows)
2026-10-01T20:20:47.309855Z  INFO request{request_id=01a0f920-6da3-7644-9760-c24c3af58937 method=POST path=/v1/transcribe}: gigastt_core::inference::engine::infer: encoder_inference elapsed_ms=165
2026-10-01T20:20:47.309934Z  INFO request{request_id=01a0f920-6da3-7644-9760-c24c3af58937 method=POST path=/v1/transcribe}: gigastt_core::inference::engine::file_stream: transcribe complete (streaming windows) audio_s=1.21 wall_s=0.17 rtf=0.141
2026-10-01T20:20:47.313507Z  INFO request{request_id=01a0f920-6e51-74a9-a4a9-65e4b84d3928 method=POST path=/v1/transcribe}: gigastt_core::inference::audio::wave: Audio (wave): 44100Hz, 2ch (streaming windows)
2026-10-01T20:20:47.369751Z  INFO request{request_id=01a0f920-6df0-7412-8dda-ad1d3a535bb1 method=POST path=/v1/transcribe}: gigastt_core::inference::engine::infer: encoder_inference elapsed_ms=149
2026-10-01T20:20:47.369820Z  INFO request{request_id=01a0f920-6df0-7412-8dda-ad1d3a535bb1 method=POST path=/v1/transcribe}: gigastt_core::inference::engine::file_stream: transcribe complete (streaming windows) audio_s=1.02 wall_s=0.15 rtf=0.150
2026-10-01T20:20:47.373322Z  INFO request{request_id=01a0f920-6e8d-70b1-948d-1e3c936d90e0 method=POST path=/v1/transcribe}: gigastt_core::inference::audio::wave: Audio (wave): 44100Hz, 2ch (streaming windows)
2026-10-01T20:20:47.479375Z  INFO request{request_id=01a0f920-6e51-74a9-a4a9-65e4b84d3928 method=POST path=/v1/transcribe}: gigastt_core::inference::engine::infer: encoder_inference elapsed_ms=160
2026-10-01T20:20:47.479447Z  INFO request{request_id=01a0f920-6e51-74a9-a4a9-65e4b84d3928 method=POST path=/v1/transcribe}: gigastt_core::inference::engine::file_stream: transcribe complete (streaming windows) audio_s=1.03 wall_s=0.17 rtf=0.161
2026-10-01T20:20:47.485497Z  INFO request{request_id=01a0f920-6efd-71c0-a3f9-517626848f1d method=POST path=/v1/transcribe}: gigastt_core::inference::audio::wave: Audio (wave): 44100Hz, 2ch (streaming windows)
2026-10-01T20:20:47.648630Z  INFO request{request_id=01a0f920-6efd-71c0-a3f9-517626848f1d method=POST path=/v1/transcribe}: gigastt_core::inference::engine::infer: encoder_inference elapsed_ms=158
2026-10-01T20:20:47.648695Z  INFO request{request_id=01a0f920-6efd-71c0-a3f9-517626848f1d method=POST path=/v1/transcribe}: gigastt_core::inference::engine::file_stream: transcribe complete (streaming windows) audio_s=1.06 wall_s=0.16 rtf=0.154
2026-10-01T20:20:47.653577Z  INFO request{request_id=01a0f920-6e8d-70b1-948d-1e3c936d90e0 method=POST path=/v1/transcribe}: gigastt_core::inference::engine::infer: encoder_inference elapsed_ms=275
2026-10-01T20:20:47.653668Z  INFO request{request_id=01a0f920-6e8d-70b1-948d-1e3c936d90e0 method=POST path=/v1/transcribe}: gigastt_core::inference::engine::file_stream: transcribe complete (streaming windows) audio_s=2.09 wall_s=0.28 rtf=0.134
2026-10-01T20:20:47.658616Z  INFO request{request_id=01a0f920-6faa-71ac-a76b-f22f72214750 method=POST path=/v1/transcribe}: gigastt_core::inference::audio::wave: Audio (wave): 44100Hz, 2ch (streaming windows)
2026-10-01T20:20:47.661093Z  INFO request{request_id=01a0f920-6fac-74a8-8e10-194432fd49c6 method=POST path=/v1/transcribe}: gigastt_core::inference::audio::wave: Audio (wave): 44100Hz, 2ch (streaming windows)
2026-10-01T20:20:47.862454Z  INFO request{request_id=01a0f920-6faa-71ac-a76b-f22f72214750 method=POST path=/v1/transcribe}: gigastt_core::inference::engine::infer: encoder_inference elapsed_ms=200
2026-10-01T20:20:47.862529Z  INFO request{request_id=01a0f920-6faa-71ac-a76b-f22f72214750 method=POST path=/v1/transcribe}: gigastt_core::inference::engine::file_stream: transcribe complete (streaming windows) audio_s=1.53 wall_s=0.20 rtf=0.133
2026-10-01T20:20:47.878547Z  INFO request{request_id=01a0f920-7086-708e-bb40-93acad6c9dc4 method=POST path=/v1/transcribe}: gigastt_core::inference::audio::wave: Audio (wave): 44100Hz, 2ch (streaming windows)
2026-10-01T20:20:47.904295Z  INFO request{request_id=01a0f920-6fac-74a8-8e10-194432fd49c6 method=POST path=/v1/transcribe}: gigastt_core::inference::engine::infer: encoder_inference elapsed_ms=237
2026-10-01T20:20:47.904415Z  INFO request{request_id=01a0f920-6fac-74a8-8e10-194432fd49c6 method=POST path=/v1/transcribe}: gigastt_core::inference::engine::file_stream: transcribe complete (streaming windows) audio_s=1.88 wall_s=0.24 rtf=0.129
2026-10-01T20:20:47.918488Z  INFO request{request_id=01a0f920-70ae-76a9-9a96-0495f08c89b9 method=POST path=/v1/transcribe}: gigastt_core::inference::audio::wave: Audio (wave): 44100Hz, 2ch (streaming windows)
2026-10-01T20:20:48.059482Z  INFO request{request_id=01a0f920-7086-708e-bb40-93acad6c9dc4 method=POST path=/v1/transcribe}: gigastt_core::inference::engine::infer: encoder_inference elapsed_ms=177
2026-10-01T20:20:48.059542Z  INFO request{request_id=01a0f920-7086-708e-bb40-93acad6c9dc4 method=POST path=/v1/transcribe}: gigastt_core::inference::engine::file_stream: transcribe complete (streaming windows) audio_s=1.05 wall_s=0.18 rtf=0.172
2026-10-01T20:20:48.063957Z  INFO request{request_id=01a0f920-713f-730a-ab43-1ba595444b4d method=POST path=/v1/transcribe}: gigastt_core::inference::audio::wave: Audio (wave): 44100Hz, 2ch (streaming windows)
2026-10-01T20:20:48.153865Z  INFO request{request_id=01a0f920-70ae-76a9-9a96-0495f08c89b9 method=POST path=/v1/transcribe}: gigastt_core::inference::engine::infer: encoder_inference elapsed_ms=230
2026-10-01T20:20:48.153947Z  INFO request{request_id=01a0f920-70ae-76a9-9a96-0495f08c89b9 method=POST path=/v1/transcribe}: gigastt_core::inference::engine::file_stream: transcribe complete (streaming windows) audio_s=1.00 wall_s=0.24 rtf=0.235
2026-10-01T20:20:48.167915Z  INFO request{request_id=01a0f920-71a7-7535-917f-c7e835a12248 method=POST path=/v1/transcribe}: gigastt_core::inference::audio::wave: Audio (wave): 44100Hz, 2ch (streaming windows)
2026-10-01T20:20:48.465820Z  INFO request{request_id=01a0f920-713f-730a-ab43-1ba595444b4d method=POST path=/v1/transcribe}: gigastt_core::inference::engine::infer: encoder_inference elapsed_ms=396
2026-10-01T20:20:48.466014Z  INFO request{request_id=01a0f920-713f-730a-ab43-1ba595444b4d method=POST path=/v1/transcribe}: gigastt_core::inference::engine::file_stream: transcribe complete (streaming windows) audio_s=1.15 wall_s=0.40 rtf=0.350
2026-10-01T20:20:48.480280Z  INFO request{request_id=01a0f920-72dd-71cc-ac03-9c3ddca127c8 method=POST path=/v1/transcribe}: gigastt_core::inference::audio::wave: Audio (wave): 44100Hz, 2ch (streaming windows)
2026-10-01T20:20:48.636056Z  INFO request{request_id=01a0f920-71a7-7535-917f-c7e835a12248 method=POST path=/v1/transcribe}: gigastt_core::inference::engine::infer: encoder_inference elapsed_ms=454
2026-10-01T20:20:48.636130Z  INFO request{request_id=01a0f920-71a7-7535-917f-c7e835a12248 method=POST path=/v1/transcribe}: gigastt_core::inference::engine::file_stream: transcribe complete (streaming windows) audio_s=1.08 wall_s=0.47 rtf=0.433
2026-10-01T20:20:48.645109Z  INFO request{request_id=01a0f920-7384-7574-b140-d9944a353f1a method=POST path=/v1/transcribe}: gigastt_core::inference::audio::wave: Audio (wave): 44100Hz, 2ch (streaming windows)
2026-10-01T20:20:48.859965Z  INFO request{request_id=01a0f920-72dd-71cc-ac03-9c3ddca127c8 method=POST path=/v1/transcribe}: gigastt_core::inference::engine::infer: encoder_inference elapsed_ms=365
2026-10-01T20:20:48.860038Z  INFO request{request_id=01a0f920-72dd-71cc-ac03-9c3ddca127c8 method=POST path=/v1/transcribe}: gigastt_core::inference::engine::file_stream: transcribe complete (streaming windows) audio_s=1.10 wall_s=0.38 rtf=0.345
2026-10-01T20:20:48.866563Z  INFO request{request_id=01a0f920-7462-74f8-8b3b-e667597be92d method=POST path=/v1/transcribe}: gigastt_core::inference::audio::wave: Audio (wave): 44100Hz, 2ch (streaming windows)
2026-10-01T20:20:48.928848Z  INFO request{request_id=01a0f920-7384-7574-b140-d9944a353f1a method=POST path=/v1/transcribe}: gigastt_core::inference::engine::infer: encoder_inference elapsed_ms=276
2026-10-01T20:20:48.928932Z  INFO request{request_id=01a0f920-7384-7574-b140-d9944a353f1a method=POST path=/v1/transcribe}: gigastt_core::inference::engine::file_stream: transcribe complete (streaming windows) audio_s=1.00 wall_s=0.28 rtf=0.284
2026-10-01T20:20:48.932252Z  INFO request{request_id=01a0f920-74a4-70f6-8e9d-ceedbe686aa1 method=POST path=/v1/transcribe}: gigastt_core::inference::audio::wave: Audio (wave): 44100Hz, 2ch (streaming windows)
2026-10-01T20:20:49.074738Z  INFO request{request_id=01a0f920-7462-74f8-8b3b-e667597be92d method=POST path=/v1/transcribe}: gigastt_core::inference::engine::infer: encoder_inference elapsed_ms=202
2026-10-01T20:20:49.074794Z  INFO request{request_id=01a0f920-7462-74f8-8b3b-e667597be92d method=POST path=/v1/transcribe}: gigastt_core::inference::engine::file_stream: transcribe complete (streaming windows) audio_s=1.23 wall_s=0.21 rtf=0.169
2026-10-01T20:20:49.081408Z  INFO request{request_id=01a0f920-7538-71cd-a366-d054196a3ee6 method=POST path=/v1/transcribe}: gigastt_core::inference::audio::wave: Audio (wave): 44100Hz, 2ch (streaming windows)
2026-10-01T20:20:49.181045Z  INFO request{request_id=01a0f920-74a4-70f6-8e9d-ceedbe686aa1 method=POST path=/v1/transcribe}: gigastt_core::inference::engine::infer: encoder_inference elapsed_ms=243
2026-10-01T20:20:49.181129Z  INFO request{request_id=01a0f920-74a4-70f6-8e9d-ceedbe686aa1 method=POST path=/v1/transcribe}: gigastt_core::inference::engine::file_stream: transcribe complete (streaming windows) audio_s=1.15 wall_s=0.25 rtf=0.216
2026-10-01T20:20:49.186532Z  INFO request{request_id=01a0f920-75a2-77d0-bacc-955baced6bbd method=POST path=/v1/transcribe}: gigastt_core::inference::audio::wave: Audio (wave): 44100Hz, 2ch (streaming windows)
2026-10-01T20:20:49.536689Z  INFO request{request_id=01a0f920-75a2-77d0-bacc-955baced6bbd method=POST path=/v1/transcribe}: gigastt_core::inference::engine::infer: encoder_inference elapsed_ms=345
2026-10-01T20:20:49.536861Z  INFO request{request_id=01a0f920-75a2-77d0-bacc-955baced6bbd method=POST path=/v1/transcribe}: gigastt_core::inference::engine::file_stream: transcribe complete (streaming windows) audio_s=1.10 wall_s=0.35 rtf=0.318
2026-10-01T20:20:49.539924Z  INFO request{request_id=01a0f920-7538-71cd-a366-d054196a3ee6 method=POST path=/v1/transcribe}: gigastt_core::inference::engine::infer: encoder_inference elapsed_ms=453
2026-10-01T20:20:49.540009Z  INFO request{request_id=01a0f920-7538-71cd-a366-d054196a3ee6 method=POST path=/v1/transcribe}: gigastt_core::inference::engine::file_stream: transcribe complete (streaming windows) audio_s=1.71 wall_s=0.46 rtf=0.268
2026-10-01T20:20:49.546701Z  INFO request{request_id=01a0f920-7708-733e-b462-37ea0f48bab5 method=POST path=/v1/transcribe}: gigastt_core::inference::audio::wave: Audio (wave): 44100Hz, 2ch (streaming windows)
2026-10-01T20:20:49.547244Z  INFO request{request_id=01a0f920-770a-7435-8f10-b3b88a58c1e4 method=POST path=/v1/transcribe}: gigastt_core::inference::audio::wave: Audio (wave): 44100Hz, 2ch (streaming windows)
2026-10-01T20:20:49.922099Z  INFO request{request_id=01a0f920-7708-733e-b462-37ea0f48bab5 method=POST path=/v1/transcribe}: gigastt_core::inference::engine::infer: encoder_inference elapsed_ms=366
2026-10-01T20:20:49.922185Z  INFO request{request_id=01a0f920-7708-733e-b462-37ea0f48bab5 method=POST path=/v1/transcribe}: gigastt_core::inference::engine::file_stream: transcribe complete (streaming windows) audio_s=1.21 wall_s=0.38 rtf=0.310
2026-10-01T20:20:49.932860Z  INFO request{request_id=01a0f920-788c-7385-a083-90ac4791ecbf method=POST path=/v1/transcribe}: gigastt_core::inference::audio::wave: Audio (wave): 44100Hz, 2ch (streaming windows)
2026-10-01T20:20:50.090396Z  INFO request{request_id=01a0f920-770a-7435-8f10-b3b88a58c1e4 method=POST path=/v1/transcribe}: gigastt_core::inference::engine::infer: encoder_inference elapsed_ms=534
2026-10-01T20:20:50.090487Z  INFO request{request_id=01a0f920-770a-7435-8f10-b3b88a58c1e4 method=POST path=/v1/transcribe}: gigastt_core::inference::engine::file_stream: transcribe complete (streaming windows) audio_s=1.90 wall_s=0.54 rtf=0.286
2026-10-01T20:20:50.096053Z  INFO request{request_id=01a0f920-792f-726d-83a6-3893d5965b16 method=POST path=/v1/transcribe}: gigastt_core::inference::audio::wave: Audio (wave): 44100Hz, 2ch (streaming windows)
2026-10-01T20:20:50.372851Z  INFO request{request_id=01a0f920-788c-7385-a083-90ac4791ecbf method=POST path=/v1/transcribe}: gigastt_core::inference::engine::infer: encoder_inference elapsed_ms=433
2026-10-01T20:20:50.372933Z  INFO request{request_id=01a0f920-788c-7385-a083-90ac4791ecbf method=POST path=/v1/transcribe}: gigastt_core::inference::engine::file_stream: transcribe complete (streaming windows) audio_s=1.39 wall_s=0.44 rtf=0.317
2026-10-01T20:20:50.376880Z  INFO request{request_id=01a0f920-7a48-7361-a86b-b840da03530d method=POST path=/v1/transcribe}: gigastt_core::inference::audio::wave: Audio (wave): 44100Hz, 2ch (streaming windows)
2026-10-01T20:20:50.498717Z  INFO request{request_id=01a0f920-792f-726d-83a6-3893d5965b16 method=POST path=/v1/transcribe}: gigastt_core::inference::engine::infer: encoder_inference elapsed_ms=392
2026-10-01T20:20:50.498794Z  INFO request{request_id=01a0f920-792f-726d-83a6-3893d5965b16 method=POST path=/v1/transcribe}: gigastt_core::inference::engine::file_stream: transcribe complete (streaming windows) audio_s=1.34 wall_s=0.40 rtf=0.301
2026-10-01T20:20:50.501252Z  INFO request{request_id=01a0f920-7ac5-71d5-bb04-e61fa030378d method=POST path=/v1/transcribe}: gigastt_core::inference::audio::wave: Audio (wave): 44100Hz, 2ch (streaming windows)
2026-10-01T20:20:50.586014Z  INFO request{request_id=01a0f920-7a48-7361-a86b-b840da03530d method=POST path=/v1/transcribe}: gigastt_core::inference::engine::infer: encoder_inference elapsed_ms=204
2026-10-01T20:20:50.586107Z  INFO request{request_id=01a0f920-7a48-7361-a86b-b840da03530d method=POST path=/v1/transcribe}: gigastt_core::inference::engine::file_stream: transcribe complete (streaming windows) audio_s=1.21 wall_s=0.21 rtf=0.173
2026-10-01T20:20:50.588962Z  INFO request{request_id=01a0f920-7b1c-77a4-80a8-bad3dfaf24ac method=POST path=/v1/transcribe}: gigastt_core::inference::audio::wave: Audio (wave): 44100Hz, 2ch (streaming windows)
2026-10-01T20:20:50.664252Z  INFO request{request_id=01a0f920-7ac5-71d5-bb04-e61fa030378d method=POST path=/v1/transcribe}: gigastt_core::inference::engine::infer: encoder_inference elapsed_ms=159
2026-10-01T20:20:50.664321Z  INFO request{request_id=01a0f920-7ac5-71d5-bb04-e61fa030378d method=POST path=/v1/transcribe}: gigastt_core::inference::engine::file_stream: transcribe complete (streaming windows) audio_s=1.04 wall_s=0.16 rtf=0.157
2026-10-01T20:20:50.667420Z  INFO request{request_id=01a0f920-7b6b-72e7-9a0e-05d29cc62efd method=POST path=/v1/transcribe}: gigastt_core::inference::audio::wave: Audio (wave): 44100Hz, 2ch (streaming windows)
2026-10-01T20:20:50.827173Z  INFO request{request_id=01a0f920-7b1c-77a4-80a8-bad3dfaf24ac method=POST path=/v1/transcribe}: gigastt_core::inference::engine::infer: encoder_inference elapsed_ms=232
2026-10-01T20:20:50.827262Z  INFO request{request_id=01a0f920-7b1c-77a4-80a8-bad3dfaf24ac method=POST path=/v1/transcribe}: gigastt_core::inference::engine::file_stream: transcribe complete (streaming windows) audio_s=1.50 wall_s=0.24 rtf=0.159
2026-10-01T20:20:50.830742Z  INFO request{request_id=01a0f920-7c0e-75a8-a9a2-e58e721b0061 method=POST path=/v1/transcribe}: gigastt_core::inference::audio::wave: Audio (wave): 44100Hz, 2ch (streaming windows)
2026-10-01T20:20:50.832408Z  INFO request{request_id=01a0f920-7b6b-72e7-9a0e-05d29cc62efd method=POST path=/v1/transcribe}: gigastt_core::inference::engine::infer: encoder_inference elapsed_ms=161
2026-10-01T20:20:50.832460Z  INFO request{request_id=01a0f920-7b6b-72e7-9a0e-05d29cc62efd method=POST path=/v1/transcribe}: gigastt_core::inference::engine::file_stream: transcribe complete (streaming windows) audio_s=1.06 wall_s=0.17 rtf=0.156
2026-10-01T20:20:50.835564Z  INFO request{request_id=01a0f920-7c13-7634-864e-4d0bbc8cf43e method=POST path=/v1/transcribe}: gigastt_core::inference::audio::wave: Audio (wave): 44100Hz, 2ch (streaming windows)
2026-10-01T20:20:51.018016Z  INFO request{request_id=01a0f920-7c0e-75a8-a9a2-e58e721b0061 method=POST path=/v1/transcribe}: gigastt_core::inference::engine::infer: encoder_inference elapsed_ms=182
2026-10-01T20:20:51.018091Z  INFO request{request_id=01a0f920-7c0e-75a8-a9a2-e58e721b0061 method=POST path=/v1/transcribe}: gigastt_core::inference::engine::file_stream: transcribe complete (streaming windows) audio_s=1.09 wall_s=0.19 rtf=0.172
2026-10-01T20:20:51.024221Z  INFO request{request_id=01a0f920-7cd0-7061-ae3a-ae7e30b6b5ff method=POST path=/v1/transcribe}: gigastt_core::inference::audio::wave: Audio (wave): 44100Hz, 2ch (streaming windows)
2026-10-01T20:20:51.155527Z  INFO request{request_id=01a0f920-7c13-7634-864e-4d0bbc8cf43e method=POST path=/v1/transcribe}: gigastt_core::inference::engine::infer: encoder_inference elapsed_ms=315
2026-10-01T20:20:51.155609Z  INFO request{request_id=01a0f920-7c13-7634-864e-4d0bbc8cf43e method=POST path=/v1/transcribe}: gigastt_core::inference::engine::file_stream: transcribe complete (streaming windows) audio_s=2.53 wall_s=0.32 rtf=0.126
2026-10-01T20:20:51.159079Z  INFO request{request_id=01a0f920-7d56-7625-98e1-5fed59cb7049 method=POST path=/v1/transcribe}: gigastt_core::inference::audio::wave: Audio (wave): 44100Hz, 2ch (streaming windows)
2026-10-01T20:20:51.229540Z  INFO request{request_id=01a0f920-7cd0-7061-ae3a-ae7e30b6b5ff method=POST path=/v1/transcribe}: gigastt_core::inference::engine::infer: encoder_inference elapsed_ms=200
2026-10-01T20:20:51.229599Z  INFO request{request_id=01a0f920-7cd0-7061-ae3a-ae7e30b6b5ff method=POST path=/v1/transcribe}: gigastt_core::inference::engine::file_stream: transcribe complete (streaming windows) audio_s=1.39 wall_s=0.21 rtf=0.148
2026-10-01T20:20:51.232886Z  INFO request{request_id=01a0f920-7da0-72d0-bb95-1644e57c5cbb method=POST path=/v1/transcribe}: gigastt_core::inference::audio::wave: Audio (wave): 44100Hz, 2ch (streaming windows)
2026-10-01T20:20:51.429414Z  INFO request{request_id=01a0f920-7da0-72d0-bb95-1644e57c5cbb method=POST path=/v1/transcribe}: gigastt_core::inference::engine::infer: encoder_inference elapsed_ms=193
2026-10-01T20:20:51.429501Z  INFO request{request_id=01a0f920-7da0-72d0-bb95-1644e57c5cbb method=POST path=/v1/transcribe}: gigastt_core::inference::engine::file_stream: transcribe complete (streaming windows) audio_s=1.17 wall_s=0.20 rtf=0.168
2026-10-01T20:20:51.435745Z  INFO request{request_id=01a0f920-7d56-7625-98e1-5fed59cb7049 method=POST path=/v1/transcribe}: gigastt_core::inference::engine::infer: encoder_inference elapsed_ms=272
2026-10-01T20:20:51.435837Z  INFO request{request_id=01a0f920-7d56-7625-98e1-5fed59cb7049 method=POST path=/v1/transcribe}: gigastt_core::inference::engine::file_stream: transcribe complete (streaming windows) audio_s=2.08 wall_s=0.28 rtf=0.133
2026-10-01T20:20:51.436147Z  INFO request{request_id=01a0f920-7e6b-765a-a265-753575c0e982 method=POST path=/v1/transcribe}: gigastt_core::inference::audio::wave: Audio (wave): 44100Hz, 2ch (streaming windows)
2026-10-01T20:20:51.440332Z  INFO request{request_id=01a0f920-7e6f-726e-a399-8f45738fa467 method=POST path=/v1/transcribe}: gigastt_core::inference::audio::wave: Audio (wave): 44100Hz, 2ch (streaming windows)
2026-10-01T20:20:51.691006Z  INFO request{request_id=01a0f920-7e6f-726e-a399-8f45738fa467 method=POST path=/v1/transcribe}: gigastt_core::inference::engine::infer: encoder_inference elapsed_ms=246
2026-10-01T20:20:51.691096Z  INFO request{request_id=01a0f920-7e6f-726e-a399-8f45738fa467 method=POST path=/v1/transcribe}: gigastt_core::inference::engine::file_stream: transcribe complete (streaming windows) audio_s=1.58 wall_s=0.25 rtf=0.159
2026-10-01T20:20:51.694839Z  INFO request{request_id=01a0f920-7f6e-7442-9ce8-46d7520bf28d method=POST path=/v1/transcribe}: gigastt_core::inference::audio::wave: Audio (wave): 44100Hz, 2ch (streaming windows)
2026-10-01T20:20:51.732640Z  INFO request{request_id=01a0f920-7e6b-765a-a265-753575c0e982 method=POST path=/v1/transcribe}: gigastt_core::inference::engine::infer: encoder_inference elapsed_ms=290
2026-10-01T20:20:51.732725Z  INFO request{request_id=01a0f920-7e6b-765a-a265-753575c0e982 method=POST path=/v1/transcribe}: gigastt_core::inference::engine::file_stream: transcribe complete (streaming windows) audio_s=1.82 wall_s=0.30 rtf=0.163
2026-10-01T20:20:51.736370Z  INFO request{request_id=01a0f920-7f98-73dc-8ac4-eeee328f292d method=POST path=/v1/transcribe}: gigastt_core::inference::audio::wave: Audio (wave): 44100Hz, 2ch (streaming windows)
2026-10-01T20:20:51.927669Z  INFO request{request_id=01a0f920-7f6e-7442-9ce8-46d7520bf28d method=POST path=/v1/transcribe}: gigastt_core::inference::engine::infer: encoder_inference elapsed_ms=228
2026-10-01T20:20:51.927749Z  INFO request{request_id=01a0f920-7f6e-7442-9ce8-46d7520bf28d method=POST path=/v1/transcribe}: gigastt_core::inference::engine::file_stream: transcribe complete (streaming windows) audio_s=1.50 wall_s=0.23 rtf=0.155
2026-10-01T20:20:51.931536Z  INFO request{request_id=01a0f920-805b-76e6-9224-7cbe548f5ac3 method=POST path=/v1/transcribe}: gigastt_core::inference::audio::wave: Audio (wave): 44100Hz, 2ch (streaming windows)
2026-10-01T20:20:51.937861Z  INFO request{request_id=01a0f920-7f98-73dc-8ac4-eeee328f292d method=POST path=/v1/transcribe}: gigastt_core::inference::engine::infer: encoder_inference elapsed_ms=196
2026-10-01T20:20:51.937921Z  INFO request{request_id=01a0f920-7f98-73dc-8ac4-eeee328f292d method=POST path=/v1/transcribe}: gigastt_core::inference::engine::file_stream: transcribe complete (streaming windows) audio_s=1.07 wall_s=0.20 rtf=0.188
2026-10-01T20:20:51.940422Z  INFO request{request_id=01a0f920-8064-7706-b6a7-2f04a6875938 method=POST path=/v1/transcribe}: gigastt_core::inference::audio::wave: Audio (wave): 44100Hz, 2ch (streaming windows)
2026-10-01T20:20:52.116431Z  INFO request{request_id=01a0f920-8064-7706-b6a7-2f04a6875938 method=POST path=/v1/transcribe}: gigastt_core::inference::engine::infer: encoder_inference elapsed_ms=171
2026-10-01T20:20:52.116526Z  INFO request{request_id=01a0f920-8064-7706-b6a7-2f04a6875938 method=POST path=/v1/transcribe}: gigastt_core::inference::engine::file_stream: transcribe complete (streaming windows) audio_s=1.21 wall_s=0.18 rtf=0.146
2026-10-01T20:20:52.126495Z  INFO request{request_id=01a0f920-811e-73b5-a39a-3db4b53721c8 method=POST path=/v1/transcribe}: gigastt_core::inference::audio::wave: Audio (wave): 44100Hz, 2ch (streaming windows)
2026-10-01T20:20:52.149669Z  INFO request{request_id=01a0f920-805b-76e6-9224-7cbe548f5ac3 method=POST path=/v1/transcribe}: gigastt_core::inference::engine::infer: encoder_inference elapsed_ms=212
2026-10-01T20:20:52.149748Z  INFO request{request_id=01a0f920-805b-76e6-9224-7cbe548f5ac3 method=POST path=/v1/transcribe}: gigastt_core::inference::engine::file_stream: transcribe complete (streaming windows) audio_s=1.59 wall_s=0.22 rtf=0.137
2026-10-01T20:20:52.158930Z  INFO request{request_id=01a0f920-813e-738d-afdd-78550faa6190 method=POST path=/v1/transcribe}: gigastt_core::inference::audio::wave: Audio (wave): 44100Hz, 2ch (streaming windows)
2026-10-01T20:20:52.328273Z  INFO request{request_id=01a0f920-813e-738d-afdd-78550faa6190 method=POST path=/v1/transcribe}: gigastt_core::inference::engine::infer: encoder_inference elapsed_ms=165
2026-10-01T20:20:52.328333Z  INFO request{request_id=01a0f920-813e-738d-afdd-78550faa6190 method=POST path=/v1/transcribe}: gigastt_core::inference::engine::file_stream: transcribe complete (streaming windows) audio_s=1.17 wall_s=0.17 rtf=0.145
2026-10-01T20:20:52.340969Z  INFO request{request_id=01a0f920-81f4-73c2-b649-00a46a400257 method=POST path=/v1/transcribe}: gigastt_core::inference::audio::wave: Audio (wave): 44100Hz, 2ch (streaming windows)
2026-10-01T20:20:52.372181Z  INFO request{request_id=01a0f920-811e-73b5-a39a-3db4b53721c8 method=POST path=/v1/transcribe}: gigastt_core::inference::engine::infer: encoder_inference elapsed_ms=240
2026-10-01T20:20:52.372270Z  INFO request{request_id=01a0f920-811e-73b5-a39a-3db4b53721c8 method=POST path=/v1/transcribe}: gigastt_core::inference::engine::file_stream: transcribe complete (streaming windows) audio_s=1.84 wall_s=0.25 rtf=0.134
2026-10-01T20:20:52.380742Z  INFO request{request_id=01a0f920-821c-7244-a7a6-499e63746659 method=POST path=/v1/transcribe}: gigastt_core::inference::audio::wave: Audio (wave): 44100Hz, 2ch (streaming windows)
2026-10-01T20:20:52.498690Z  INFO request{request_id=01a0f920-81f4-73c2-b649-00a46a400257 method=POST path=/v1/transcribe}: gigastt_core::inference::engine::infer: encoder_inference elapsed_ms=152
2026-10-01T20:20:52.498785Z  INFO request{request_id=01a0f920-81f4-73c2-b649-00a46a400257 method=POST path=/v1/transcribe}: gigastt_core::inference::engine::file_stream: transcribe complete (streaming windows) audio_s=1.03 wall_s=0.16 rtf=0.153
2026-10-01T20:20:52.508729Z  INFO request{request_id=01a0f920-829c-7217-94bb-4708b9b4c844 method=POST path=/v1/transcribe}: gigastt_core::inference::audio::wave: Audio (wave): 44100Hz, 2ch (streaming windows)
2026-10-01T20:20:52.719595Z  INFO request{request_id=01a0f920-821c-7244-a7a6-499e63746659 method=POST path=/v1/transcribe}: gigastt_core::inference::engine::infer: encoder_inference elapsed_ms=332
2026-10-01T20:20:52.719676Z  INFO request{request_id=01a0f920-821c-7244-a7a6-499e63746659 method=POST path=/v1/transcribe}: gigastt_core::inference::engine::file_stream: transcribe complete (streaming windows) audio_s=2.72 wall_s=0.34 rtf=0.125
2026-10-01T20:20:52.733363Z  INFO request{request_id=01a0f920-837d-7493-87f5-df60f2ac531a method=POST path=/v1/transcribe}: gigastt_core::inference::audio::wave: Audio (wave): 44100Hz, 2ch (streaming windows)
2026-10-01T20:20:52.740997Z  INFO request{request_id=01a0f920-829c-7217-94bb-4708b9b4c844 method=POST path=/v1/transcribe}: gigastt_core::inference::engine::infer: encoder_inference elapsed_ms=228
2026-10-01T20:20:52.741059Z  INFO request{request_id=01a0f920-829c-7217-94bb-4708b9b4c844 method=POST path=/v1/transcribe}: gigastt_core::inference::engine::file_stream: transcribe complete (streaming windows) audio_s=1.94 wall_s=0.23 rtf=0.120
2026-10-01T20:20:52.754879Z  INFO request{request_id=01a0f920-8392-7472-baa4-4ecba6a9248f method=POST path=/v1/transcribe}: gigastt_core::inference::audio::wave: Audio (wave): 44100Hz, 2ch (streaming windows)
2026-10-01T20:20:52.908892Z  INFO request{request_id=01a0f920-837d-7493-87f5-df60f2ac531a method=POST path=/v1/transcribe}: gigastt_core::inference::engine::infer: encoder_inference elapsed_ms=172
2026-10-01T20:20:52.908973Z  INFO request{request_id=01a0f920-837d-7493-87f5-df60f2ac531a method=POST path=/v1/transcribe}: gigastt_core::inference::engine::file_stream: transcribe complete (streaming windows) audio_s=1.30 wall_s=0.18 rtf=0.135
2026-10-01T20:20:52.915381Z  INFO request{request_id=01a0f920-8433-7148-8dc6-71b24180037f method=POST path=/v1/transcribe}: gigastt_core::inference::audio::wave: Audio (wave): 44100Hz, 2ch (streaming windows)
2026-10-01T20:20:52.918399Z  INFO request{request_id=01a0f920-8392-7472-baa4-4ecba6a9248f method=POST path=/v1/transcribe}: gigastt_core::inference::engine::infer: encoder_inference elapsed_ms=160
2026-10-01T20:20:52.918470Z  INFO request{request_id=01a0f920-8392-7472-baa4-4ecba6a9248f method=POST path=/v1/transcribe}: gigastt_core::inference::engine::file_stream: transcribe complete (streaming windows) audio_s=1.10 wall_s=0.16 rtf=0.149
2026-10-01T20:20:52.925399Z  INFO request{request_id=01a0f920-843d-75e0-9b6d-c8d862b69eee method=POST path=/v1/transcribe}: gigastt_core::inference::audio::wave: Audio (wave): 44100Hz, 2ch (streaming windows)
2026-10-01T20:20:53.113921Z  INFO request{request_id=01a0f920-8433-7148-8dc6-71b24180037f method=POST path=/v1/transcribe}: gigastt_core::inference::engine::infer: encoder_inference elapsed_ms=193
2026-10-01T20:20:53.113999Z  INFO request{request_id=01a0f920-8433-7148-8dc6-71b24180037f method=POST path=/v1/transcribe}: gigastt_core::inference::engine::file_stream: transcribe complete (streaming windows) audio_s=1.35 wall_s=0.20 rtf=0.147
2026-10-01T20:20:53.120808Z  INFO request{request_id=01a0f920-8500-735c-9cbd-dcac3f080c35 method=POST path=/v1/transcribe}: gigastt_core::inference::audio::wave: Audio (wave): 44100Hz, 2ch (streaming windows)
2026-10-01T20:20:53.205753Z  INFO request{request_id=01a0f920-843d-75e0-9b6d-c8d862b69eee method=POST path=/v1/transcribe}: gigastt_core::inference::engine::infer: encoder_inference elapsed_ms=274
2026-10-01T20:20:53.205827Z  INFO request{request_id=01a0f920-843d-75e0-9b6d-c8d862b69eee method=POST path=/v1/transcribe}: gigastt_core::inference::engine::file_stream: transcribe complete (streaming windows) audio_s=2.34 wall_s=0.28 rtf=0.120
2026-10-01T20:20:53.210633Z  INFO request{request_id=01a0f920-855a-7553-bcc5-6db2a2dd647d method=POST path=/v1/transcribe}: gigastt_core::inference::audio::wave: Audio (wave): 44100Hz, 2ch (streaming windows)
2026-10-01T20:20:53.288378Z  INFO request{request_id=01a0f920-8500-735c-9cbd-dcac3f080c35 method=POST path=/v1/transcribe}: gigastt_core::inference::engine::infer: encoder_inference elapsed_ms=162
2026-10-01T20:20:53.288455Z  INFO request{request_id=01a0f920-8500-735c-9cbd-dcac3f080c35 method=POST path=/v1/transcribe}: gigastt_core::inference::engine::file_stream: transcribe complete (streaming windows) audio_s=1.17 wall_s=0.17 rtf=0.143
2026-10-01T20:20:53.292492Z  INFO request{request_id=01a0f920-85ac-70c5-80df-3c725fb28d4b method=POST path=/v1/transcribe}: gigastt_core::inference::audio::wave: Audio (wave): 44100Hz, 2ch (streaming windows)
2026-10-01T20:20:53.414247Z  INFO request{request_id=01a0f920-855a-7553-bcc5-6db2a2dd647d method=POST path=/v1/transcribe}: gigastt_core::inference::engine::infer: encoder_inference elapsed_ms=200
2026-10-01T20:20:53.414313Z  INFO request{request_id=01a0f920-855a-7553-bcc5-6db2a2dd647d method=POST path=/v1/transcribe}: gigastt_core::inference::engine::file_stream: transcribe complete (streaming windows) audio_s=1.54 wall_s=0.20 rtf=0.132
2026-10-01T20:20:53.426639Z  INFO request{request_id=01a0f920-8632-7371-bed9-c2201d0fa824 method=POST path=/v1/transcribe}: gigastt_core::inference::audio::wave: Audio (wave): 44100Hz, 2ch (streaming windows)
2026-10-01T20:20:53.454191Z  INFO request{request_id=01a0f920-85ac-70c5-80df-3c725fb28d4b method=POST path=/v1/transcribe}: gigastt_core::inference::engine::infer: encoder_inference elapsed_ms=157
2026-10-01T20:20:53.454270Z  INFO request{request_id=01a0f920-85ac-70c5-80df-3c725fb28d4b method=POST path=/v1/transcribe}: gigastt_core::inference::engine::file_stream: transcribe complete (streaming windows) audio_s=1.04 wall_s=0.16 rtf=0.156
2026-10-01T20:20:53.459991Z  INFO request{request_id=01a0f920-8653-7543-83ed-c2e2aa7b0929 method=POST path=/v1/transcribe}: gigastt_core::inference::audio::wave: Audio (wave): 44100Hz, 2ch (streaming windows)
2026-10-01T20:20:53.685573Z  INFO request{request_id=01a0f920-8653-7543-83ed-c2e2aa7b0929 method=POST path=/v1/transcribe}: gigastt_core::inference::engine::infer: encoder_inference elapsed_ms=220
2026-10-01T20:20:53.685677Z  INFO request{request_id=01a0f920-8653-7543-83ed-c2e2aa7b0929 method=POST path=/v1/transcribe}: gigastt_core::inference::engine::file_stream: transcribe complete (streaming windows) audio_s=1.71 wall_s=0.23 rtf=0.132
2026-10-01T20:20:53.698701Z  INFO request{request_id=01a0f920-8742-7581-a206-8babfa644506 method=POST path=/v1/transcribe}: gigastt_core::inference::audio::wave: Audio (wave): 44100Hz, 2ch (streaming windows)
2026-10-01T20:20:53.842014Z  INFO request{request_id=01a0f920-8632-7371-bed9-c2201d0fa824 method=POST path=/v1/transcribe}: gigastt_core::inference::engine::infer: encoder_inference elapsed_ms=410
2026-10-01T20:20:53.842110Z  INFO request{request_id=01a0f920-8632-7371-bed9-c2201d0fa824 method=POST path=/v1/transcribe}: gigastt_core::inference::engine::file_stream: transcribe complete (streaming windows) audio_s=3.81 wall_s=0.42 rtf=0.109
2026-10-01T20:20:53.850879Z  INFO request{request_id=01a0f920-87da-76fa-9e9b-1957eff7e615 method=POST path=/v1/transcribe}: gigastt_core::inference::audio::wave: Audio (wave): 44100Hz, 2ch (streaming windows)
2026-10-01T20:20:53.874813Z  INFO request{request_id=01a0f920-8742-7581-a206-8babfa644506 method=POST path=/v1/transcribe}: gigastt_core::inference::engine::infer: encoder_inference elapsed_ms=171
2026-10-01T20:20:53.874887Z  INFO request{request_id=01a0f920-8742-7581-a206-8babfa644506 method=POST path=/v1/transcribe}: gigastt_core::inference::engine::file_stream: transcribe complete (streaming windows) audio_s=1.30 wall_s=0.18 rtf=0.135
2026-10-01T20:20:53.882850Z  INFO request{request_id=01a0f920-87fa-723d-9e32-67de10ba72a4 method=POST path=/v1/transcribe}: gigastt_core::inference::audio::wave: Audio (wave): 44100Hz, 2ch (streaming windows)
2026-10-01T20:20:54.056405Z  INFO request{request_id=01a0f920-87fa-723d-9e32-67de10ba72a4 method=POST path=/v1/transcribe}: gigastt_core::inference::engine::infer: encoder_inference elapsed_ms=168
2026-10-01T20:20:54.056479Z  INFO request{request_id=01a0f920-87fa-723d-9e32-67de10ba72a4 method=POST path=/v1/transcribe}: gigastt_core::inference::engine::file_stream: transcribe complete (streaming windows) audio_s=1.24 wall_s=0.17 rtf=0.140
2026-10-01T20:20:54.063453Z  INFO request{request_id=01a0f920-88af-7158-89bb-d76a8a73253b method=POST path=/v1/transcribe}: gigastt_core::inference::audio::wave: Audio (wave): 44100Hz, 2ch (streaming windows)
2026-10-01T20:20:54.089883Z  INFO request{request_id=01a0f920-87da-76fa-9e9b-1957eff7e615 method=POST path=/v1/transcribe}: gigastt_core::inference::engine::infer: encoder_inference elapsed_ms=233
2026-10-01T20:20:54.089949Z  INFO request{request_id=01a0f920-87da-76fa-9e9b-1957eff7e615 method=POST path=/v1/transcribe}: gigastt_core::inference::engine::file_stream: transcribe complete (streaming windows) audio_s=1.87 wall_s=0.24 rtf=0.128
2026-10-01T20:20:54.094302Z  INFO request{request_id=01a0f920-88ce-7732-8b67-0af15356f338 method=POST path=/v1/transcribe}: gigastt_core::inference::audio::wave: Audio (wave): 44100Hz, 2ch (streaming windows)
2026-10-01T20:20:54.330193Z  INFO request{request_id=01a0f920-88ce-7732-8b67-0af15356f338 method=POST path=/v1/transcribe}: gigastt_core::inference::engine::infer: encoder_inference elapsed_ms=232
2026-10-01T20:20:54.330272Z  INFO request{request_id=01a0f920-88ce-7732-8b67-0af15356f338 method=POST path=/v1/transcribe}: gigastt_core::inference::engine::file_stream: transcribe complete (streaming windows) audio_s=1.93 wall_s=0.24 rtf=0.122
2026-10-01T20:20:54.337724Z  INFO request{request_id=01a0f920-89c1-744a-9c44-a4ec8f55a1eb method=POST path=/v1/transcribe}: gigastt_core::inference::audio::wave: Audio (wave): 44100Hz, 2ch (streaming windows)
2026-10-01T20:20:54.408617Z  INFO request{request_id=01a0f920-88af-7158-89bb-d76a8a73253b method=POST path=/v1/transcribe}: gigastt_core::inference::engine::infer: encoder_inference elapsed_ms=338
2026-10-01T20:20:54.408716Z  INFO request{request_id=01a0f920-88af-7158-89bb-d76a8a73253b method=POST path=/v1/transcribe}: gigastt_core::inference::engine::file_stream: transcribe complete (streaming windows) audio_s=2.88 wall_s=0.35 rtf=0.120
2026-10-01T20:20:54.412122Z  INFO request{request_id=01a0f920-8a0b-77a4-87de-87da4447ae1a method=POST path=/v1/transcribe}: gigastt_core::inference::audio::wave: Audio (wave): 44100Hz, 2ch (streaming windows)
2026-10-01T20:20:54.498882Z  INFO request{request_id=01a0f920-89c1-744a-9c44-a4ec8f55a1eb method=POST path=/v1/transcribe}: gigastt_core::inference::engine::infer: encoder_inference elapsed_ms=156
2026-10-01T20:20:54.498942Z  INFO request{request_id=01a0f920-89c1-744a-9c44-a4ec8f55a1eb method=POST path=/v1/transcribe}: gigastt_core::inference::engine::file_stream: transcribe complete (streaming windows) audio_s=1.09 wall_s=0.16 rtf=0.148
2026-10-01T20:20:54.502121Z  INFO request{request_id=01a0f920-8a65-771f-a764-39322dc265cd method=POST path=/v1/transcribe}: gigastt_core::inference::audio::wave: Audio (wave): 44100Hz, 2ch (streaming windows)
2026-10-01T20:20:54.659831Z  INFO request{request_id=01a0f920-8a65-771f-a764-39322dc265cd method=POST path=/v1/transcribe}: gigastt_core::inference::engine::infer: encoder_inference elapsed_ms=154
2026-10-01T20:20:54.659906Z  INFO request{request_id=01a0f920-8a65-771f-a764-39322dc265cd method=POST path=/v1/transcribe}: gigastt_core::inference::engine::file_stream: transcribe complete (streaming windows) audio_s=1.15 wall_s=0.16 rtf=0.137
2026-10-01T20:20:54.666208Z  INFO request{request_id=01a0f920-8b0a-74cb-8751-7332cec7f8fb method=POST path=/v1/transcribe}: gigastt_core::inference::audio::wave: Audio (wave): 44100Hz, 2ch (streaming windows)
2026-10-01T20:20:54.696932Z  INFO request{request_id=01a0f920-8a0b-77a4-87de-87da4447ae1a method=POST path=/v1/transcribe}: gigastt_core::inference::engine::infer: encoder_inference elapsed_ms=279
2026-10-01T20:20:54.697017Z  INFO request{request_id=01a0f920-8a0b-77a4-87de-87da4447ae1a method=POST path=/v1/transcribe}: gigastt_core::inference::engine::file_stream: transcribe complete (streaming windows) audio_s=2.33 wall_s=0.28 rtf=0.122
2026-10-01T20:20:54.699583Z  INFO request{request_id=01a0f920-8b2b-724b-b8f4-e50b7e00124b method=POST path=/v1/transcribe}: gigastt_core::inference::audio::wave: Audio (wave): 44100Hz, 2ch (streaming windows)
2026-10-01T20:20:54.821704Z  INFO request{request_id=01a0f920-8b0a-74cb-8751-7332cec7f8fb method=POST path=/v1/transcribe}: gigastt_core::inference::engine::infer: encoder_inference elapsed_ms=151
2026-10-01T20:20:54.821782Z  INFO request{request_id=01a0f920-8b0a-74cb-8751-7332cec7f8fb method=POST path=/v1/transcribe}: gigastt_core::inference::engine::file_stream: transcribe complete (streaming windows) audio_s=1.08 wall_s=0.16 rtf=0.144
2026-10-01T20:20:54.828262Z  INFO request{request_id=01a0f920-8bac-7539-be1c-725c776dffde method=POST path=/v1/transcribe}: gigastt_core::inference::audio::wave: Audio (wave): 44100Hz, 2ch (streaming windows)
2026-10-01T20:20:54.853255Z  INFO request{request_id=01a0f920-8b2b-724b-b8f4-e50b7e00124b method=POST path=/v1/transcribe}: gigastt_core::inference::engine::infer: encoder_inference elapsed_ms=148
2026-10-01T20:20:54.853327Z  INFO request{request_id=01a0f920-8b2b-724b-b8f4-e50b7e00124b method=POST path=/v1/transcribe}: gigastt_core::inference::engine::file_stream: transcribe complete (streaming windows) audio_s=1.11 wall_s=0.15 rtf=0.138
2026-10-01T20:20:54.856416Z  INFO request{request_id=01a0f920-8bc8-7634-b527-e6287db31ebd method=POST path=/v1/transcribe}: gigastt_core::inference::audio::wave: Audio (wave): 44100Hz, 2ch (streaming windows)
2026-10-01T20:20:55.007157Z  INFO request{request_id=01a0f920-8bc8-7634-b527-e6287db31ebd method=POST path=/v1/transcribe}: gigastt_core::inference::engine::infer: encoder_inference elapsed_ms=147
2026-10-01T20:20:55.007224Z  INFO request{request_id=01a0f920-8bc8-7634-b527-e6287db31ebd method=POST path=/v1/transcribe}: gigastt_core::inference::engine::file_stream: transcribe complete (streaming windows) audio_s=1.09 wall_s=0.15 rtf=0.138
2026-10-01T20:20:55.013553Z  INFO request{request_id=01a0f920-8c65-765a-a1ac-fc0d0d2fa540 method=POST path=/v1/transcribe}: gigastt_core::inference::audio::wave: Audio (wave): 44100Hz, 2ch (streaming windows)
2026-10-01T20:20:55.027084Z  INFO request{request_id=01a0f920-8bac-7539-be1c-725c776dffde method=POST path=/v1/transcribe}: gigastt_core::inference::engine::infer: encoder_inference elapsed_ms=193
2026-10-01T20:20:55.027153Z  INFO request{request_id=01a0f920-8bac-7539-be1c-725c776dffde method=POST path=/v1/transcribe}: gigastt_core::inference::engine::file_stream: transcribe complete (streaming windows) audio_s=1.45 wall_s=0.20 rtf=0.137
2026-10-01T20:20:55.030195Z  INFO request{request_id=01a0f920-8c75-7574-ac80-173c15bfef66 method=POST path=/v1/transcribe}: gigastt_core::inference::audio::wave: Audio (wave): 44100Hz, 2ch (streaming windows)
2026-10-01T20:20:55.209643Z  INFO request{request_id=01a0f920-8c75-7574-ac80-173c15bfef66 method=POST path=/v1/transcribe}: gigastt_core::inference::engine::infer: encoder_inference elapsed_ms=176
2026-10-01T20:20:55.209708Z  INFO request{request_id=01a0f920-8c75-7574-ac80-173c15bfef66 method=POST path=/v1/transcribe}: gigastt_core::inference::engine::file_stream: transcribe complete (streaming windows) audio_s=1.31 wall_s=0.18 rtf=0.137
2026-10-01T20:20:55.215668Z  INFO request{request_id=01a0f920-8d2f-7673-9e91-fd76945b74e1 method=POST path=/v1/transcribe}: gigastt_core::inference::audio::wave: Audio (wave): 44100Hz, 2ch (streaming windows)
2026-10-01T20:20:55.314859Z  INFO request{request_id=01a0f920-8c65-765a-a1ac-fc0d0d2fa540 method=POST path=/v1/transcribe}: gigastt_core::inference::engine::infer: encoder_inference elapsed_ms=295
2026-10-01T20:20:55.314939Z  INFO request{request_id=01a0f920-8c65-765a-a1ac-fc0d0d2fa540 method=POST path=/v1/transcribe}: gigastt_core::inference::engine::file_stream: transcribe complete (streaming windows) audio_s=2.67 wall_s=0.30 rtf=0.113
2026-10-01T20:20:55.317844Z  INFO request{request_id=01a0f920-8d95-7768-afe3-e23595a2c57b method=POST path=/v1/transcribe}: gigastt_core::inference::audio::wave: Audio (wave): 44100Hz, 2ch (streaming windows)
2026-10-01T20:20:55.409039Z  INFO request{request_id=01a0f920-8d2f-7673-9e91-fd76945b74e1 method=POST path=/v1/transcribe}: gigastt_core::inference::engine::infer: encoder_inference elapsed_ms=190
2026-10-01T20:20:55.409101Z  INFO request{request_id=01a0f920-8d2f-7673-9e91-fd76945b74e1 method=POST path=/v1/transcribe}: gigastt_core::inference::engine::file_stream: transcribe complete (streaming windows) audio_s=1.43 wall_s=0.19 rtf=0.135
2026-10-01T20:20:55.411910Z  INFO request{request_id=01a0f920-8df3-711d-b975-e564b9dd5b75 method=POST path=/v1/transcribe}: gigastt_core::inference::audio::wave: Audio (wave): 44100Hz, 2ch (streaming windows)
2026-10-01T20:20:55.541137Z  INFO request{request_id=01a0f920-8d95-7768-afe3-e23595a2c57b method=POST path=/v1/transcribe}: gigastt_core::inference::engine::infer: encoder_inference elapsed_ms=219
2026-10-01T20:20:55.541214Z  INFO request{request_id=01a0f920-8d95-7768-afe3-e23595a2c57b method=POST path=/v1/transcribe}: gigastt_core::inference::engine::file_stream: transcribe complete (streaming windows) audio_s=1.79 wall_s=0.22 rtf=0.124
2026-10-01T20:20:55.548258Z  INFO request{request_id=01a0f920-8e7b-7163-852c-3f3b163eecbb method=POST path=/v1/transcribe}: gigastt_core::inference::audio::wave: Audio (wave): 44100Hz, 2ch (streaming windows)
2026-10-01T20:20:55.655637Z  INFO request{request_id=01a0f920-8df3-711d-b975-e564b9dd5b75 method=POST path=/v1/transcribe}: gigastt_core::inference::engine::infer: encoder_inference elapsed_ms=239
2026-10-01T20:20:55.655720Z  INFO request{request_id=01a0f920-8df3-711d-b975-e564b9dd5b75 method=POST path=/v1/transcribe}: gigastt_core::inference::engine::file_stream: transcribe complete (streaming windows) audio_s=1.95 wall_s=0.24 rtf=0.125
2026-10-01T20:20:55.661122Z  INFO request{request_id=01a0f920-8eec-7377-9ba0-38685ff0ee34 method=POST path=/v1/transcribe}: gigastt_core::inference::audio::wave: Audio (wave): 44100Hz, 2ch (streaming windows)
2026-10-01T20:20:55.832268Z  INFO request{request_id=01a0f920-8e7b-7163-852c-3f3b163eecbb method=POST path=/v1/transcribe}: gigastt_core::inference::engine::infer: encoder_inference elapsed_ms=279
2026-10-01T20:20:55.832353Z  INFO request{request_id=01a0f920-8e7b-7163-852c-3f3b163eecbb method=POST path=/v1/transcribe}: gigastt_core::inference::engine::file_stream: transcribe complete (streaming windows) audio_s=2.53 wall_s=0.28 rtf=0.112
2026-10-01T20:20:55.838290Z  INFO request{request_id=01a0f920-8f9e-77bb-a1d5-216bb773afbe method=POST path=/v1/transcribe}: gigastt_core::inference::audio::wave: Audio (wave): 44100Hz, 2ch (streaming windows)
2026-10-01T20:20:55.844922Z  INFO request{request_id=01a0f920-8eec-7377-9ba0-38685ff0ee34 method=POST path=/v1/transcribe}: gigastt_core::inference::engine::infer: encoder_inference elapsed_ms=178
2026-10-01T20:20:55.844976Z  INFO request{request_id=01a0f920-8eec-7377-9ba0-38685ff0ee34 method=POST path=/v1/transcribe}: gigastt_core::inference::engine::file_stream: transcribe complete (streaming windows) audio_s=1.43 wall_s=0.18 rtf=0.129
2026-10-01T20:20:55.849883Z  INFO request{request_id=01a0f920-8fa9-7438-9841-241bb7cb8ac9 method=POST path=/v1/transcribe}: gigastt_core::inference::audio::wave: Audio (wave): 44100Hz, 2ch (streaming windows)
2026-10-01T20:20:56.018230Z  INFO request{request_id=01a0f920-8f9e-77bb-a1d5-216bb773afbe method=POST path=/v1/transcribe}: gigastt_core::inference::engine::infer: encoder_inference elapsed_ms=174
2026-10-01T20:20:56.018309Z  INFO request{request_id=01a0f920-8f9e-77bb-a1d5-216bb773afbe method=POST path=/v1/transcribe}: gigastt_core::inference::engine::file_stream: transcribe complete (streaming windows) audio_s=1.34 wall_s=0.18 rtf=0.134
2026-10-01T20:20:56.024185Z  INFO request{request_id=01a0f920-9058-72eb-bf98-fc8195e6cac4 method=POST path=/v1/transcribe}: gigastt_core::inference::audio::wave: Audio (wave): 44100Hz, 2ch (streaming windows)
2026-10-01T20:20:56.127131Z  INFO request{request_id=01a0f920-8fa9-7438-9841-241bb7cb8ac9 method=POST path=/v1/transcribe}: gigastt_core::inference::engine::infer: encoder_inference elapsed_ms=273
2026-10-01T20:20:56.127214Z  INFO request{request_id=01a0f920-8fa9-7438-9841-241bb7cb8ac9 method=POST path=/v1/transcribe}: gigastt_core::inference::engine::file_stream: transcribe complete (streaming windows) audio_s=2.41 wall_s=0.28 rtf=0.115
2026-10-01T20:20:56.130127Z  INFO request{request_id=01a0f920-90c1-704d-bc3a-66d49142efb9 method=POST path=/v1/transcribe}: gigastt_core::inference::audio::wave: Audio (wave): 44100Hz, 2ch (streaming windows)
2026-10-01T20:20:56.240218Z  INFO request{request_id=01a0f920-9058-72eb-bf98-fc8195e6cac4 method=POST path=/v1/transcribe}: gigastt_core::inference::engine::infer: encoder_inference elapsed_ms=211
2026-10-01T20:20:56.240311Z  INFO request{request_id=01a0f920-9058-72eb-bf98-fc8195e6cac4 method=POST path=/v1/transcribe}: gigastt_core::inference::engine::file_stream: transcribe complete (streaming windows) audio_s=1.42 wall_s=0.22 rtf=0.152
2026-10-01T20:20:56.247244Z  INFO request{request_id=01a0f920-9136-75e5-9fd7-51b3d78ac260 method=POST path=/v1/transcribe}: gigastt_core::inference::audio::wave: Audio (wave): 44100Hz, 2ch (streaming windows)
2026-10-01T20:20:56.336370Z  INFO request{request_id=01a0f920-90c1-704d-bc3a-66d49142efb9 method=POST path=/v1/transcribe}: gigastt_core::inference::engine::infer: encoder_inference elapsed_ms=201
2026-10-01T20:20:56.336440Z  INFO request{request_id=01a0f920-90c1-704d-bc3a-66d49142efb9 method=POST path=/v1/transcribe}: gigastt_core::inference::engine::file_stream: transcribe complete (streaming windows) audio_s=1.21 wall_s=0.21 rtf=0.170
2026-10-01T20:20:56.339770Z  INFO request{request_id=01a0f920-9193-7692-ac5c-5323f6d96254 method=POST path=/v1/transcribe}: gigastt_core::inference::audio::wave: Audio (wave): 44100Hz, 2ch (streaming windows)
2026-10-01T20:20:56.449188Z  INFO request{request_id=01a0f920-9136-75e5-9fd7-51b3d78ac260 method=POST path=/v1/transcribe}: gigastt_core::inference::engine::infer: encoder_inference elapsed_ms=196
2026-10-01T20:20:56.449263Z  INFO request{request_id=01a0f920-9136-75e5-9fd7-51b3d78ac260 method=POST path=/v1/transcribe}: gigastt_core::inference::engine::file_stream: transcribe complete (streaming windows) audio_s=1.60 wall_s=0.20 rtf=0.126
2026-10-01T20:20:56.455239Z  INFO request{request_id=01a0f920-9207-7436-94e3-c5d0b4a7595b method=POST path=/v1/transcribe}: gigastt_core::inference::audio::wave: Audio (wave): 44100Hz, 2ch (streaming windows)
2026-10-01T20:20:56.676996Z  INFO request{request_id=01a0f920-9193-7692-ac5c-5323f6d96254 method=POST path=/v1/transcribe}: gigastt_core::inference::engine::infer: encoder_inference elapsed_ms=330
2026-10-01T20:20:56.677100Z  INFO request{request_id=01a0f920-9193-7692-ac5c-5323f6d96254 method=POST path=/v1/transcribe}: gigastt_core::inference::engine::file_stream: transcribe complete (streaming windows) audio_s=2.67 wall_s=0.34 rtf=0.126
2026-10-01T20:20:56.689544Z  INFO request{request_id=01a0f920-92f1-71f5-ab34-2d7609403f96 method=POST path=/v1/transcribe}: gigastt_core::inference::audio::wave: Audio (wave): 44100Hz, 2ch (streaming windows)
2026-10-01T20:20:56.694829Z  INFO request{request_id=01a0f920-9207-7436-94e3-c5d0b4a7595b method=POST path=/v1/transcribe}: gigastt_core::inference::engine::infer: encoder_inference elapsed_ms=236
2026-10-01T20:20:56.694918Z  INFO request{request_id=01a0f920-9207-7436-94e3-c5d0b4a7595b method=POST path=/v1/transcribe}: gigastt_core::inference::engine::file_stream: transcribe complete (streaming windows) audio_s=1.54 wall_s=0.24 rtf=0.156
2026-10-01T20:20:56.700661Z  INFO request{request_id=01a0f920-92fc-76ce-abf5-39a913d2a954 method=POST path=/v1/transcribe}: gigastt_core::inference::audio::wave: Audio (wave): 44100Hz, 2ch (streaming windows)
2026-10-01T20:20:56.865262Z  INFO request{request_id=01a0f920-92fc-76ce-abf5-39a913d2a954 method=POST path=/v1/transcribe}: gigastt_core::inference::engine::infer: encoder_inference elapsed_ms=159
2026-10-01T20:20:56.865335Z  INFO request{request_id=01a0f920-92fc-76ce-abf5-39a913d2a954 method=POST path=/v1/transcribe}: gigastt_core::inference::engine::file_stream: transcribe complete (streaming windows) audio_s=1.08 wall_s=0.16 rtf=0.152
2026-10-01T20:20:56.870234Z  INFO request{request_id=01a0f920-93a5-7502-a434-ac69cf4df145 method=POST path=/v1/transcribe}: gigastt_core::inference::audio::wave: Audio (wave): 44100Hz, 2ch (streaming windows)
2026-10-01T20:20:56.879697Z  INFO request{request_id=01a0f920-92f1-71f5-ab34-2d7609403f96 method=POST path=/v1/transcribe}: gigastt_core::inference::engine::infer: encoder_inference elapsed_ms=185
2026-10-01T20:20:56.879766Z  INFO request{request_id=01a0f920-92f1-71f5-ab34-2d7609403f96 method=POST path=/v1/transcribe}: gigastt_core::inference::engine::file_stream: transcribe complete (streaming windows) audio_s=1.30 wall_s=0.19 rtf=0.146
2026-10-01T20:20:56.883992Z  INFO request{request_id=01a0f920-93b3-72b2-ae11-1421ae1b3eef method=POST path=/v1/transcribe}: gigastt_core::inference::audio::wave: Audio (wave): 44100Hz, 2ch (streaming windows)
2026-10-01T20:20:57.102791Z  INFO request{request_id=01a0f920-93b3-72b2-ae11-1421ae1b3eef method=POST path=/v1/transcribe}: gigastt_core::inference::engine::infer: encoder_inference elapsed_ms=215
2026-10-01T20:20:57.102868Z  INFO request{request_id=01a0f920-93b3-72b2-ae11-1421ae1b3eef method=POST path=/v1/transcribe}: gigastt_core::inference::engine::file_stream: transcribe complete (streaming windows) audio_s=1.57 wall_s=0.22 rtf=0.139
2026-10-01T20:20:57.113347Z  INFO request{request_id=01a0f920-9499-77d7-8580-88b643099ece method=POST path=/v1/transcribe}: gigastt_core::inference::audio::wave: Audio (wave): 44100Hz, 2ch (streaming windows)
2026-10-01T20:20:57.132410Z  INFO request{request_id=01a0f920-93a5-7502-a434-ac69cf4df145 method=POST path=/v1/transcribe}: gigastt_core::inference::engine::infer: encoder_inference elapsed_ms=256
2026-10-01T20:20:57.132485Z  INFO request{request_id=01a0f920-93a5-7502-a434-ac69cf4df145 method=POST path=/v1/transcribe}: gigastt_core::inference::engine::file_stream: transcribe complete (streaming windows) audio_s=1.81 wall_s=0.26 rtf=0.145
2026-10-01T20:20:57.166234Z  INFO request{request_id=01a0f920-94cd-70a4-a198-4a0e8fb63ab6 method=POST path=/v1/transcribe}: gigastt_core::inference::audio::wave: Audio (wave): 44100Hz, 2ch (streaming windows)
2026-10-01T20:20:57.402705Z  INFO request{request_id=01a0f920-9499-77d7-8580-88b643099ece method=POST path=/v1/transcribe}: gigastt_core::inference::engine::infer: encoder_inference elapsed_ms=285
2026-10-01T20:20:57.402792Z  INFO request{request_id=01a0f920-9499-77d7-8580-88b643099ece method=POST path=/v1/transcribe}: gigastt_core::inference::engine::file_stream: transcribe complete (streaming windows) audio_s=1.57 wall_s=0.29 rtf=0.184
2026-10-01T20:20:57.406407Z  INFO request{request_id=01a0f920-94cd-70a4-a198-4a0e8fb63ab6 method=POST path=/v1/transcribe}: gigastt_core::inference::engine::infer: encoder_inference elapsed_ms=231
2026-10-01T20:20:57.406451Z  INFO request{request_id=01a0f920-94cd-70a4-a198-4a0e8fb63ab6 method=POST path=/v1/transcribe}: gigastt_core::inference::engine::file_stream: transcribe complete (streaming windows) audio_s=1.09 wall_s=0.24 rtf=0.220
2026-10-01T20:20:57.413979Z  INFO request{request_id=01a0f920-95c5-72b9-8ac1-b09702fba325 method=POST path=/v1/transcribe}: gigastt_core::inference::audio::wave: Audio (wave): 44100Hz, 2ch (streaming windows)
2026-10-01T20:20:57.422550Z  INFO request{request_id=01a0f920-95ce-7061-bc97-ae40a895dade method=POST path=/v1/transcribe}: gigastt_core::inference::audio::wave: Audio (wave): 44100Hz, 2ch (streaming windows)
2026-10-01T20:20:57.607282Z  INFO request{request_id=01a0f920-95c5-72b9-8ac1-b09702fba325 method=POST path=/v1/transcribe}: gigastt_core::inference::engine::infer: encoder_inference elapsed_ms=189
2026-10-01T20:20:57.607357Z  INFO request{request_id=01a0f920-95c5-72b9-8ac1-b09702fba325 method=POST path=/v1/transcribe}: gigastt_core::inference::engine::file_stream: transcribe complete (streaming windows) audio_s=1.53 wall_s=0.19 rtf=0.126
2026-10-01T20:20:57.617057Z  INFO request{request_id=01a0f920-9690-7635-aff3-8a314b9a7c01 method=POST path=/v1/transcribe}: gigastt_core::inference::audio::wave: Audio (wave): 44100Hz, 2ch (streaming windows)
2026-10-01T20:20:57.618660Z  INFO request{request_id=01a0f920-95ce-7061-bc97-ae40a895dade method=POST path=/v1/transcribe}: gigastt_core::inference::engine::infer: encoder_inference elapsed_ms=191
2026-10-01T20:20:57.618693Z  INFO request{request_id=01a0f920-95ce-7061-bc97-ae40a895dade method=POST path=/v1/transcribe}: gigastt_core::inference::engine::file_stream: transcribe complete (streaming windows) audio_s=1.36 wall_s=0.20 rtf=0.144
2026-10-01T20:20:57.627792Z  INFO request{request_id=01a0f920-969b-747c-9a7c-836f58a8a3f8 method=POST path=/v1/transcribe}: gigastt_core::inference::audio::wave: Audio (wave): 44100Hz, 2ch (streaming windows)
2026-10-01T20:20:57.771954Z  INFO request{request_id=01a0f920-969b-747c-9a7c-836f58a8a3f8 method=POST path=/v1/transcribe}: gigastt_core::inference::engine::infer: encoder_inference elapsed_ms=141
2026-10-01T20:20:57.772017Z  INFO request{request_id=01a0f920-969b-747c-9a7c-836f58a8a3f8 method=POST path=/v1/transcribe}: gigastt_core::inference::engine::file_stream: transcribe complete (streaming windows) audio_s=1.05 wall_s=0.14 rtf=0.137
2026-10-01T20:20:57.775942Z  INFO request{request_id=01a0f920-9690-7635-aff3-8a314b9a7c01 method=POST path=/v1/transcribe}: gigastt_core::inference::engine::infer: encoder_inference elapsed_ms=154
2026-10-01T20:20:57.775978Z  INFO request{request_id=01a0f920-9690-7635-aff3-8a314b9a7c01 method=POST path=/v1/transcribe}: gigastt_core::inference::engine::file_stream: transcribe complete (streaming windows) audio_s=1.20 wall_s=0.16 rtf=0.132
2026-10-01T20:20:57.782618Z  INFO request{request_id=01a0f920-9736-752e-b7fa-6c2d0bde7835 method=POST path=/v1/transcribe}: gigastt_core::inference::audio::wave: Audio (wave): 44100Hz, 2ch (streaming windows)
2026-10-01T20:20:57.799964Z  INFO request{request_id=01a0f920-9747-71d3-9c6c-7f6a12c8b5c2 method=POST path=/v1/transcribe}: gigastt_core::inference::audio::wave: Audio (wave): 44100Hz, 2ch (streaming windows)
2026-10-01T20:20:57.928504Z  INFO request{request_id=01a0f920-9736-752e-b7fa-6c2d0bde7835 method=POST path=/v1/transcribe}: gigastt_core::inference::engine::infer: encoder_inference elapsed_ms=142
2026-10-01T20:20:57.928569Z  INFO request{request_id=01a0f920-9736-752e-b7fa-6c2d0bde7835 method=POST path=/v1/transcribe}: gigastt_core::inference::engine::file_stream: transcribe complete (streaming windows) audio_s=1.03 wall_s=0.15 rtf=0.142
2026-10-01T20:20:57.935144Z  INFO request{request_id=01a0f920-97ce-71e4-91e6-9ecb7e317387 method=POST path=/v1/transcribe}: gigastt_core::inference::audio::wave: Audio (wave): 44100Hz, 2ch (streaming windows)
2026-10-01T20:20:57.983170Z  INFO request{request_id=01a0f920-9747-71d3-9c6c-7f6a12c8b5c2 method=POST path=/v1/transcribe}: gigastt_core::inference::engine::infer: encoder_inference elapsed_ms=179
2026-10-01T20:20:57.983233Z  INFO request{request_id=01a0f920-9747-71d3-9c6c-7f6a12c8b5c2 method=POST path=/v1/transcribe}: gigastt_core::inference::engine::file_stream: transcribe complete (streaming windows) audio_s=1.37 wall_s=0.18 rtf=0.134
2026-10-01T20:20:57.990274Z  INFO request{request_id=01a0f920-9805-7222-9e03-8d4ec8e7bc18 method=POST path=/v1/transcribe}: gigastt_core::inference::audio::wave: Audio (wave): 44100Hz, 2ch (streaming windows)
2026-10-01T20:20:58.140632Z  INFO request{request_id=01a0f920-97ce-71e4-91e6-9ecb7e317387 method=POST path=/v1/transcribe}: gigastt_core::inference::engine::infer: encoder_inference elapsed_ms=201
2026-10-01T20:20:58.140696Z  INFO request{request_id=01a0f920-97ce-71e4-91e6-9ecb7e317387 method=POST path=/v1/transcribe}: gigastt_core::inference::engine::file_stream: transcribe complete (streaming windows) audio_s=1.66 wall_s=0.21 rtf=0.124
2026-10-01T20:20:58.153147Z  INFO request{request_id=01a0f920-98a8-70b5-b907-23561b19f696 method=POST path=/v1/transcribe}: gigastt_core::inference::audio::wave: Audio (wave): 44100Hz, 2ch (streaming windows)
2026-10-01T20:20:58.154544Z  INFO request{request_id=01a0f920-9805-7222-9e03-8d4ec8e7bc18 method=POST path=/v1/transcribe}: gigastt_core::inference::engine::infer: encoder_inference elapsed_ms=159
2026-10-01T20:20:58.154588Z  INFO request{request_id=01a0f920-9805-7222-9e03-8d4ec8e7bc18 method=POST path=/v1/transcribe}: gigastt_core::inference::engine::file_stream: transcribe complete (streaming windows) audio_s=1.23 wall_s=0.16 rtf=0.134
2026-10-01T20:20:58.158244Z  INFO request{request_id=01a0f920-98ae-77fe-820c-3274e684d661 method=POST path=/v1/transcribe}: gigastt_core::inference::audio::wave: Audio (wave): 44100Hz, 2ch (streaming windows)
2026-10-01T20:20:58.309361Z  INFO request{request_id=01a0f920-98ae-77fe-820c-3274e684d661 method=POST path=/v1/transcribe}: gigastt_core::inference::engine::infer: encoder_inference elapsed_ms=148
2026-10-01T20:20:58.309421Z  INFO request{request_id=01a0f920-98ae-77fe-820c-3274e684d661 method=POST path=/v1/transcribe}: gigastt_core::inference::engine::file_stream: transcribe complete (streaming windows) audio_s=1.13 wall_s=0.15 rtf=0.134
2026-10-01T20:20:58.318274Z  INFO request{request_id=01a0f920-994e-71f7-adf3-c49db42b14bd method=POST path=/v1/transcribe}: gigastt_core::inference::audio::wave: Audio (wave): 44100Hz, 2ch (streaming windows)
2026-10-01T20:20:58.392843Z  INFO request{request_id=01a0f920-98a8-70b5-b907-23561b19f696 method=POST path=/v1/transcribe}: gigastt_core::inference::engine::infer: encoder_inference elapsed_ms=235
2026-10-01T20:20:58.392908Z  INFO request{request_id=01a0f920-98a8-70b5-b907-23561b19f696 method=POST path=/v1/transcribe}: gigastt_core::inference::engine::file_stream: transcribe complete (streaming windows) audio_s=2.07 wall_s=0.24 rtf=0.116
2026-10-01T20:20:58.399244Z  INFO request{request_id=01a0f920-999e-75fe-91f1-91b4b6724c67 method=POST path=/v1/transcribe}: gigastt_core::inference::audio::wave: Audio (wave): 44100Hz, 2ch (streaming windows)
2026-10-01T20:20:58.467831Z  INFO request{request_id=01a0f920-994e-71f7-adf3-c49db42b14bd method=POST path=/v1/transcribe}: gigastt_core::inference::engine::infer: encoder_inference elapsed_ms=146
2026-10-01T20:20:58.467892Z  INFO request{request_id=01a0f920-994e-71f7-adf3-c49db42b14bd method=POST path=/v1/transcribe}: gigastt_core::inference::engine::file_stream: transcribe complete (streaming windows) audio_s=1.11 wall_s=0.15 rtf=0.135
2026-10-01T20:20:58.477770Z  INFO request{request_id=01a0f920-99ed-72be-b8bd-52adf6044204 method=POST path=/v1/transcribe}: gigastt_core::inference::audio::wave: Audio (wave): 44100Hz, 2ch (streaming windows)
2026-10-01T20:20:58.648108Z  INFO request{request_id=01a0f920-99ed-72be-b8bd-52adf6044204 method=POST path=/v1/transcribe}: gigastt_core::inference::engine::infer: encoder_inference elapsed_ms=165
2026-10-01T20:20:58.648176Z  INFO request{request_id=01a0f920-99ed-72be-b8bd-52adf6044204 method=POST path=/v1/transcribe}: gigastt_core::inference::engine::file_stream: transcribe complete (streaming windows) audio_s=1.29 wall_s=0.17 rtf=0.132
2026-10-01T20:20:58.666035Z  INFO request{request_id=01a0f920-9aa9-77bd-9dbc-9037bcf9651e method=POST path=/v1/transcribe}: gigastt_core::inference::audio::wave: Audio (wave): 44100Hz, 2ch (streaming windows)
2026-10-01T20:20:58.690534Z  INFO request{request_id=01a0f920-999e-75fe-91f1-91b4b6724c67 method=POST path=/v1/transcribe}: gigastt_core::inference::engine::infer: encoder_inference elapsed_ms=287
2026-10-01T20:20:58.690611Z  INFO request{request_id=01a0f920-999e-75fe-91f1-91b4b6724c67 method=POST path=/v1/transcribe}: gigastt_core::inference::engine::file_stream: transcribe complete (streaming windows) audio_s=2.66 wall_s=0.29 rtf=0.109
2026-10-01T20:20:58.700012Z  INFO request{request_id=01a0f920-9acb-70a6-8f37-ea77c7caa38b method=POST path=/v1/transcribe}: gigastt_core::inference::audio::wave: Audio (wave): 44100Hz, 2ch (streaming windows)
2026-10-01T20:20:58.811112Z  INFO request{request_id=01a0f920-9aa9-77bd-9dbc-9037bcf9651e method=POST path=/v1/transcribe}: gigastt_core::inference::engine::infer: encoder_inference elapsed_ms=141
2026-10-01T20:20:58.811170Z  INFO request{request_id=01a0f920-9aa9-77bd-9dbc-9037bcf9651e method=POST path=/v1/transcribe}: gigastt_core::inference::engine::file_stream: transcribe complete (streaming windows) audio_s=1.01 wall_s=0.15 rtf=0.144
2026-10-01T20:20:58.822531Z  INFO request{request_id=01a0f920-9b46-76b5-8022-d0c8c6668aef method=POST path=/v1/transcribe}: gigastt_core::inference::audio::wave: Audio (wave): 44100Hz, 2ch (streaming windows)
2026-10-01T20:20:58.850815Z  INFO request{request_id=01a0f920-9acb-70a6-8f37-ea77c7caa38b method=POST path=/v1/transcribe}: gigastt_core::inference::engine::infer: encoder_inference elapsed_ms=147
2026-10-01T20:20:58.850864Z  INFO request{request_id=01a0f920-9acb-70a6-8f37-ea77c7caa38b method=POST path=/v1/transcribe}: gigastt_core::inference::engine::file_stream: transcribe complete (streaming windows) audio_s=1.15 wall_s=0.15 rtf=0.131
2026-10-01T20:20:58.856964Z  INFO request{request_id=01a0f920-9b68-7291-a3da-0d00180cfa43 method=POST path=/v1/transcribe}: gigastt_core::inference::audio::wave: Audio (wave): 44100Hz, 2ch (streaming windows)
2026-10-01T20:20:59.029135Z  INFO request{request_id=01a0f920-9b68-7291-a3da-0d00180cfa43 method=POST path=/v1/transcribe}: gigastt_core::inference::engine::infer: encoder_inference elapsed_ms=168
2026-10-01T20:20:59.029207Z  INFO request{request_id=01a0f920-9b68-7291-a3da-0d00180cfa43 method=POST path=/v1/transcribe}: gigastt_core::inference::engine::file_stream: transcribe complete (streaming windows) audio_s=1.31 wall_s=0.17 rtf=0.131
2026-10-01T20:20:59.036636Z  INFO request{request_id=01a0f920-9c1c-726b-a6de-ea910f8da5e7 method=POST path=/v1/transcribe}: gigastt_core::inference::audio::wave: Audio (wave): 44100Hz, 2ch (streaming windows)
2026-10-01T20:20:59.103819Z  INFO request{request_id=01a0f920-9b46-76b5-8022-d0c8c6668aef method=POST path=/v1/transcribe}: gigastt_core::inference::engine::infer: encoder_inference elapsed_ms=277
2026-10-01T20:20:59.103895Z  INFO request{request_id=01a0f920-9b46-76b5-8022-d0c8c6668aef method=POST path=/v1/transcribe}: gigastt_core::inference::engine::file_stream: transcribe complete (streaming windows) audio_s=2.49 wall_s=0.28 rtf=0.113
2026-10-01T20:20:59.113326Z  INFO request{request_id=01a0f920-9c69-7622-ae9b-6375e222c1ab method=POST path=/v1/transcribe}: gigastt_core::inference::audio::wave: Audio (wave): 44100Hz, 2ch (streaming windows)
2026-10-01T20:20:59.290217Z  INFO request{request_id=01a0f920-9c69-7622-ae9b-6375e222c1ab method=POST path=/v1/transcribe}: gigastt_core::inference::engine::infer: encoder_inference elapsed_ms=173
2026-10-01T20:20:59.290280Z  INFO request{request_id=01a0f920-9c69-7622-ae9b-6375e222c1ab method=POST path=/v1/transcribe}: gigastt_core::inference::engine::file_stream: transcribe complete (streaming windows) audio_s=1.32 wall_s=0.18 rtf=0.134
2026-10-01T20:20:59.307723Z  INFO request{request_id=01a0f920-9d2b-7474-a8b4-8cbb3f9063ae method=POST path=/v1/transcribe}: gigastt_core::inference::audio::wave: Audio (wave): 44100Hz, 2ch (streaming windows)
2026-10-01T20:20:59.316184Z  INFO request{request_id=01a0f920-9c1c-726b-a6de-ea910f8da5e7 method=POST path=/v1/transcribe}: gigastt_core::inference::engine::infer: encoder_inference elapsed_ms=274
2026-10-01T20:20:59.316283Z  INFO request{request_id=01a0f920-9c1c-726b-a6de-ea910f8da5e7 method=POST path=/v1/transcribe}: gigastt_core::inference::engine::file_stream: transcribe complete (streaming windows) audio_s=2.53 wall_s=0.28 rtf=0.111
2026-10-01T20:20:59.335524Z  INFO request{request_id=01a0f920-9d47-726b-b136-b3f81cd388d0 method=POST path=/v1/transcribe}: gigastt_core::inference::audio::wave: Audio (wave): 44100Hz, 2ch (streaming windows)
2026-10-01T20:20:59.459716Z  INFO request{request_id=01a0f920-9d2b-7474-a8b4-8cbb3f9063ae method=POST path=/v1/transcribe}: gigastt_core::inference::engine::infer: encoder_inference elapsed_ms=148
2026-10-01T20:20:59.459775Z  INFO request{request_id=01a0f920-9d2b-7474-a8b4-8cbb3f9063ae method=POST path=/v1/transcribe}: gigastt_core::inference::engine::file_stream: transcribe complete (streaming windows) audio_s=1.11 wall_s=0.15 rtf=0.137
2026-10-01T20:20:59.464287Z  INFO request{request_id=01a0f920-9dc7-77a2-ac0a-4aa24d56c2b1 method=POST path=/v1/transcribe}: gigastt_core::inference::audio::wave: Audio (wave): 44100Hz, 2ch (streaming windows)
2026-10-01T20:20:59.550786Z  INFO request{request_id=01a0f920-9d47-726b-b136-b3f81cd388d0 method=POST path=/v1/transcribe}: gigastt_core::inference::engine::infer: encoder_inference elapsed_ms=209
2026-10-01T20:20:59.550855Z  INFO request{request_id=01a0f920-9d47-726b-b136-b3f81cd388d0 method=POST path=/v1/transcribe}: gigastt_core::inference::engine::file_stream: transcribe complete (streaming windows) audio_s=1.78 wall_s=0.22 rtf=0.121
2026-10-01T20:20:59.554039Z  INFO request{request_id=01a0f920-9e21-71fb-a379-7efe74631e59 method=POST path=/v1/transcribe}: gigastt_core::inference::audio::wave: Audio (wave): 44100Hz, 2ch (streaming windows)
2026-10-01T20:20:59.684351Z  INFO request{request_id=01a0f920-9dc7-77a2-ac0a-4aa24d56c2b1 method=POST path=/v1/transcribe}: gigastt_core::inference::engine::infer: encoder_inference elapsed_ms=215
2026-10-01T20:20:59.684428Z  INFO request{request_id=01a0f920-9dc7-77a2-ac0a-4aa24d56c2b1 method=POST path=/v1/transcribe}: gigastt_core::inference::engine::file_stream: transcribe complete (streaming windows) audio_s=1.90 wall_s=0.22 rtf=0.116
2026-10-01T20:20:59.690536Z  INFO request{request_id=01a0f920-9eaa-77ca-97c3-8c6a0d31c8eb method=POST path=/v1/transcribe}: gigastt_core::inference::audio::wave: Audio (wave): 44100Hz, 2ch (streaming windows)
2026-10-01T20:20:59.752018Z  INFO request{request_id=01a0f920-9e21-71fb-a379-7efe74631e59 method=POST path=/v1/transcribe}: gigastt_core::inference::engine::infer: encoder_inference elapsed_ms=194
2026-10-01T20:20:59.752083Z  INFO request{request_id=01a0f920-9e21-71fb-a379-7efe74631e59 method=POST path=/v1/transcribe}: gigastt_core::inference::engine::file_stream: transcribe complete (streaming windows) audio_s=1.59 wall_s=0.20 rtf=0.125
2026-10-01T20:20:59.754896Z  INFO request{request_id=01a0f920-9eea-73b7-9297-4091ab83d617 method=POST path=/v1/transcribe}: gigastt_core::inference::audio::wave: Audio (wave): 44100Hz, 2ch (streaming windows)
2026-10-01T20:20:59.927989Z  INFO request{request_id=01a0f920-9eea-73b7-9297-4091ab83d617 method=POST path=/v1/transcribe}: gigastt_core::inference::engine::infer: encoder_inference elapsed_ms=169
2026-10-01T20:20:59.928060Z  INFO request{request_id=01a0f920-9eea-73b7-9297-4091ab83d617 method=POST path=/v1/transcribe}: gigastt_core::inference::engine::file_stream: transcribe complete (streaming windows) audio_s=1.28 wall_s=0.17 rtf=0.135
2026-10-01T20:20:59.934531Z  INFO request{request_id=01a0f920-9f9e-74eb-82de-27f3a767b475 method=POST path=/v1/transcribe}: gigastt_core::inference::audio::wave: Audio (wave): 44100Hz, 2ch (streaming windows)
2026-10-01T20:20:59.958155Z  INFO request{request_id=01a0f920-9eaa-77ca-97c3-8c6a0d31c8eb method=POST path=/v1/transcribe}: gigastt_core::inference::engine::infer: encoder_inference elapsed_ms=263
2026-10-01T20:20:59.958223Z  INFO request{request_id=01a0f920-9eaa-77ca-97c3-8c6a0d31c8eb method=POST path=/v1/transcribe}: gigastt_core::inference::engine::file_stream: transcribe complete (streaming windows) audio_s=2.36 wall_s=0.27 rtf=0.113
2026-10-01T20:20:59.961374Z  INFO request{request_id=01a0f920-9fb9-736a-9130-02c6ef8effd4 method=POST path=/v1/transcribe}: gigastt_core::inference::audio::wave: Audio (wave): 44100Hz, 2ch (streaming windows)
2026-10-01T20:21:00.158999Z  INFO request{request_id=01a0f920-9f9e-74eb-82de-27f3a767b475 method=POST path=/v1/transcribe}: gigastt_core::inference::engine::infer: encoder_inference elapsed_ms=218
2026-10-01T20:21:00.159073Z  INFO request{request_id=01a0f920-9f9e-74eb-82de-27f3a767b475 method=POST path=/v1/transcribe}: gigastt_core::inference::engine::file_stream: transcribe complete (streaming windows) audio_s=1.88 wall_s=0.22 rtf=0.119
2026-10-01T20:21:00.165871Z  INFO request{request_id=01a0f920-a085-747d-abde-f20dc3185a4e method=POST path=/v1/transcribe}: gigastt_core::inference::audio::wave: Audio (wave): 44100Hz, 2ch (streaming windows)
2026-10-01T20:21:00.203995Z  INFO request{request_id=01a0f920-9fb9-736a-9130-02c6ef8effd4 method=POST path=/v1/transcribe}: gigastt_core::inference::engine::infer: encoder_inference elapsed_ms=238
2026-10-01T20:21:00.204063Z  INFO request{request_id=01a0f920-9fb9-736a-9130-02c6ef8effd4 method=POST path=/v1/transcribe}: gigastt_core::inference::engine::file_stream: transcribe complete (streaming windows) audio_s=2.09 wall_s=0.24 rtf=0.116
2026-10-01T20:21:00.206669Z  INFO request{request_id=01a0f920-a0ae-7171-8ff9-58f9055b8959 method=POST path=/v1/transcribe}: gigastt_core::inference::audio::wave: Audio (wave): 44100Hz, 2ch (streaming windows)
2026-10-01T20:21:00.371738Z  INFO request{request_id=01a0f920-a0ae-7171-8ff9-58f9055b8959 method=POST path=/v1/transcribe}: gigastt_core::inference::engine::infer: encoder_inference elapsed_ms=161
2026-10-01T20:21:00.371804Z  INFO request{request_id=01a0f920-a0ae-7171-8ff9-58f9055b8959 method=POST path=/v1/transcribe}: gigastt_core::inference::engine::file_stream: transcribe complete (streaming windows) audio_s=1.28 wall_s=0.17 rtf=0.129
2026-10-01T20:21:00.374448Z  INFO request{request_id=01a0f920-a156-752f-a5ac-2e0800b114d5 method=POST path=/v1/transcribe}: gigastt_core::inference::audio::wave: Audio (wave): 44100Hz, 2ch (streaming windows)
2026-10-01T20:21:00.383638Z  INFO request{request_id=01a0f920-a085-747d-abde-f20dc3185a4e method=POST path=/v1/transcribe}: gigastt_core::inference::engine::infer: encoder_inference elapsed_ms=214
2026-10-01T20:21:00.383702Z  INFO request{request_id=01a0f920-a085-747d-abde-f20dc3185a4e method=POST path=/v1/transcribe}: gigastt_core::inference::engine::file_stream: transcribe complete (streaming windows) audio_s=1.93 wall_s=0.22 rtf=0.113
2026-10-01T20:21:00.387055Z  INFO request{request_id=01a0f920-a162-72c9-be0f-a969c145b17d method=POST path=/v1/transcribe}: gigastt_core::inference::audio::wave: Audio (wave): 44100Hz, 2ch (streaming windows)
2026-10-01T20:21:00.540459Z  INFO request{request_id=01a0f920-a162-72c9-be0f-a969c145b17d method=POST path=/v1/transcribe}: gigastt_core::inference::engine::infer: encoder_inference elapsed_ms=150
2026-10-01T20:21:00.540513Z  INFO request{request_id=01a0f920-a162-72c9-be0f-a969c145b17d method=POST path=/v1/transcribe}: gigastt_core::inference::engine::file_stream: transcribe complete (streaming windows) audio_s=1.16 wall_s=0.15 rtf=0.132
2026-10-01T20:21:00.546526Z  INFO request{request_id=01a0f920-a202-742b-9532-d20cd31b84b5 method=POST path=/v1/transcribe}: gigastt_core::inference::audio::wave: Audio (wave): 44100Hz, 2ch (streaming windows)
2026-10-01T20:21:00.617337Z  INFO request{request_id=01a0f920-a156-752f-a5ac-2e0800b114d5 method=POST path=/v1/transcribe}: gigastt_core::inference::engine::infer: encoder_inference elapsed_ms=238
2026-10-01T20:21:00.617404Z  INFO request{request_id=01a0f920-a156-752f-a5ac-2e0800b114d5 method=POST path=/v1/transcribe}: gigastt_core::inference::engine::file_stream: transcribe complete (streaming windows) audio_s=2.09 wall_s=0.24 rtf=0.116
2026-10-01T20:21:00.620104Z  INFO request{request_id=01a0f920-a24b-707a-b8e1-55f45a3da460 method=POST path=/v1/transcribe}: gigastt_core::inference::audio::wave: Audio (wave): 44100Hz, 2ch (streaming windows)
2026-10-01T20:21:00.710288Z  INFO request{request_id=01a0f920-a202-742b-9532-d20cd31b84b5 method=POST path=/v1/transcribe}: gigastt_core::inference::engine::infer: encoder_inference elapsed_ms=160
2026-10-01T20:21:00.710351Z  INFO request{request_id=01a0f920-a202-742b-9532-d20cd31b84b5 method=POST path=/v1/transcribe}: gigastt_core::inference::engine::file_stream: transcribe complete (streaming windows) audio_s=1.18 wall_s=0.16 rtf=0.138
2026-10-01T20:21:00.713659Z  INFO request{request_id=01a0f920-a2a9-720d-903a-0bb57c348c3e method=POST path=/v1/transcribe}: gigastt_core::inference::audio::wave: Audio (wave): 44100Hz, 2ch (streaming windows)
2026-10-01T20:21:00.796256Z  INFO request{request_id=01a0f920-a24b-707a-b8e1-55f45a3da460 method=POST path=/v1/transcribe}: gigastt_core::inference::engine::infer: encoder_inference elapsed_ms=172
2026-10-01T20:21:00.796320Z  INFO request{request_id=01a0f920-a24b-707a-b8e1-55f45a3da460 method=POST path=/v1/transcribe}: gigastt_core::inference::engine::file_stream: transcribe complete (streaming windows) audio_s=1.29 wall_s=0.18 rtf=0.137
2026-10-01T20:21:00.798942Z  INFO request{request_id=01a0f920-a2fe-72d0-9ad0-4d8f9c094fa9 method=POST path=/v1/transcribe}: gigastt_core::inference::audio::wave: Audio (wave): 44100Hz, 2ch (streaming windows)
2026-10-01T20:21:00.891495Z  INFO request{request_id=01a0f920-a2a9-720d-903a-0bb57c348c3e method=POST path=/v1/transcribe}: gigastt_core::inference::engine::infer: encoder_inference elapsed_ms=174
2026-10-01T20:21:00.891559Z  INFO request{request_id=01a0f920-a2a9-720d-903a-0bb57c348c3e method=POST path=/v1/transcribe}: gigastt_core::inference::engine::file_stream: transcribe complete (streaming windows) audio_s=1.38 wall_s=0.18 rtf=0.129
2026-10-01T20:21:00.895073Z  INFO request{request_id=01a0f920-a35e-7238-8d10-7a2c2d6010bf method=POST path=/v1/transcribe}: gigastt_core::inference::audio::wave: Audio (wave): 44100Hz, 2ch (streaming windows)
2026-10-01T20:21:00.940140Z  INFO request{request_id=01a0f920-a2fe-72d0-9ad0-4d8f9c094fa9 method=POST path=/v1/transcribe}: gigastt_core::inference::engine::infer: encoder_inference elapsed_ms=138
2026-10-01T20:21:00.940199Z  INFO request{request_id=01a0f920-a2fe-72d0-9ad0-4d8f9c094fa9 method=POST path=/v1/transcribe}: gigastt_core::inference::engine::file_stream: transcribe complete (streaming windows) audio_s=1.01 wall_s=0.14 rtf=0.139
2026-10-01T20:21:00.942599Z  INFO request{request_id=01a0f920-a38e-775b-aaf2-825a56f0b99b method=POST path=/v1/transcribe}: gigastt_core::inference::audio::wave: Audio (wave): 44100Hz, 2ch (streaming windows)
2026-10-01T20:21:01.098409Z  INFO request{request_id=01a0f920-a35e-7238-8d10-7a2c2d6010bf method=POST path=/v1/transcribe}: gigastt_core::inference::engine::infer: encoder_inference elapsed_ms=199
2026-10-01T20:21:01.098472Z  INFO request{request_id=01a0f920-a35e-7238-8d10-7a2c2d6010bf method=POST path=/v1/transcribe}: gigastt_core::inference::engine::file_stream: transcribe complete (streaming windows) audio_s=1.91 wall_s=0.20 rtf=0.106
2026-10-01T20:21:01.103903Z  INFO request{request_id=01a0f920-a42f-70bc-b117-3781f05fa921 method=POST path=/v1/transcribe}: gigastt_core::inference::audio::wave: Audio (wave): 44100Hz, 2ch (streaming windows)
2026-10-01T20:21:01.170189Z  INFO request{request_id=01a0f920-a38e-775b-aaf2-825a56f0b99b method=POST path=/v1/transcribe}: gigastt_core::inference::engine::infer: encoder_inference elapsed_ms=223
2026-10-01T20:21:01.170257Z  INFO request{request_id=01a0f920-a38e-775b-aaf2-825a56f0b99b method=POST path=/v1/transcribe}: gigastt_core::inference::engine::file_stream: transcribe complete (streaming windows) audio_s=2.07 wall_s=0.23 rtf=0.110
2026-10-01T20:21:01.172743Z  INFO request{request_id=01a0f920-a474-777e-85e8-73f0a39374a1 method=POST path=/v1/transcribe}: gigastt_core::inference::audio::wave: Audio (wave): 44100Hz, 2ch (streaming windows)
2026-10-01T20:21:01.244459Z  INFO request{request_id=01a0f920-a42f-70bc-b117-3781f05fa921 method=POST path=/v1/transcribe}: gigastt_core::inference::engine::infer: encoder_inference elapsed_ms=137
2026-10-01T20:21:01.244522Z  INFO request{request_id=01a0f920-a42f-70bc-b117-3781f05fa921 method=POST path=/v1/transcribe}: gigastt_core::inference::engine::file_stream: transcribe complete (streaming windows) audio_s=1.13 wall_s=0.14 rtf=0.124
2026-10-01T20:21:01.246946Z  INFO request{request_id=01a0f920-a4be-713a-82f6-f30133e725ab method=POST path=/v1/transcribe}: gigastt_core::inference::audio::wave: Audio (wave): 44100Hz, 2ch (streaming windows)
2026-10-01T20:21:01.327099Z  INFO request{request_id=01a0f920-a474-777e-85e8-73f0a39374a1 method=POST path=/v1/transcribe}: gigastt_core::inference::engine::infer: encoder_inference elapsed_ms=150
2026-10-01T20:21:01.327164Z  INFO request{request_id=01a0f920-a474-777e-85e8-73f0a39374a1 method=POST path=/v1/transcribe}: gigastt_core::inference::engine::file_stream: transcribe complete (streaming windows) audio_s=1.16 wall_s=0.15 rtf=0.133
2026-10-01T20:21:01.329886Z  INFO request{request_id=01a0f920-a511-741e-ae3e-e571a6330e76 method=POST path=/v1/transcribe}: gigastt_core::inference::audio::wave: Audio (wave): 44100Hz, 2ch (streaming windows)
2026-10-01T20:21:01.442189Z  INFO request{request_id=01a0f920-a4be-713a-82f6-f30133e725ab method=POST path=/v1/transcribe}: gigastt_core::inference::engine::infer: encoder_inference elapsed_ms=191
2026-10-01T20:21:01.442261Z  INFO request{request_id=01a0f920-a4be-713a-82f6-f30133e725ab method=POST path=/v1/transcribe}: gigastt_core::inference::engine::file_stream: transcribe complete (streaming windows) audio_s=1.48 wall_s=0.20 rtf=0.132
2026-10-01T20:21:01.445229Z  INFO request{request_id=01a0f920-a585-74ec-85aa-ace3d13c6083 method=POST path=/v1/transcribe}: gigastt_core::inference::audio::wave: Audio (wave): 44100Hz, 2ch (streaming windows)
2026-10-01T20:21:01.554227Z  INFO request{request_id=01a0f920-a511-741e-ae3e-e571a6330e76 method=POST path=/v1/transcribe}: gigastt_core::inference::engine::infer: encoder_inference elapsed_ms=220
2026-10-01T20:21:01.554306Z  INFO request{request_id=01a0f920-a511-741e-ae3e-e571a6330e76 method=POST path=/v1/transcribe}: gigastt_core::inference::engine::file_stream: transcribe complete (streaming windows) audio_s=1.85 wall_s=0.22 rtf=0.121
2026-10-01T20:21:01.557035Z  INFO request{request_id=01a0f920-a5f4-7070-9361-71987317a95d method=POST path=/v1/transcribe}: gigastt_core::inference::audio::wave: Audio (wave): 44100Hz, 2ch (streaming windows)
2026-10-01T20:21:01.593031Z  INFO request{request_id=01a0f920-a585-74ec-85aa-ace3d13c6083 method=POST path=/v1/transcribe}: gigastt_core::inference::engine::infer: encoder_inference elapsed_ms=144
2026-10-01T20:21:01.593092Z  INFO request{request_id=01a0f920-a585-74ec-85aa-ace3d13c6083 method=POST path=/v1/transcribe}: gigastt_core::inference::engine::file_stream: transcribe complete (streaming windows) audio_s=1.10 wall_s=0.15 rtf=0.134
2026-10-01T20:21:01.595445Z  INFO request{request_id=01a0f920-a61b-77c3-a1a4-32143f02a527 method=POST path=/v1/transcribe}: gigastt_core::inference::audio::wave: Audio (wave): 44100Hz, 2ch (streaming windows)
2026-10-01T20:21:01.742103Z  INFO request{request_id=01a0f920-a61b-77c3-a1a4-32143f02a527 method=POST path=/v1/transcribe}: gigastt_core::inference::engine::infer: encoder_inference elapsed_ms=143
2026-10-01T20:21:01.742167Z  INFO request{request_id=01a0f920-a61b-77c3-a1a4-32143f02a527 method=POST path=/v1/transcribe}: gigastt_core::inference::engine::file_stream: transcribe complete (streaming windows) audio_s=1.19 wall_s=0.15 rtf=0.123
2026-10-01T20:21:01.744982Z  INFO request{request_id=01a0f920-a6b0-704f-b284-defc1c5f65a9 method=POST path=/v1/transcribe}: gigastt_core::inference::audio::wave: Audio (wave): 44100Hz, 2ch (streaming windows)
2026-10-01T20:21:01.803769Z  INFO request{request_id=01a0f920-a5f4-7070-9361-71987317a95d method=POST path=/v1/transcribe}: gigastt_core::inference::engine::infer: encoder_inference elapsed_ms=240
2026-10-01T20:21:01.803838Z  INFO request{request_id=01a0f920-a5f4-7070-9361-71987317a95d method=POST path=/v1/transcribe}: gigastt_core::inference::engine::file_stream: transcribe complete (streaming windows) audio_s=2.17 wall_s=0.25 rtf=0.114
2026-10-01T20:21:01.806539Z  INFO request{request_id=01a0f920-a6ee-725c-8c50-289d29c9f094 method=POST path=/v1/transcribe}: gigastt_core::inference::audio::wave: Audio (wave): 44100Hz, 2ch (streaming windows)
2026-10-01T20:21:01.913003Z  INFO request{request_id=01a0f920-a6b0-704f-b284-defc1c5f65a9 method=POST path=/v1/transcribe}: gigastt_core::inference::engine::infer: encoder_inference elapsed_ms=164
2026-10-01T20:21:01.913062Z  INFO request{request_id=01a0f920-a6b0-704f-b284-defc1c5f65a9 method=POST path=/v1/transcribe}: gigastt_core::inference::engine::file_stream: transcribe complete (streaming windows) audio_s=1.44 wall_s=0.17 rtf=0.117
2026-10-01T20:21:01.919540Z  INFO request{request_id=01a0f920-a75f-77a1-8e3d-0bec9b468ecf method=POST path=/v1/transcribe}: gigastt_core::inference::audio::wave: Audio (wave): 44100Hz, 2ch (streaming windows)
2026-10-01T20:21:01.971047Z  INFO request{request_id=01a0f920-a6ee-725c-8c50-289d29c9f094 method=POST path=/v1/transcribe}: gigastt_core::inference::engine::infer: encoder_inference elapsed_ms=160
2026-10-01T20:21:01.971109Z  INFO request{request_id=01a0f920-a6ee-725c-8c50-289d29c9f094 method=POST path=/v1/transcribe}: gigastt_core::inference::engine::file_stream: transcribe complete (streaming windows) audio_s=1.55 wall_s=0.16 rtf=0.106
2026-10-01T20:21:01.973643Z  INFO request{request_id=01a0f920-a795-7720-b608-eff44e65d16a method=POST path=/v1/transcribe}: gigastt_core::inference::audio::wave: Audio (wave): 44100Hz, 2ch (streaming windows)
2026-10-01T20:21:02.119566Z  INFO request{request_id=01a0f920-a75f-77a1-8e3d-0bec9b468ecf method=POST path=/v1/transcribe}: gigastt_core::inference::engine::infer: encoder_inference elapsed_ms=195
2026-10-01T20:21:02.119642Z  INFO request{request_id=01a0f920-a75f-77a1-8e3d-0bec9b468ecf method=POST path=/v1/transcribe}: gigastt_core::inference::engine::file_stream: transcribe complete (streaming windows) audio_s=1.52 wall_s=0.20 rtf=0.132
2026-10-01T20:21:02.125997Z  INFO request{request_id=01a0f920-a82d-722b-bf78-0678e848d0ec method=POST path=/v1/transcribe}: gigastt_core::inference::audio::wave: Audio (wave): 44100Hz, 2ch (streaming windows)
2026-10-01T20:21:02.169896Z  INFO request{request_id=01a0f920-a795-7720-b608-eff44e65d16a method=POST path=/v1/transcribe}: gigastt_core::inference::engine::infer: encoder_inference elapsed_ms=192
2026-10-01T20:21:02.169960Z  INFO request{request_id=01a0f920-a795-7720-b608-eff44e65d16a method=POST path=/v1/transcribe}: gigastt_core::inference::engine::file_stream: transcribe complete (streaming windows) audio_s=1.56 wall_s=0.20 rtf=0.126
2026-10-01T20:21:02.172395Z  INFO request{request_id=01a0f920-a85c-71e4-94e6-15dea72a6d53 method=POST path=/v1/transcribe}: gigastt_core::inference::audio::wave: Audio (wave): 44100Hz, 2ch (streaming windows)
2026-10-01T20:21:02.327259Z  INFO request{request_id=01a0f920-a85c-71e4-94e6-15dea72a6d53 method=POST path=/v1/transcribe}: gigastt_core::inference::engine::infer: encoder_inference elapsed_ms=151
2026-10-01T20:21:02.327325Z  INFO request{request_id=01a0f920-a85c-71e4-94e6-15dea72a6d53 method=POST path=/v1/transcribe}: gigastt_core::inference::engine::file_stream: transcribe complete (streaming windows) audio_s=1.22 wall_s=0.15 rtf=0.127
2026-10-01T20:21:02.333101Z  INFO request{request_id=01a0f920-a8fc-747c-8e95-1ffa01f76647 method=POST path=/v1/transcribe}: gigastt_core::inference::audio::wave: Audio (wave): 44100Hz, 2ch (streaming windows)
2026-10-01T20:21:02.334129Z  INFO request{request_id=01a0f920-a82d-722b-bf78-0678e848d0ec method=POST path=/v1/transcribe}: gigastt_core::inference::engine::infer: encoder_inference elapsed_ms=204
2026-10-01T20:21:02.334172Z  INFO request{request_id=01a0f920-a82d-722b-bf78-0678e848d0ec method=POST path=/v1/transcribe}: gigastt_core::inference::engine::file_stream: transcribe complete (streaming windows) audio_s=1.69 wall_s=0.21 rtf=0.123
2026-10-01T20:21:02.336179Z  INFO request{request_id=01a0f920-a900-7100-a094-b94fd580102e method=POST path=/v1/transcribe}: gigastt_core::inference::audio::wave: Audio (wave): 44100Hz, 2ch (streaming windows)
2026-10-01T20:21:02.475767Z  INFO request{request_id=01a0f920-a900-7100-a094-b94fd580102e method=POST path=/v1/transcribe}: gigastt_core::inference::engine::infer: encoder_inference elapsed_ms=136
2026-10-01T20:21:02.475828Z  INFO request{request_id=01a0f920-a900-7100-a094-b94fd580102e method=POST path=/v1/transcribe}: gigastt_core::inference::engine::file_stream: transcribe complete (streaming windows) audio_s=1.06 wall_s=0.14 rtf=0.132
2026-10-01T20:21:02.481817Z  INFO request{request_id=01a0f920-a991-7284-9c30-a5824da8d734 method=POST path=/v1/transcribe}: gigastt_core::inference::audio::wave: Audio (wave): 44100Hz, 2ch (streaming windows)
2026-10-01T20:21:02.580810Z  INFO request{request_id=01a0f920-a8fc-747c-8e95-1ffa01f76647 method=POST path=/v1/transcribe}: gigastt_core::inference::engine::infer: encoder_inference elapsed_ms=243
2026-10-01T20:21:02.580885Z  INFO request{request_id=01a0f920-a8fc-747c-8e95-1ffa01f76647 method=POST path=/v1/transcribe}: gigastt_core::inference::engine::file_stream: transcribe complete (streaming windows) audio_s=2.60 wall_s=0.25 rtf=0.095
2026-10-01T20:21:02.583341Z  INFO request{request_id=01a0f920-a9f7-7630-8b0f-a0e3caa80441 method=POST path=/v1/transcribe}: gigastt_core::inference::audio::wave: Audio (wave): 44100Hz, 2ch (streaming windows)
2026-10-01T20:21:02.689903Z  INFO request{request_id=01a0f920-a991-7284-9c30-a5824da8d734 method=POST path=/v1/transcribe}: gigastt_core::inference::engine::infer: encoder_inference elapsed_ms=203
2026-10-01T20:21:02.689972Z  INFO request{request_id=01a0f920-a991-7284-9c30-a5824da8d734 method=POST path=/v1/transcribe}: gigastt_core::inference::engine::file_stream: transcribe complete (streaming windows) audio_s=2.41 wall_s=0.21 rtf=0.086
2026-10-01T20:21:02.696903Z  INFO request{request_id=01a0f920-aa68-7607-a2a2-a7f675c134f5 method=POST path=/v1/transcribe}: gigastt_core::inference::audio::wave: Audio (wave): 44100Hz, 2ch (streaming windows)
2026-10-01T20:21:02.766613Z  INFO request{request_id=01a0f920-a9f7-7630-8b0f-a0e3caa80441 method=POST path=/v1/transcribe}: gigastt_core::inference::engine::infer: encoder_inference elapsed_ms=178
2026-10-01T20:21:02.766686Z  INFO request{request_id=01a0f920-a9f7-7630-8b0f-a0e3caa80441 method=POST path=/v1/transcribe}: gigastt_core::inference::engine::file_stream: transcribe complete (streaming windows) audio_s=1.39 wall_s=0.18 rtf=0.132
2026-10-01T20:21:02.781774Z  INFO request{request_id=01a0f920-aabd-75eb-9729-81b48191ad8f method=POST path=/v1/transcribe}: gigastt_core::inference::audio::wave: Audio (wave): 44100Hz, 2ch (streaming windows)
2026-10-01T20:21:02.849609Z  INFO request{request_id=01a0f920-aa68-7607-a2a2-a7f675c134f5 method=POST path=/v1/transcribe}: gigastt_core::inference::engine::infer: encoder_inference elapsed_ms=149
2026-10-01T20:21:02.849675Z  INFO request{request_id=01a0f920-aa68-7607-a2a2-a7f675c134f5 method=POST path=/v1/transcribe}: gigastt_core::inference::engine::file_stream: transcribe complete (streaming windows) audio_s=1.73 wall_s=0.15 rtf=0.088
2026-10-01T20:21:02.853540Z  INFO request{request_id=01a0f920-ab05-757c-8e06-480cc6cd861f method=POST path=/v1/transcribe}: gigastt_core::inference::audio::wave: Audio (wave): 44100Hz, 2ch (streaming windows)
2026-10-01T20:21:02.979423Z  INFO request{request_id=01a0f920-aabd-75eb-9729-81b48191ad8f method=POST path=/v1/transcribe}: gigastt_core::inference::engine::infer: encoder_inference elapsed_ms=194
2026-10-01T20:21:02.979487Z  INFO request{request_id=01a0f920-aabd-75eb-9729-81b48191ad8f method=POST path=/v1/transcribe}: gigastt_core::inference::engine::file_stream: transcribe complete (streaming windows) audio_s=1.60 wall_s=0.20 rtf=0.124
2026-10-01T20:21:02.985737Z  INFO request{request_id=01a0f920-ab89-707a-aa11-2cd5d7764c5c method=POST path=/v1/transcribe}: gigastt_core::inference::audio::wave: Audio (wave): 44100Hz, 2ch (streaming windows)
2026-10-01T20:21:03.102398Z  INFO request{request_id=01a0f920-ab05-757c-8e06-480cc6cd861f method=POST path=/v1/transcribe}: gigastt_core::inference::engine::infer: encoder_inference elapsed_ms=245
2026-10-01T20:21:03.102465Z  INFO request{request_id=01a0f920-ab05-757c-8e06-480cc6cd861f method=POST path=/v1/transcribe}: gigastt_core::inference::engine::file_stream: transcribe complete (streaming windows) audio_s=2.28 wall_s=0.25 rtf=0.109
2026-10-01T20:21:03.110928Z  INFO request{request_id=01a0f920-ac06-7273-966c-2a42d15692d6 method=POST path=/v1/transcribe}: gigastt_core::inference::audio::wave: Audio (wave): 44100Hz, 2ch (streaming windows)
2026-10-01T20:21:03.166219Z  INFO request{request_id=01a0f920-ab89-707a-aa11-2cd5d7764c5c method=POST path=/v1/transcribe}: gigastt_core::inference::engine::infer: encoder_inference elapsed_ms=177
2026-10-01T20:21:03.166279Z  INFO request{request_id=01a0f920-ab89-707a-aa11-2cd5d7764c5c method=POST path=/v1/transcribe}: gigastt_core::inference::engine::file_stream: transcribe complete (streaming windows) audio_s=1.51 wall_s=0.18 rtf=0.120
2026-10-01T20:21:03.169874Z  INFO request{request_id=01a0f920-ac41-7215-9c84-d018c147f256 method=POST path=/v1/transcribe}: gigastt_core::inference::audio::wave: Audio (wave): 44100Hz, 2ch (streaming windows)
2026-10-01T20:21:03.410935Z  INFO request{request_id=01a0f920-ac41-7215-9c84-d018c147f256 method=POST path=/v1/transcribe}: gigastt_core::inference::engine::infer: encoder_inference elapsed_ms=237
2026-10-01T20:21:03.411013Z  INFO request{request_id=01a0f920-ac41-7215-9c84-d018c147f256 method=POST path=/v1/transcribe}: gigastt_core::inference::engine::file_stream: transcribe complete (streaming windows) audio_s=2.31 wall_s=0.24 rtf=0.104
2026-10-01T20:21:03.430879Z  INFO request{request_id=01a0f920-ad46-7506-8bac-dc77946bb9fd method=POST path=/v1/transcribe}: gigastt_core::inference::audio::wave: Audio (wave): 44100Hz, 2ch (streaming windows)
2026-10-01T20:21:03.433106Z  INFO request{request_id=01a0f920-ac06-7273-966c-2a42d15692d6 method=POST path=/v1/transcribe}: gigastt_core::inference::engine::infer: encoder_inference elapsed_ms=317
2026-10-01T20:21:03.433187Z  INFO request{request_id=01a0f920-ac06-7273-966c-2a42d15692d6 method=POST path=/v1/transcribe}: gigastt_core::inference::engine::file_stream: transcribe complete (streaming windows) audio_s=3.06 wall_s=0.32 rtf=0.105
2026-10-01T20:21:03.443214Z  INFO request{request_id=01a0f920-ad53-751a-8754-eb1e7560aaad method=POST path=/v1/transcribe}: gigastt_core::inference::audio::wave: Audio (wave): 44100Hz, 2ch (streaming windows)
2026-10-01T20:21:03.620350Z  INFO request{request_id=01a0f920-ad53-751a-8754-eb1e7560aaad method=POST path=/v1/transcribe}: gigastt_core::inference::engine::infer: encoder_inference elapsed_ms=173
2026-10-01T20:21:03.620410Z  INFO request{request_id=01a0f920-ad53-751a-8754-eb1e7560aaad method=POST path=/v1/transcribe}: gigastt_core::inference::engine::file_stream: transcribe complete (streaming windows) audio_s=1.42 wall_s=0.18 rtf=0.125
2026-10-01T20:21:03.626193Z  INFO request{request_id=01a0f920-ae0a-701a-8a85-d3e7230f384b method=POST path=/v1/transcribe}: gigastt_core::inference::audio::wave: Audio (wave): 44100Hz, 2ch (streaming windows)
2026-10-01T20:21:03.703401Z  INFO request{request_id=01a0f920-ad46-7506-8bac-dc77946bb9fd method=POST path=/v1/transcribe}: gigastt_core::inference::engine::infer: encoder_inference elapsed_ms=267
2026-10-01T20:21:03.703472Z  INFO request{request_id=01a0f920-ad46-7506-8bac-dc77946bb9fd method=POST path=/v1/transcribe}: gigastt_core::inference::engine::file_stream: transcribe complete (streaming windows) audio_s=2.54 wall_s=0.27 rtf=0.107
2026-10-01T20:21:03.717717Z  INFO request{request_id=01a0f920-ae65-770b-bfea-e22f51269737 method=POST path=/v1/transcribe}: gigastt_core::inference::audio::wave: Audio (wave): 44100Hz, 2ch (streaming windows)
2026-10-01T20:21:03.783600Z  INFO request{request_id=01a0f920-ae0a-701a-8a85-d3e7230f384b method=POST path=/v1/transcribe}: gigastt_core::inference::engine::infer: encoder_inference elapsed_ms=154
2026-10-01T20:21:03.783672Z  INFO request{request_id=01a0f920-ae0a-701a-8a85-d3e7230f384b method=POST path=/v1/transcribe}: gigastt_core::inference::engine::file_stream: transcribe complete (streaming windows) audio_s=1.08 wall_s=0.16 rtf=0.146
2026-10-01T20:21:03.790595Z  INFO request{request_id=01a0f920-aeae-743a-923b-ea3eda7bd208 method=POST path=/v1/transcribe}: gigastt_core::inference::audio::wave: Audio (wave): 44100Hz, 2ch (streaming windows)
2026-10-01T20:21:03.959361Z  INFO request{request_id=01a0f920-aeae-743a-923b-ea3eda7bd208 method=POST path=/v1/transcribe}: gigastt_core::inference::engine::infer: encoder_inference elapsed_ms=164
2026-10-01T20:21:03.959429Z  INFO request{request_id=01a0f920-aeae-743a-923b-ea3eda7bd208 method=POST path=/v1/transcribe}: gigastt_core::inference::engine::file_stream: transcribe complete (streaming windows) audio_s=1.22 wall_s=0.17 rtf=0.138
2026-10-01T20:21:03.965360Z  INFO request{request_id=01a0f920-ae65-770b-bfea-e22f51269737 method=POST path=/v1/transcribe}: gigastt_core::inference::engine::infer: encoder_inference elapsed_ms=242
2026-10-01T20:21:03.965366Z  INFO request{request_id=01a0f920-af5c-7050-8655-b3d76bf633a2 method=POST path=/v1/transcribe}: gigastt_core::inference::audio::wave: Audio (wave): 44100Hz, 2ch (streaming windows)
2026-10-01T20:21:03.965438Z  INFO request{request_id=01a0f920-ae65-770b-bfea-e22f51269737 method=POST path=/v1/transcribe}: gigastt_core::inference::engine::file_stream: transcribe complete (streaming windows) audio_s=2.05 wall_s=0.25 rtf=0.121
2026-10-01T20:21:03.980084Z  INFO request{request_id=01a0f920-af6b-7581-8de7-5f544b45dc09 method=POST path=/v1/transcribe}: gigastt_core::inference::audio::wave: Audio (wave): 44100Hz, 2ch (streaming windows)
2026-10-01T20:21:04.122820Z  INFO request{request_id=01a0f920-af5c-7050-8655-b3d76bf633a2 method=POST path=/v1/transcribe}: gigastt_core::inference::engine::infer: encoder_inference elapsed_ms=152
2026-10-01T20:21:04.122884Z  INFO request{request_id=01a0f920-af5c-7050-8655-b3d76bf633a2 method=POST path=/v1/transcribe}: gigastt_core::inference::engine::file_stream: transcribe complete (streaming windows) audio_s=1.22 wall_s=0.16 rtf=0.129
2026-10-01T20:21:04.129294Z  INFO request{request_id=01a0f920-b001-72de-a775-a981f8ba7830 method=POST path=/v1/transcribe}: gigastt_core::inference::audio::wave: Audio (wave): 44100Hz, 2ch (streaming windows)
2026-10-01T20:21:04.223990Z  INFO request{request_id=01a0f920-af6b-7581-8de7-5f544b45dc09 method=POST path=/v1/transcribe}: gigastt_core::inference::engine::infer: encoder_inference elapsed_ms=238
2026-10-01T20:21:04.224060Z  INFO request{request_id=01a0f920-af6b-7581-8de7-5f544b45dc09 method=POST path=/v1/transcribe}: gigastt_core::inference::engine::file_stream: transcribe complete (streaming windows) audio_s=2.05 wall_s=0.24 rtf=0.119
2026-10-01T20:21:04.240547Z  INFO request{request_id=01a0f920-b070-7280-b4b4-c71a4a0e5600 method=POST path=/v1/transcribe}: gigastt_core::inference::audio::wave: Audio (wave): 44100Hz, 2ch (streaming windows)
2026-10-01T20:21:04.322955Z  INFO request{request_id=01a0f920-b001-72de-a775-a981f8ba7830 method=POST path=/v1/transcribe}: gigastt_core::inference::engine::infer: encoder_inference elapsed_ms=190
2026-10-01T20:21:04.323011Z  INFO request{request_id=01a0f920-b001-72de-a775-a981f8ba7830 method=POST path=/v1/transcribe}: gigastt_core::inference::engine::file_stream: transcribe complete (streaming windows) audio_s=1.57 wall_s=0.19 rtf=0.123
2026-10-01T20:21:04.333611Z  INFO request{request_id=01a0f920-b0cd-743b-bb99-972340dfa7d7 method=POST path=/v1/transcribe}: gigastt_core::inference::audio::wave: Audio (wave): 44100Hz, 2ch (streaming windows)
2026-10-01T20:21:04.480383Z  INFO request{request_id=01a0f920-b0cd-743b-bb99-972340dfa7d7 method=POST path=/v1/transcribe}: gigastt_core::inference::engine::infer: encoder_inference elapsed_ms=143
2026-10-01T20:21:04.480446Z  INFO request{request_id=01a0f920-b0cd-743b-bb99-972340dfa7d7 method=POST path=/v1/transcribe}: gigastt_core::inference::engine::file_stream: transcribe complete (streaming windows) audio_s=1.05 wall_s=0.15 rtf=0.140
2026-10-01T20:21:04.522380Z  INFO request{request_id=01a0f920-b070-7280-b4b4-c71a4a0e5600 method=POST path=/v1/transcribe}: gigastt_core::inference::engine::infer: encoder_inference elapsed_ms=278
2026-10-01T20:21:04.522458Z  INFO request{request_id=01a0f920-b070-7280-b4b4-c71a4a0e5600 method=POST path=/v1/transcribe}: gigastt_core::inference::engine::file_stream: transcribe complete (streaming windows) audio_s=2.41 wall_s=0.28 rtf=0.117
2026-10-01T20:21:04.769945Z  INFO request{request_id=01a0f920-b281-70fb-82d9-3408259ec711 method=POST path=/v1/transcribe}: gigastt_core::inference::audio::wave: Audio (wave): 44100Hz, 2ch (streaming windows)
2026-10-01T20:21:04.773810Z  INFO request{request_id=01a0f920-b285-729d-9c70-4ae74f7bc272 method=POST path=/v1/transcribe}: gigastt_core::inference::audio::wave: Audio (wave): 44100Hz, 2ch (streaming windows)
2026-10-01T20:21:04.951426Z  INFO request{request_id=01a0f920-b281-70fb-82d9-3408259ec711 method=POST path=/v1/transcribe}: gigastt_core::inference::engine::infer: encoder_inference elapsed_ms=177
2026-10-01T20:21:04.951485Z  INFO request{request_id=01a0f920-b281-70fb-82d9-3408259ec711 method=POST path=/v1/transcribe}: gigastt_core::inference::engine::file_stream: transcribe complete (streaming windows) audio_s=1.40 wall_s=0.18 rtf=0.130
2026-10-01T20:21:04.954115Z  INFO request{request_id=01a0f920-b339-76ef-aa3a-c96975182eaa method=POST path=/v1/transcribe}: gigastt_core::inference::audio::wave: Audio (wave): 44100Hz, 2ch (streaming windows)
2026-10-01T20:21:04.965977Z  INFO request{request_id=01a0f920-b285-729d-9c70-4ae74f7bc272 method=POST path=/v1/transcribe}: gigastt_core::inference::engine::infer: encoder_inference elapsed_ms=188
2026-10-01T20:21:04.966039Z  INFO request{request_id=01a0f920-b285-729d-9c70-4ae74f7bc272 method=POST path=/v1/transcribe}: gigastt_core::inference::engine::file_stream: transcribe complete (streaming windows) audio_s=1.47 wall_s=0.19 rtf=0.131
2026-10-01T20:21:04.968583Z  INFO request{request_id=01a0f920-b348-73c8-96ff-7ece6d2fa47d method=POST path=/v1/transcribe}: gigastt_core::inference::audio::wave: Audio (wave): 44100Hz, 2ch (streaming windows)
2026-10-01T20:21:05.186685Z  INFO request{request_id=01a0f920-b348-73c8-96ff-7ece6d2fa47d method=POST path=/v1/transcribe}: gigastt_core::inference::engine::infer: encoder_inference elapsed_ms=215
2026-10-01T20:21:05.186763Z  INFO request{request_id=01a0f920-b348-73c8-96ff-7ece6d2fa47d method=POST path=/v1/transcribe}: gigastt_core::inference::engine::file_stream: transcribe complete (streaming windows) audio_s=1.12 wall_s=0.22 rtf=0.195
2026-10-01T20:21:05.197396Z  INFO request{request_id=01a0f920-b42c-7768-83c1-ef65401cbabf method=POST path=/v1/transcribe}: gigastt_core::inference::audio::wave: Audio (wave): 44100Hz, 2ch (streaming windows)
2026-10-01T20:21:05.247302Z  INFO request{request_id=01a0f920-b339-76ef-aa3a-c96975182eaa method=POST path=/v1/transcribe}: gigastt_core::inference::engine::infer: encoder_inference elapsed_ms=289
2026-10-01T20:21:05.247433Z  INFO request{request_id=01a0f920-b339-76ef-aa3a-c96975182eaa method=POST path=/v1/transcribe}: gigastt_core::inference::engine::file_stream: transcribe complete (streaming windows) audio_s=1.52 wall_s=0.29 rtf=0.193
2026-10-01T20:21:05.253796Z  INFO request{request_id=01a0f920-b465-771b-82c4-8f1ceba267f3 method=POST path=/v1/transcribe}: gigastt_core::inference::audio::wave: Audio (wave): 44100Hz, 2ch (streaming windows)
2026-10-01T20:21:05.608492Z  INFO request{request_id=01a0f920-b465-771b-82c4-8f1ceba267f3 method=POST path=/v1/transcribe}: gigastt_core::inference::engine::infer: encoder_inference elapsed_ms=346
2026-10-01T20:21:05.608630Z  INFO request{request_id=01a0f920-b465-771b-82c4-8f1ceba267f3 method=POST path=/v1/transcribe}: gigastt_core::inference::engine::file_stream: transcribe complete (streaming windows) audio_s=1.13 wall_s=0.35 rtf=0.314
2026-10-01T20:21:05.616742Z  INFO request{request_id=01a0f920-b5d0-75a3-abeb-6e5bdb1a8ea7 method=POST path=/v1/transcribe}: gigastt_core::inference::audio::wave: Audio (wave): 44100Hz, 2ch (streaming windows)
2026-10-01T20:21:05.776673Z  INFO request{request_id=01a0f920-b42c-7768-83c1-ef65401cbabf method=POST path=/v1/transcribe}: gigastt_core::inference::engine::infer: encoder_inference elapsed_ms=567
2026-10-01T20:21:05.776770Z  INFO request{request_id=01a0f920-b42c-7768-83c1-ef65401cbabf method=POST path=/v1/transcribe}: gigastt_core::inference::engine::file_stream: transcribe complete (streaming windows) audio_s=1.75 wall_s=0.58 rtf=0.331
2026-10-01T20:21:05.780268Z  INFO request{request_id=01a0f920-b673-71fa-9062-8c735c95d957 method=POST path=/v1/transcribe}: gigastt_core::inference::audio::wave: Audio (wave): 44100Hz, 2ch (streaming windows)
2026-10-01T20:21:05.971833Z  INFO request{request_id=01a0f920-b5d0-75a3-abeb-6e5bdb1a8ea7 method=POST path=/v1/transcribe}: gigastt_core::inference::engine::infer: encoder_inference elapsed_ms=340
2026-10-01T20:21:05.971917Z  INFO request{request_id=01a0f920-b5d0-75a3-abeb-6e5bdb1a8ea7 method=POST path=/v1/transcribe}: gigastt_core::inference::engine::file_stream: transcribe complete (streaming windows) audio_s=1.77 wall_s=0.36 rtf=0.201
2026-10-01T20:21:05.977791Z  INFO request{request_id=01a0f920-b739-7116-b4ec-6a08018e14dd method=POST path=/v1/transcribe}: gigastt_core::inference::audio::wave: Audio (wave): 44100Hz, 2ch (streaming windows)
2026-10-01T20:21:06.025129Z  INFO request{request_id=01a0f920-b673-71fa-9062-8c735c95d957 method=POST path=/v1/transcribe}: gigastt_core::inference::engine::infer: encoder_inference elapsed_ms=240
2026-10-01T20:21:06.025240Z  INFO request{request_id=01a0f920-b673-71fa-9062-8c735c95d957 method=POST path=/v1/transcribe}: gigastt_core::inference::engine::file_stream: transcribe complete (streaming windows) audio_s=1.08 wall_s=0.24 rtf=0.227
2026-10-01T20:21:06.029938Z  INFO request{request_id=01a0f920-b76d-7155-8e91-ab53da9e8028 method=POST path=/v1/transcribe}: gigastt_core::inference::audio::wave: Audio (wave): 44100Hz, 2ch (streaming windows)
2026-10-01T20:21:06.210753Z  INFO request{request_id=01a0f920-b739-7116-b4ec-6a08018e14dd method=POST path=/v1/transcribe}: gigastt_core::inference::engine::infer: encoder_inference elapsed_ms=228
2026-10-01T20:21:06.210830Z  INFO request{request_id=01a0f920-b739-7116-b4ec-6a08018e14dd method=POST path=/v1/transcribe}: gigastt_core::inference::engine::file_stream: transcribe complete (streaming windows) audio_s=1.04 wall_s=0.23 rtf=0.224
2026-10-01T20:21:06.218542Z  INFO request{request_id=01a0f920-b829-754d-9457-742e87969677 method=POST path=/v1/transcribe}: gigastt_core::inference::audio::wave: Audio (wave): 44100Hz, 2ch (streaming windows)
2026-10-01T20:21:06.527466Z  INFO request{request_id=01a0f920-b76d-7155-8e91-ab53da9e8028 method=POST path=/v1/transcribe}: gigastt_core::inference::engine::infer: encoder_inference elapsed_ms=490
2026-10-01T20:21:06.527568Z  INFO request{request_id=01a0f920-b76d-7155-8e91-ab53da9e8028 method=POST path=/v1/transcribe}: gigastt_core::inference::engine::file_stream: transcribe complete (streaming windows) audio_s=2.24 wall_s=0.50 rtf=0.222
2026-10-01T20:21:06.532490Z  INFO request{request_id=01a0f920-b964-7185-9a2b-5cbdd180214c method=POST path=/v1/transcribe}: gigastt_core::inference::audio::wave: Audio (wave): 44100Hz, 2ch (streaming windows)
2026-10-01T20:21:06.952238Z  INFO request{request_id=01a0f920-b964-7185-9a2b-5cbdd180214c method=POST path=/v1/transcribe}: gigastt_core::inference::engine::infer: encoder_inference elapsed_ms=410
2026-10-01T20:21:06.952333Z  INFO request{request_id=01a0f920-b964-7185-9a2b-5cbdd180214c method=POST path=/v1/transcribe}: gigastt_core::inference::engine::file_stream: transcribe complete (streaming windows) audio_s=1.11 wall_s=0.42 rtf=0.378
2026-10-01T20:21:06.959495Z  INFO request{request_id=01a0f920-bb0f-7441-b2c2-1194acc948ce method=POST path=/v1/transcribe}: gigastt_core::inference::audio::wave: Audio (wave): 44100Hz, 2ch (streaming windows)
2026-10-01T20:21:06.961112Z  INFO request{request_id=01a0f920-b829-754d-9457-742e87969677 method=POST path=/v1/transcribe}: gigastt_core::inference::engine::infer: encoder_inference elapsed_ms=733
2026-10-01T20:21:06.961221Z  INFO request{request_id=01a0f920-b829-754d-9457-742e87969677 method=POST path=/v1/transcribe}: gigastt_core::inference::engine::file_stream: transcribe complete (streaming windows) audio_s=3.28 wall_s=0.74 rtf=0.226
2026-10-01T20:21:06.965457Z  INFO request{request_id=01a0f920-bb14-73cc-9e0e-ad66c40cf80b method=POST path=/v1/transcribe}: gigastt_core::inference::audio::wave: Audio (wave): 44100Hz, 2ch (streaming windows)
2026-10-01T20:21:07.171805Z  INFO request{request_id=01a0f920-bb0f-7441-b2c2-1194acc948ce method=POST path=/v1/transcribe}: gigastt_core::inference::engine::infer: encoder_inference elapsed_ms=205
2026-10-01T20:21:07.171881Z  INFO request{request_id=01a0f920-bb0f-7441-b2c2-1194acc948ce method=POST path=/v1/transcribe}: gigastt_core::inference::engine::file_stream: transcribe complete (streaming windows) audio_s=1.35 wall_s=0.21 rtf=0.157
2026-10-01T20:21:07.177885Z  INFO request{request_id=01a0f920-bbe9-76b6-817f-3e7ab440775e method=POST path=/v1/transcribe}: gigastt_core::inference::audio::wave: Audio (wave): 44100Hz, 2ch (streaming windows)
2026-10-01T20:21:07.260644Z  INFO request{request_id=01a0f920-bb14-73cc-9e0e-ad66c40cf80b method=POST path=/v1/transcribe}: gigastt_core::inference::engine::infer: encoder_inference elapsed_ms=283
2026-10-01T20:21:07.260728Z  INFO request{request_id=01a0f920-bb14-73cc-9e0e-ad66c40cf80b method=POST path=/v1/transcribe}: gigastt_core::inference::engine::file_stream: transcribe complete (streaming windows) audio_s=2.30 wall_s=0.30 rtf=0.128
2026-10-01T20:21:07.263941Z  INFO request{request_id=01a0f920-bc3f-75cf-9c05-533d5cd47e5b method=POST path=/v1/transcribe}: gigastt_core::inference::audio::wave: Audio (wave): 44100Hz, 2ch (streaming windows)
2026-10-01T20:21:07.399335Z  INFO request{request_id=01a0f920-bbe9-76b6-817f-3e7ab440775e method=POST path=/v1/transcribe}: gigastt_core::inference::engine::infer: encoder_inference elapsed_ms=217
2026-10-01T20:21:07.399425Z  INFO request{request_id=01a0f920-bbe9-76b6-817f-3e7ab440775e method=POST path=/v1/transcribe}: gigastt_core::inference::engine::file_stream: transcribe complete (streaming windows) audio_s=1.94 wall_s=0.22 rtf=0.114
2026-10-01T20:21:07.405762Z  INFO request{request_id=01a0f920-bccd-766a-acbe-7b3e007311ed method=POST path=/v1/transcribe}: gigastt_core::inference::audio::wave: Audio (wave): 44100Hz, 2ch (streaming windows)
2026-10-01T20:21:07.437469Z  INFO request{request_id=01a0f920-bc3f-75cf-9c05-533d5cd47e5b method=POST path=/v1/transcribe}: gigastt_core::inference::engine::infer: encoder_inference elapsed_ms=170
2026-10-01T20:21:07.437537Z  INFO request{request_id=01a0f920-bc3f-75cf-9c05-533d5cd47e5b method=POST path=/v1/transcribe}: gigastt_core::inference::engine::file_stream: transcribe complete (streaming windows) audio_s=1.40 wall_s=0.17 rtf=0.124
2026-10-01T20:21:07.441010Z  INFO request{request_id=01a0f920-bcf0-77e3-bc6c-ecb9d7123c45 method=POST path=/v1/transcribe}: gigastt_core::inference::audio::wave: Audio (wave): 44100Hz, 2ch (streaming windows)
2026-10-01T20:21:07.556156Z  INFO request{request_id=01a0f920-bccd-766a-acbe-7b3e007311ed method=POST path=/v1/transcribe}: gigastt_core::inference::engine::infer: encoder_inference elapsed_ms=145
2026-10-01T20:21:07.556233Z  INFO request{request_id=01a0f920-bccd-766a-acbe-7b3e007311ed method=POST path=/v1/transcribe}: gigastt_core::inference::engine::file_stream: transcribe complete (streaming windows) audio_s=1.21 wall_s=0.15 rtf=0.124
2026-10-01T20:21:07.559312Z  INFO request{request_id=01a0f920-bd67-7491-8edb-1fa7a9f88a0f method=POST path=/v1/transcribe}: gigastt_core::inference::audio::wave: Audio (wave): 44100Hz, 2ch (streaming windows)
2026-10-01T20:21:07.704447Z  INFO request{request_id=01a0f920-bd67-7491-8edb-1fa7a9f88a0f method=POST path=/v1/transcribe}: gigastt_core::inference::engine::infer: encoder_inference elapsed_ms=142
2026-10-01T20:21:07.704526Z  INFO request{request_id=01a0f920-bd67-7491-8edb-1fa7a9f88a0f method=POST path=/v1/transcribe}: gigastt_core::inference::engine::file_stream: transcribe complete (streaming windows) audio_s=1.00 wall_s=0.15 rtf=0.145
2026-10-01T20:21:07.710447Z  INFO request{request_id=01a0f920-bdfe-77ba-82a5-a4be159eaa20 method=POST path=/v1/transcribe}: gigastt_core::inference::audio::wave: Audio (wave): 44100Hz, 2ch (streaming windows)
2026-10-01T20:21:07.739933Z  INFO request{request_id=01a0f920-bcf0-77e3-bc6c-ecb9d7123c45 method=POST path=/v1/transcribe}: gigastt_core::inference::engine::infer: encoder_inference elapsed_ms=294
2026-10-01T20:21:07.740044Z  INFO request{request_id=01a0f920-bcf0-77e3-bc6c-ecb9d7123c45 method=POST path=/v1/transcribe}: gigastt_core::inference::engine::file_stream: transcribe complete (streaming windows) audio_s=2.70 wall_s=0.30 rtf=0.111
2026-10-01T20:21:07.743537Z  INFO request{request_id=01a0f920-be1f-7258-bb9e-11abdff022fe method=POST path=/v1/transcribe}: gigastt_core::inference::audio::wave: Audio (wave): 44100Hz, 2ch (streaming windows)
2026-10-01T20:21:07.884453Z  INFO request{request_id=01a0f920-bdfe-77ba-82a5-a4be159eaa20 method=POST path=/v1/transcribe}: gigastt_core::inference::engine::infer: encoder_inference elapsed_ms=169
2026-10-01T20:21:07.884532Z  INFO request{request_id=01a0f920-bdfe-77ba-82a5-a4be159eaa20 method=POST path=/v1/transcribe}: gigastt_core::inference::engine::file_stream: transcribe complete (streaming windows) audio_s=1.35 wall_s=0.17 rtf=0.129
2026-10-01T20:21:07.890706Z  INFO request{request_id=01a0f920-beb2-7589-9643-e022ed860118 method=POST path=/v1/transcribe}: gigastt_core::inference::audio::wave: Audio (wave): 44100Hz, 2ch (streaming windows)
2026-10-01T20:21:07.997829Z  INFO request{request_id=01a0f920-be1f-7258-bb9e-11abdff022fe method=POST path=/v1/transcribe}: gigastt_core::inference::engine::infer: encoder_inference elapsed_ms=248
2026-10-01T20:21:07.998007Z  INFO request{request_id=01a0f920-be1f-7258-bb9e-11abdff022fe method=POST path=/v1/transcribe}: gigastt_core::inference::engine::file_stream: transcribe complete (streaming windows) audio_s=2.24 wall_s=0.25 rtf=0.114
2026-10-01T20:21:08.004703Z  INFO request{request_id=01a0f920-bf24-7120-bec3-298f56aab8e1 method=POST path=/v1/transcribe}: gigastt_core::inference::audio::wave: Audio (wave): 44100Hz, 2ch (streaming windows)
2026-10-01T20:21:08.102830Z  INFO request{request_id=01a0f920-beb2-7589-9643-e022ed860118 method=POST path=/v1/transcribe}: gigastt_core::inference::engine::infer: encoder_inference elapsed_ms=208
2026-10-01T20:21:08.102903Z  INFO request{request_id=01a0f920-beb2-7589-9643-e022ed860118 method=POST path=/v1/transcribe}: gigastt_core::inference::engine::file_stream: transcribe complete (streaming windows) audio_s=1.73 wall_s=0.21 rtf=0.123
2026-10-01T20:21:08.106179Z  INFO request{request_id=01a0f920-bf8a-776b-9547-b6bd12607c86 method=POST path=/v1/transcribe}: gigastt_core::inference::audio::wave: Audio (wave): 44100Hz, 2ch (streaming windows)
2026-10-01T20:21:08.231165Z  INFO request{request_id=01a0f920-bf24-7120-bec3-298f56aab8e1 method=POST path=/v1/transcribe}: gigastt_core::inference::engine::infer: encoder_inference elapsed_ms=222
2026-10-01T20:21:08.231234Z  INFO request{request_id=01a0f920-bf24-7120-bec3-298f56aab8e1 method=POST path=/v1/transcribe}: gigastt_core::inference::engine::file_stream: transcribe complete (streaming windows) audio_s=1.91 wall_s=0.23 rtf=0.119
2026-10-01T20:21:08.234477Z  INFO request{request_id=01a0f920-c00a-7308-8bf3-149d0e38f83a method=POST path=/v1/transcribe}: gigastt_core::inference::audio::wave: Audio (wave): 44100Hz, 2ch (streaming windows)
2026-10-01T20:21:08.262944Z  INFO request{request_id=01a0f920-bf8a-776b-9547-b6bd12607c86 method=POST path=/v1/transcribe}: gigastt_core::inference::engine::infer: encoder_inference elapsed_ms=153
2026-10-01T20:21:08.263008Z  INFO request{request_id=01a0f920-bf8a-776b-9547-b6bd12607c86 method=POST path=/v1/transcribe}: gigastt_core::inference::engine::file_stream: transcribe complete (streaming windows) audio_s=1.25 wall_s=0.16 rtf=0.125
2026-10-01T20:21:08.265695Z  INFO request{request_id=01a0f920-c029-756b-9080-7a3a1806aba2 method=POST path=/v1/transcribe}: gigastt_core::inference::audio::wave: Audio (wave): 44100Hz, 2ch (streaming windows)
2026-10-01T20:21:08.421182Z  INFO request{request_id=01a0f920-c029-756b-9080-7a3a1806aba2 method=POST path=/v1/transcribe}: gigastt_core::inference::engine::infer: encoder_inference elapsed_ms=152
2026-10-01T20:21:08.421261Z  INFO request{request_id=01a0f920-c029-756b-9080-7a3a1806aba2 method=POST path=/v1/transcribe}: gigastt_core::inference::engine::file_stream: transcribe complete (streaming windows) audio_s=1.08 wall_s=0.16 rtf=0.144
2026-10-01T20:21:08.428958Z  INFO request{request_id=01a0f920-c0cc-7297-9604-514f73515fc1 method=POST path=/v1/transcribe}: gigastt_core::inference::audio::wave: Audio (wave): 44100Hz, 2ch (streaming windows)
2026-10-01T20:21:08.551289Z  INFO request{request_id=01a0f920-c00a-7308-8bf3-149d0e38f83a method=POST path=/v1/transcribe}: gigastt_core::inference::engine::infer: encoder_inference elapsed_ms=310
2026-10-01T20:21:08.551381Z  INFO request{request_id=01a0f920-c00a-7308-8bf3-149d0e38f83a method=POST path=/v1/transcribe}: gigastt_core::inference::engine::file_stream: transcribe complete (streaming windows) audio_s=2.63 wall_s=0.32 rtf=0.120
2026-10-01T20:21:08.562464Z  INFO request{request_id=01a0f920-c152-7196-95f6-7411e31ab925 method=POST path=/v1/transcribe}: gigastt_core::inference::audio::wave: Audio (wave): 44100Hz, 2ch (streaming windows)
2026-10-01T20:21:08.664393Z  INFO request{request_id=01a0f920-c0cc-7297-9604-514f73515fc1 method=POST path=/v1/transcribe}: gigastt_core::inference::engine::infer: encoder_inference elapsed_ms=231
2026-10-01T20:21:08.664486Z  INFO request{request_id=01a0f920-c0cc-7297-9604-514f73515fc1 method=POST path=/v1/transcribe}: gigastt_core::inference::engine::file_stream: transcribe complete (streaming windows) audio_s=2.32 wall_s=0.24 rtf=0.102
2026-10-01T20:21:08.675528Z  INFO request{request_id=01a0f920-c1c3-712e-918f-b60e1c945c26 method=POST path=/v1/transcribe}: gigastt_core::inference::audio::wave: Audio (wave): 44100Hz, 2ch (streaming windows)
2026-10-01T20:21:08.720744Z  INFO request{request_id=01a0f920-c152-7196-95f6-7411e31ab925 method=POST path=/v1/transcribe}: gigastt_core::inference::engine::infer: encoder_inference elapsed_ms=155
2026-10-01T20:21:08.720827Z  INFO request{request_id=01a0f920-c152-7196-95f6-7411e31ab925 method=POST path=/v1/transcribe}: gigastt_core::inference::engine::file_stream: transcribe complete (streaming windows) audio_s=1.18 wall_s=0.16 rtf=0.134
2026-10-01T20:21:08.735384Z  INFO request{request_id=01a0f920-c1ff-718e-8f30-79aa61bad75e method=POST path=/v1/transcribe}: gigastt_core::inference::audio::wave: Audio (wave): 44100Hz, 2ch (streaming windows)
2026-10-01T20:21:08.863875Z  INFO request{request_id=01a0f920-c1c3-712e-918f-b60e1c945c26 method=POST path=/v1/transcribe}: gigastt_core::inference::engine::infer: encoder_inference elapsed_ms=183
2026-10-01T20:21:08.863945Z  INFO request{request_id=01a0f920-c1c3-712e-918f-b60e1c945c26 method=POST path=/v1/transcribe}: gigastt_core::inference::engine::file_stream: transcribe complete (streaming windows) audio_s=1.31 wall_s=0.19 rtf=0.144
2026-10-01T20:21:08.873055Z  INFO request{request_id=01a0f920-c288-741c-99eb-2dc04c234b93 method=POST path=/v1/transcribe}: gigastt_core::inference::audio::wave: Audio (wave): 44100Hz, 2ch (streaming windows)
2026-10-01T20:21:08.953823Z  INFO request{request_id=01a0f920-c1ff-718e-8f30-79aa61bad75e method=POST path=/v1/transcribe}: gigastt_core::inference::engine::infer: encoder_inference elapsed_ms=210
2026-10-01T20:21:08.953906Z  INFO request{request_id=01a0f920-c1ff-718e-8f30-79aa61bad75e method=POST path=/v1/transcribe}: gigastt_core::inference::engine::file_stream: transcribe complete (streaming windows) audio_s=1.85 wall_s=0.22 rtf=0.118
2026-10-01T20:21:08.962937Z  INFO request{request_id=01a0f920-c2e2-77b3-8e32-491b7e022da4 method=POST path=/v1/transcribe}: gigastt_core::inference::audio::wave: Audio (wave): 44100Hz, 2ch (streaming windows)
2026-10-01T20:21:09.050038Z  INFO request{request_id=01a0f920-c288-741c-99eb-2dc04c234b93 method=POST path=/v1/transcribe}: gigastt_core::inference::engine::infer: encoder_inference elapsed_ms=173
2026-10-01T20:21:09.050106Z  INFO request{request_id=01a0f920-c288-741c-99eb-2dc04c234b93 method=POST path=/v1/transcribe}: gigastt_core::inference::engine::file_stream: transcribe complete (streaming windows) audio_s=1.35 wall_s=0.18 rtf=0.131
2026-10-01T20:21:09.057297Z  INFO request{request_id=01a0f920-c341-721c-b999-5844a17663c0 method=POST path=/v1/transcribe}: gigastt_core::inference::audio::wave: Audio (wave): 44100Hz, 2ch (streaming windows)
2026-10-01T20:21:09.204178Z  INFO request{request_id=01a0f920-c341-721c-b999-5844a17663c0 method=POST path=/v1/transcribe}: gigastt_core::inference::engine::infer: encoder_inference elapsed_ms=143
2026-10-01T20:21:09.204238Z  INFO request{request_id=01a0f920-c341-721c-b999-5844a17663c0 method=POST path=/v1/transcribe}: gigastt_core::inference::engine::file_stream: transcribe complete (streaming windows) audio_s=1.15 wall_s=0.15 rtf=0.128
2026-10-01T20:21:09.215313Z  INFO request{request_id=01a0f920-c3df-73c1-82fb-847a0f13ed8f method=POST path=/v1/transcribe}: gigastt_core::inference::audio::wave: Audio (wave): 44100Hz, 2ch (streaming windows)
2026-10-01T20:21:09.302070Z  INFO request{request_id=01a0f920-c2e2-77b3-8e32-491b7e022da4 method=POST path=/v1/transcribe}: gigastt_core::inference::engine::infer: encoder_inference elapsed_ms=334
2026-10-01T20:21:09.302169Z  INFO request{request_id=01a0f920-c2e2-77b3-8e32-491b7e022da4 method=POST path=/v1/transcribe}: gigastt_core::inference::engine::file_stream: transcribe complete (streaming windows) audio_s=3.21 wall_s=0.34 rtf=0.106
2026-10-01T20:21:09.311275Z  INFO request{request_id=01a0f920-c43f-73a0-bb6d-386b9ad4451e method=POST path=/v1/transcribe}: gigastt_core::inference::audio::wave: Audio (wave): 44100Hz, 2ch (streaming windows)
2026-10-01T20:21:09.458506Z  INFO request{request_id=01a0f920-c3df-73c1-82fb-847a0f13ed8f method=POST path=/v1/transcribe}: gigastt_core::inference::engine::infer: encoder_inference elapsed_ms=239
2026-10-01T20:21:09.458587Z  INFO request{request_id=01a0f920-c3df-73c1-82fb-847a0f13ed8f method=POST path=/v1/transcribe}: gigastt_core::inference::engine::file_stream: transcribe complete (streaming windows) audio_s=2.04 wall_s=0.24 rtf=0.119
2026-10-01T20:21:09.464112Z  INFO request{request_id=01a0f920-c4d7-73bc-9203-95d179e4eced method=POST path=/v1/transcribe}: gigastt_core::inference::audio::wave: Audio (wave): 44100Hz, 2ch (streaming windows)
2026-10-01T20:21:09.560003Z  INFO request{request_id=01a0f920-c43f-73a0-bb6d-386b9ad4451e method=POST path=/v1/transcribe}: gigastt_core::inference::engine::infer: encoder_inference elapsed_ms=245
2026-10-01T20:21:09.560087Z  INFO request{request_id=01a0f920-c43f-73a0-bb6d-386b9ad4451e method=POST path=/v1/transcribe}: gigastt_core::inference::engine::file_stream: transcribe complete (streaming windows) audio_s=2.00 wall_s=0.25 rtf=0.124
2026-10-01T20:21:09.588584Z  INFO request{request_id=01a0f920-c554-77cf-80f9-60cf16f14090 method=POST path=/v1/transcribe}: gigastt_core::inference::audio::wave: Audio (wave): 44100Hz, 2ch (streaming windows)
2026-10-01T20:21:09.673390Z  INFO request{request_id=01a0f920-c4d7-73bc-9203-95d179e4eced method=POST path=/v1/transcribe}: gigastt_core::inference::engine::infer: encoder_inference elapsed_ms=205
2026-10-01T20:21:09.673460Z  INFO request{request_id=01a0f920-c4d7-73bc-9203-95d179e4eced method=POST path=/v1/transcribe}: gigastt_core::inference::engine::file_stream: transcribe complete (streaming windows) audio_s=1.66 wall_s=0.21 rtf=0.126
2026-10-01T20:21:09.679177Z  INFO request{request_id=01a0f920-c5ae-70dd-ba37-10c274280b68 method=POST path=/v1/transcribe}: gigastt_core::inference::audio::wave: Audio (wave): 44100Hz, 2ch (streaming windows)
2026-10-01T20:21:09.793591Z  INFO request{request_id=01a0f920-c554-77cf-80f9-60cf16f14090 method=POST path=/v1/transcribe}: gigastt_core::inference::engine::infer: encoder_inference elapsed_ms=200
2026-10-01T20:21:09.793662Z  INFO request{request_id=01a0f920-c554-77cf-80f9-60cf16f14090 method=POST path=/v1/transcribe}: gigastt_core::inference::engine::file_stream: transcribe complete (streaming windows) audio_s=1.65 wall_s=0.21 rtf=0.124
2026-10-01T20:21:09.796928Z  INFO request{request_id=01a0f920-c624-75ad-8e08-dc177617267d method=POST path=/v1/transcribe}: gigastt_core::inference::audio::wave: Audio (wave): 44100Hz, 2ch (streaming windows)
2026-10-01T20:21:09.943144Z  INFO request{request_id=01a0f920-c624-75ad-8e08-dc177617267d method=POST path=/v1/transcribe}: gigastt_core::inference::engine::infer: encoder_inference elapsed_ms=143
2026-10-01T20:21:09.943213Z  INFO request{request_id=01a0f920-c624-75ad-8e08-dc177617267d method=POST path=/v1/transcribe}: gigastt_core::inference::engine::file_stream: transcribe complete (streaming windows) audio_s=1.13 wall_s=0.15 rtf=0.129
2026-10-01T20:21:09.949250Z  INFO request{request_id=01a0f920-c6bc-74bd-8b3b-872821a3d9bd method=POST path=/v1/transcribe}: gigastt_core::inference::audio::wave: Audio (wave): 44100Hz, 2ch (streaming windows)
2026-10-01T20:21:09.998632Z  INFO request{request_id=01a0f920-c5ae-70dd-ba37-10c274280b68 method=POST path=/v1/transcribe}: gigastt_core::inference::engine::infer: encoder_inference elapsed_ms=315
2026-10-01T20:21:09.998712Z  INFO request{request_id=01a0f920-c5ae-70dd-ba37-10c274280b68 method=POST path=/v1/transcribe}: gigastt_core::inference::engine::file_stream: transcribe complete (streaming windows) audio_s=2.93 wall_s=0.32 rtf=0.109
2026-10-01T20:21:10.001731Z  INFO request{request_id=01a0f920-c6f1-704b-bd29-1c7629b903d6 method=POST path=/v1/transcribe}: gigastt_core::inference::audio::wave: Audio (wave): 44100Hz, 2ch (streaming windows)
2026-10-01T20:21:10.106282Z  INFO request{request_id=01a0f920-c6bc-74bd-8b3b-872821a3d9bd method=POST path=/v1/transcribe}: gigastt_core::inference::engine::infer: encoder_inference elapsed_ms=153
2026-10-01T20:21:10.106351Z  INFO request{request_id=01a0f920-c6bc-74bd-8b3b-872821a3d9bd method=POST path=/v1/transcribe}: gigastt_core::inference::engine::file_stream: transcribe complete (streaming windows) audio_s=1.15 wall_s=0.16 rtf=0.137
2026-10-01T20:21:10.109755Z  INFO request{request_id=01a0f920-c75d-7369-8e91-f0080bc3686a method=POST path=/v1/transcribe}: gigastt_core::inference::audio::wave: Audio (wave): 44100Hz, 2ch (streaming windows)
2026-10-01T20:21:10.163431Z  INFO request{request_id=01a0f920-c6f1-704b-bd29-1c7629b903d6 method=POST path=/v1/transcribe}: gigastt_core::inference::engine::infer: encoder_inference elapsed_ms=158
2026-10-01T20:21:10.163501Z  INFO request{request_id=01a0f920-c6f1-704b-bd29-1c7629b903d6 method=POST path=/v1/transcribe}: gigastt_core::inference::engine::file_stream: transcribe complete (streaming windows) audio_s=1.23 wall_s=0.16 rtf=0.131
2026-10-01T20:21:10.166365Z  INFO request{request_id=01a0f920-c796-7699-9138-f8cd3b42689b method=POST path=/v1/transcribe}: gigastt_core::inference::audio::wave: Audio (wave): 44100Hz, 2ch (streaming windows)
2026-10-01T20:21:10.313322Z  INFO request{request_id=01a0f920-c796-7699-9138-f8cd3b42689b method=POST path=/v1/transcribe}: gigastt_core::inference::engine::infer: encoder_inference elapsed_ms=142
2026-10-01T20:21:10.313390Z  INFO request{request_id=01a0f920-c796-7699-9138-f8cd3b42689b method=POST path=/v1/transcribe}: gigastt_core::inference::engine::file_stream: transcribe complete (streaming windows) audio_s=1.11 wall_s=0.15 rtf=0.132
2026-10-01T20:21:10.316137Z  INFO request{request_id=01a0f920-c75d-7369-8e91-f0080bc3686a method=POST path=/v1/transcribe}: gigastt_core::inference::engine::infer: encoder_inference elapsed_ms=202
2026-10-01T20:21:10.316188Z  INFO request{request_id=01a0f920-c75d-7369-8e91-f0080bc3686a method=POST path=/v1/transcribe}: gigastt_core::inference::engine::file_stream: transcribe complete (streaming windows) audio_s=1.75 wall_s=0.21 rtf=0.118
2026-10-01T20:21:10.318716Z  INFO request{request_id=01a0f920-c82e-7470-a250-0193974cf0fb method=POST path=/v1/transcribe}: gigastt_core::inference::audio::wave: Audio (wave): 44100Hz, 2ch (streaming windows)
2026-10-01T20:21:10.323077Z  INFO request{request_id=01a0f920-c832-73b6-9939-c664e48121a4 method=POST path=/v1/transcribe}: gigastt_core::inference::audio::wave: Audio (wave): 44100Hz, 2ch (streaming windows)
2026-10-01T20:21:10.471750Z  INFO request{request_id=01a0f920-c82e-7470-a250-0193974cf0fb method=POST path=/v1/transcribe}: gigastt_core::inference::engine::infer: encoder_inference elapsed_ms=149
2026-10-01T20:21:10.471812Z  INFO request{request_id=01a0f920-c82e-7470-a250-0193974cf0fb method=POST path=/v1/transcribe}: gigastt_core::inference::engine::file_stream: transcribe complete (streaming windows) audio_s=1.15 wall_s=0.15 rtf=0.133
2026-10-01T20:21:10.477110Z  INFO request{request_id=01a0f920-c8cc-73be-a5a2-a95d88933d19 method=POST path=/v1/transcribe}: gigastt_core::inference::audio::wave: Audio (wave): 44100Hz, 2ch (streaming windows)
2026-10-01T20:21:10.519331Z  INFO request{request_id=01a0f920-c832-73b6-9939-c664e48121a4 method=POST path=/v1/transcribe}: gigastt_core::inference::engine::infer: encoder_inference elapsed_ms=192
2026-10-01T20:21:10.519417Z  INFO request{request_id=01a0f920-c832-73b6-9939-c664e48121a4 method=POST path=/v1/transcribe}: gigastt_core::inference::engine::file_stream: transcribe complete (streaming windows) audio_s=1.56 wall_s=0.20 rtf=0.126
2026-10-01T20:21:10.521844Z  INFO request{request_id=01a0f920-c8f9-722e-8a1f-d902e3394787 method=POST path=/v1/transcribe}: gigastt_core::inference::audio::wave: Audio (wave): 44100Hz, 2ch (streaming windows)
2026-10-01T20:21:10.627050Z  INFO request{request_id=01a0f920-c8cc-73be-a5a2-a95d88933d19 method=POST path=/v1/transcribe}: gigastt_core::inference::engine::infer: encoder_inference elapsed_ms=146
2026-10-01T20:21:10.627120Z  INFO request{request_id=01a0f920-c8cc-73be-a5a2-a95d88933d19 method=POST path=/v1/transcribe}: gigastt_core::inference::engine::file_stream: transcribe complete (streaming windows) audio_s=1.08 wall_s=0.15 rtf=0.139
2026-10-01T20:21:10.630932Z  INFO request{request_id=01a0f920-c966-762f-8303-5d9d07c195dc method=POST path=/v1/transcribe}: gigastt_core::inference::audio::wave: Audio (wave): 44100Hz, 2ch (streaming windows)
2026-10-01T20:21:10.707278Z  INFO request{request_id=01a0f920-c8f9-722e-8a1f-d902e3394787 method=POST path=/v1/transcribe}: gigastt_core::inference::engine::infer: encoder_inference elapsed_ms=180
2026-10-01T20:21:10.707350Z  INFO request{request_id=01a0f920-c8f9-722e-8a1f-d902e3394787 method=POST path=/v1/transcribe}: gigastt_core::inference::engine::file_stream: transcribe complete (streaming windows) audio_s=1.40 wall_s=0.19 rtf=0.132
2026-10-01T20:21:10.710505Z  INFO request{request_id=01a0f920-c9b6-7640-afaa-a91cfdcd08d1 method=POST path=/v1/transcribe}: gigastt_core::inference::audio::wave: Audio (wave): 44100Hz, 2ch (streaming windows)
2026-10-01T20:21:10.845434Z  INFO request{request_id=01a0f920-c966-762f-8303-5d9d07c195dc method=POST path=/v1/transcribe}: gigastt_core::inference::engine::infer: encoder_inference elapsed_ms=209
2026-10-01T20:21:10.845511Z  INFO request{request_id=01a0f920-c966-762f-8303-5d9d07c195dc method=POST path=/v1/transcribe}: gigastt_core::inference::engine::file_stream: transcribe complete (streaming windows) audio_s=1.72 wall_s=0.21 rtf=0.125
2026-10-01T20:21:10.851880Z  INFO request{request_id=01a0f920-ca43-766d-9a11-fe48156f9402 method=POST path=/v1/transcribe}: gigastt_core::inference::audio::wave: Audio (wave): 44100Hz, 2ch (streaming windows)
2026-10-01T20:21:10.983849Z  INFO request{request_id=01a0f920-c9b6-7640-afaa-a91cfdcd08d1 method=POST path=/v1/transcribe}: gigastt_core::inference::engine::infer: encoder_inference elapsed_ms=269
2026-10-01T20:21:10.983947Z  INFO request{request_id=01a0f920-c9b6-7640-afaa-a91cfdcd08d1 method=POST path=/v1/transcribe}: gigastt_core::inference::engine::file_stream: transcribe complete (streaming windows) audio_s=2.34 wall_s=0.27 rtf=0.117
2026-10-01T20:21:10.989724Z  INFO request{request_id=01a0f920-cacd-73e8-a24f-94cb7eb7cdcc method=POST path=/v1/transcribe}: gigastt_core::inference::audio::wave: Audio (wave): 44100Hz, 2ch (streaming windows)
2026-10-01T20:21:11.128865Z  INFO request{request_id=01a0f920-cacd-73e8-a24f-94cb7eb7cdcc method=POST path=/v1/transcribe}: gigastt_core::inference::engine::infer: encoder_inference elapsed_ms=136
2026-10-01T20:21:11.128927Z  INFO request{request_id=01a0f920-cacd-73e8-a24f-94cb7eb7cdcc method=POST path=/v1/transcribe}: gigastt_core::inference::engine::file_stream: transcribe complete (streaming windows) audio_s=1.01 wall_s=0.14 rtf=0.138
2026-10-01T20:21:11.134790Z  INFO request{request_id=01a0f920-cb5e-727f-b432-4882fec6516d method=POST path=/v1/transcribe}: gigastt_core::inference::audio::wave: Audio (wave): 44100Hz, 2ch (streaming windows)
2026-10-01T20:21:11.267527Z  INFO request{request_id=01a0f920-ca43-766d-9a11-fe48156f9402 method=POST path=/v1/transcribe}: gigastt_core::inference::engine::infer: encoder_inference elapsed_ms=410
2026-10-01T20:21:11.267626Z  INFO request{request_id=01a0f920-ca43-766d-9a11-fe48156f9402 method=POST path=/v1/transcribe}: gigastt_core::inference::engine::file_stream: transcribe complete (streaming windows) audio_s=3.99 wall_s=0.42 rtf=0.104
2026-10-01T20:21:11.274195Z  INFO request{request_id=01a0f920-cbe9-705b-8d53-16a5af8c1e6f method=POST path=/v1/transcribe}: gigastt_core::inference::audio::wave: Audio (wave): 44100Hz, 2ch (streaming windows)
2026-10-01T20:21:11.290721Z  INFO request{request_id=01a0f920-cb5e-727f-b432-4882fec6516d method=POST path=/v1/transcribe}: gigastt_core::inference::engine::infer: encoder_inference elapsed_ms=152
2026-10-01T20:21:11.290787Z  INFO request{request_id=01a0f920-cb5e-727f-b432-4882fec6516d method=POST path=/v1/transcribe}: gigastt_core::inference::engine::file_stream: transcribe complete (streaming windows) audio_s=1.24 wall_s=0.16 rtf=0.126
2026-10-01T20:21:11.293354Z  INFO request{request_id=01a0f920-cbfd-7769-a662-2ba92027a433 method=POST path=/v1/transcribe}: gigastt_core::inference::audio::wave: Audio (wave): 44100Hz, 2ch (streaming windows)
2026-10-01T20:21:11.471319Z  INFO request{request_id=01a0f920-cbfd-7769-a662-2ba92027a433 method=POST path=/v1/transcribe}: gigastt_core::inference::engine::infer: encoder_inference elapsed_ms=173
2026-10-01T20:21:11.471387Z  INFO request{request_id=01a0f920-cbfd-7769-a662-2ba92027a433 method=POST path=/v1/transcribe}: gigastt_core::inference::engine::file_stream: transcribe complete (streaming windows) audio_s=1.37 wall_s=0.18 rtf=0.130
2026-10-01T20:21:11.474761Z  INFO request{request_id=01a0f920-ccb2-71eb-a1a7-b1e40c19566a method=POST path=/v1/transcribe}: gigastt_core::inference::audio::wave: Audio (wave): 44100Hz, 2ch (streaming windows)
2026-10-01T20:21:11.694002Z  INFO request{request_id=01a0f920-cbe9-705b-8d53-16a5af8c1e6f method=POST path=/v1/transcribe}: gigastt_core::inference::engine::infer: encoder_inference elapsed_ms=413
2026-10-01T20:21:11.694227Z  INFO request{request_id=01a0f920-cbe9-705b-8d53-16a5af8c1e6f method=POST path=/v1/transcribe}: gigastt_core::inference::engine::file_stream: transcribe complete (streaming windows) audio_s=3.84 wall_s=0.42 rtf=0.109
2026-10-01T20:21:11.700660Z  INFO request{request_id=01a0f920-cd94-71f5-ad00-099ae50fc251 method=POST path=/v1/transcribe}: gigastt_core::inference::audio::wave: Audio (wave): 44100Hz, 2ch (streaming windows)
2026-10-01T20:21:11.797218Z  INFO request{request_id=01a0f920-ccb2-71eb-a1a7-b1e40c19566a method=POST path=/v1/transcribe}: gigastt_core::inference::engine::infer: encoder_inference elapsed_ms=316
2026-10-01T20:21:11.797302Z  INFO request{request_id=01a0f920-ccb2-71eb-a1a7-b1e40c19566a method=POST path=/v1/transcribe}: gigastt_core::inference::engine::file_stream: transcribe complete (streaming windows) audio_s=2.57 wall_s=0.32 rtf=0.125
2026-10-01T20:21:11.800322Z  INFO request{request_id=01a0f920-cdf8-72fd-a7ea-687734a77b85 method=POST path=/v1/transcribe}: gigastt_core::inference::audio::wave: Audio (wave): 44100Hz, 2ch (streaming windows)
2026-10-01T20:21:11.876567Z  INFO request{request_id=01a0f920-cd94-71f5-ad00-099ae50fc251 method=POST path=/v1/transcribe}: gigastt_core::inference::engine::infer: encoder_inference elapsed_ms=172
2026-10-01T20:21:11.876638Z  INFO request{request_id=01a0f920-cd94-71f5-ad00-099ae50fc251 method=POST path=/v1/transcribe}: gigastt_core::inference::engine::file_stream: transcribe complete (streaming windows) audio_s=1.30 wall_s=0.18 rtf=0.135
2026-10-01T20:21:11.879375Z  INFO request{request_id=01a0f920-ce47-7223-b815-3e61676a25b6 method=POST path=/v1/transcribe}: gigastt_core::inference::audio::wave: Audio (wave): 44100Hz, 2ch (streaming windows)
2026-10-01T20:21:12.012196Z  INFO request{request_id=01a0f920-cdf8-72fd-a7ea-687734a77b85 method=POST path=/v1/transcribe}: gigastt_core::inference::engine::infer: encoder_inference elapsed_ms=208
2026-10-01T20:21:12.012269Z  INFO request{request_id=01a0f920-cdf8-72fd-a7ea-687734a77b85 method=POST path=/v1/transcribe}: gigastt_core::inference::engine::file_stream: transcribe complete (streaming windows) audio_s=1.48 wall_s=0.21 rtf=0.143
2026-10-01T20:21:12.014940Z  INFO request{request_id=01a0f920-cece-7264-93e6-020a24088c0d method=POST path=/v1/transcribe}: gigastt_core::inference::audio::wave: Audio (wave): 44100Hz, 2ch (streaming windows)
2026-10-01T20:21:12.069853Z  INFO request{request_id=01a0f920-ce47-7223-b815-3e61676a25b6 method=POST path=/v1/transcribe}: gigastt_core::inference::engine::infer: encoder_inference elapsed_ms=187
2026-10-01T20:21:12.069924Z  INFO request{request_id=01a0f920-ce47-7223-b815-3e61676a25b6 method=POST path=/v1/transcribe}: gigastt_core::inference::engine::file_stream: transcribe complete (streaming windows) audio_s=1.22 wall_s=0.19 rtf=0.156
2026-10-01T20:21:12.072407Z  INFO request{request_id=01a0f920-cf08-7296-88fe-5ad602ad5d2e method=POST path=/v1/transcribe}: gigastt_core::inference::audio::wave: Audio (wave): 44100Hz, 2ch (streaming windows)
2026-10-01T20:21:12.224549Z  INFO request{request_id=01a0f920-cece-7264-93e6-020a24088c0d method=POST path=/v1/transcribe}: gigastt_core::inference::engine::infer: encoder_inference elapsed_ms=205
2026-10-01T20:21:12.224630Z  INFO request{request_id=01a0f920-cece-7264-93e6-020a24088c0d method=POST path=/v1/transcribe}: gigastt_core::inference::engine::file_stream: transcribe complete (streaming windows) audio_s=1.73 wall_s=0.21 rtf=0.121
2026-10-01T20:21:12.230675Z  INFO request{request_id=01a0f920-cfa6-764b-9269-bd7b92367e23 method=POST path=/v1/transcribe}: gigastt_core::inference::audio::wave: Audio (wave): 44100Hz, 2ch (streaming windows)
2026-10-01T20:21:12.307849Z  INFO request{request_id=01a0f920-cf08-7296-88fe-5ad602ad5d2e method=POST path=/v1/transcribe}: gigastt_core::inference::engine::infer: encoder_inference elapsed_ms=231
2026-10-01T20:21:12.307943Z  INFO request{request_id=01a0f920-cf08-7296-88fe-5ad602ad5d2e method=POST path=/v1/transcribe}: gigastt_core::inference::engine::file_stream: transcribe complete (streaming windows) audio_s=1.89 wall_s=0.24 rtf=0.125
2026-10-01T20:21:12.311189Z  INFO request{request_id=01a0f920-cff6-73ee-bc7f-a9cf249e2b5b method=POST path=/v1/transcribe}: gigastt_core::inference::audio::wave: Audio (wave): 44100Hz, 2ch (streaming windows)
2026-10-01T20:21:12.378963Z  INFO request{request_id=01a0f920-cfa6-764b-9269-bd7b92367e23 method=POST path=/v1/transcribe}: gigastt_core::inference::engine::infer: encoder_inference elapsed_ms=144
2026-10-01T20:21:12.379076Z  INFO request{request_id=01a0f920-cfa6-764b-9269-bd7b92367e23 method=POST path=/v1/transcribe}: gigastt_core::inference::engine::file_stream: transcribe complete (streaming windows) audio_s=1.07 wall_s=0.15 rtf=0.139
2026-10-01T20:21:12.383282Z  INFO request{request_id=01a0f920-d03f-7314-b8fe-f63b2e889305 method=POST path=/v1/transcribe}: gigastt_core::inference::audio::wave: Audio (wave): 44100Hz, 2ch (streaming windows)
2026-10-01T20:21:12.694827Z  INFO request{request_id=01a0f920-cff6-73ee-bc7f-a9cf249e2b5b method=POST path=/v1/transcribe}: gigastt_core::inference::engine::infer: encoder_inference elapsed_ms=379
2026-10-01T20:21:12.694923Z  INFO request{request_id=01a0f920-cff6-73ee-bc7f-a9cf249e2b5b method=POST path=/v1/transcribe}: gigastt_core::inference::engine::file_stream: transcribe complete (streaming windows) audio_s=2.88 wall_s=0.38 rtf=0.133
2026-10-01T20:21:12.703640Z  INFO request{request_id=01a0f920-d17f-7390-b024-1bf83455dba8 method=POST path=/v1/transcribe}: gigastt_core::inference::audio::wave: Audio (wave): 44100Hz, 2ch (streaming windows)
2026-10-01T20:21:12.789411Z  INFO request{request_id=01a0f920-d03f-7314-b8fe-f63b2e889305 method=POST path=/v1/transcribe}: gigastt_core::inference::engine::infer: encoder_inference elapsed_ms=400
2026-10-01T20:21:12.789491Z  INFO request{request_id=01a0f920-d03f-7314-b8fe-f63b2e889305 method=POST path=/v1/transcribe}: gigastt_core::inference::engine::file_stream: transcribe complete (streaming windows) audio_s=2.60 wall_s=0.41 rtf=0.156
2026-10-01T20:21:12.793032Z  INFO request{request_id=01a0f920-d1d8-7306-b0ff-97ffa6768212 method=POST path=/v1/transcribe}: gigastt_core::inference::audio::wave: Audio (wave): 44100Hz, 2ch (streaming windows)
2026-10-01T20:21:12.955273Z  INFO request{request_id=01a0f920-d1d8-7306-b0ff-97ffa6768212 method=POST path=/v1/transcribe}: gigastt_core::inference::engine::infer: encoder_inference elapsed_ms=158
2026-10-01T20:21:12.955335Z  INFO request{request_id=01a0f920-d1d8-7306-b0ff-97ffa6768212 method=POST path=/v1/transcribe}: gigastt_core::inference::engine::file_stream: transcribe complete (streaming windows) audio_s=1.25 wall_s=0.16 rtf=0.130
2026-10-01T20:21:12.965160Z  INFO request{request_id=01a0f920-d284-7104-a87e-fcd2f1bc205f method=POST path=/v1/transcribe}: gigastt_core::inference::audio::wave: Audio (wave): 44100Hz, 2ch (streaming windows)
2026-10-01T20:21:13.175596Z  INFO request{request_id=01a0f920-d17f-7390-b024-1bf83455dba8 method=POST path=/v1/transcribe}: gigastt_core::inference::engine::infer: encoder_inference elapsed_ms=461
2026-10-01T20:21:13.175737Z  INFO request{request_id=01a0f920-d17f-7390-b024-1bf83455dba8 method=POST path=/v1/transcribe}: gigastt_core::inference::engine::file_stream: transcribe complete (streaming windows) audio_s=3.96 wall_s=0.47 rtf=0.119
2026-10-01T20:21:13.179155Z  INFO request{request_id=01a0f920-d35a-77a9-a35e-7a2ab9ccff6d method=POST path=/v1/transcribe}: gigastt_core::inference::audio::wave: Audio (wave): 44100Hz, 2ch (streaming windows)
2026-10-01T20:21:13.344305Z  INFO request{request_id=01a0f920-d35a-77a9-a35e-7a2ab9ccff6d method=POST path=/v1/transcribe}: gigastt_core::inference::engine::infer: encoder_inference elapsed_ms=160
2026-10-01T20:21:13.344371Z  INFO request{request_id=01a0f920-d35a-77a9-a35e-7a2ab9ccff6d method=POST path=/v1/transcribe}: gigastt_core::inference::engine::file_stream: transcribe complete (streaming windows) audio_s=1.12 wall_s=0.17 rtf=0.147
2026-10-01T20:21:13.350302Z  INFO request{request_id=01a0f920-d406-7264-bbff-c10477eef004 method=POST path=/v1/transcribe}: gigastt_core::inference::audio::wave: Audio (wave): 44100Hz, 2ch (streaming windows)
2026-10-01T20:21:13.412684Z  INFO request{request_id=01a0f920-d284-7104-a87e-fcd2f1bc205f method=POST path=/v1/transcribe}: gigastt_core::inference::engine::infer: encoder_inference elapsed_ms=442
2026-10-01T20:21:13.412794Z  INFO request{request_id=01a0f920-d284-7104-a87e-fcd2f1bc205f method=POST path=/v1/transcribe}: gigastt_core::inference::engine::file_stream: transcribe complete (streaming windows) audio_s=4.42 wall_s=0.45 rtf=0.101
2026-10-01T20:21:13.416512Z  INFO request{request_id=01a0f920-d448-7277-bea8-9769717f8091 method=POST path=/v1/transcribe}: gigastt_core::inference::audio::wave: Audio (wave): 44100Hz, 2ch (streaming windows)
2026-10-01T20:21:13.515335Z  INFO request{request_id=01a0f920-d406-7264-bbff-c10477eef004 method=POST path=/v1/transcribe}: gigastt_core::inference::engine::infer: encoder_inference elapsed_ms=159
2026-10-01T20:21:13.515407Z  INFO request{request_id=01a0f920-d406-7264-bbff-c10477eef004 method=POST path=/v1/transcribe}: gigastt_core::inference::engine::file_stream: transcribe complete (streaming windows) audio_s=1.14 wall_s=0.17 rtf=0.144
2026-10-01T20:21:13.518741Z  INFO request{request_id=01a0f920-d4ae-7058-9f80-baae862c4c77 method=POST path=/v1/transcribe}: gigastt_core::inference::audio::wave: Audio (wave): 44100Hz, 2ch (streaming windows)
2026-10-01T20:21:13.636047Z  INFO request{request_id=01a0f920-d448-7277-bea8-9769717f8091 method=POST path=/v1/transcribe}: gigastt_core::inference::engine::infer: encoder_inference elapsed_ms=215
2026-10-01T20:21:13.636114Z  INFO request{request_id=01a0f920-d448-7277-bea8-9769717f8091 method=POST path=/v1/transcribe}: gigastt_core::inference::engine::file_stream: transcribe complete (streaming windows) audio_s=1.88 wall_s=0.22 rtf=0.117
2026-10-01T20:21:13.651502Z  INFO request{request_id=01a0f920-d533-7448-962c-3ba50c065725 method=POST path=/v1/transcribe}: gigastt_core::inference::audio::wave: Audio (wave): 48000Hz, 2ch (streaming windows)
2026-10-01T20:21:13.778232Z  INFO request{request_id=01a0f920-d4ae-7058-9f80-baae862c4c77 method=POST path=/v1/transcribe}: gigastt_core::inference::engine::infer: encoder_inference elapsed_ms=255
2026-10-01T20:21:13.778323Z  INFO request{request_id=01a0f920-d4ae-7058-9f80-baae862c4c77 method=POST path=/v1/transcribe}: gigastt_core::inference::engine::file_stream: transcribe complete (streaming windows) audio_s=2.41 wall_s=0.26 rtf=0.108
2026-10-01T20:21:13.781703Z  INFO request{request_id=01a0f920-d5b5-7078-95b2-f9857ccda9b1 method=POST path=/v1/transcribe}: gigastt_core::inference::audio::wave: Audio (wave): 48000Hz, 2ch (streaming windows)
2026-10-01T20:21:13.861887Z  INFO request{request_id=01a0f920-d533-7448-962c-3ba50c065725 method=POST path=/v1/transcribe}: gigastt_core::inference::engine::infer: encoder_inference elapsed_ms=206
2026-10-01T20:21:13.861949Z  INFO request{request_id=01a0f920-d533-7448-962c-3ba50c065725 method=POST path=/v1/transcribe}: gigastt_core::inference::engine::file_stream: transcribe complete (streaming windows) audio_s=1.82 wall_s=0.21 rtf=0.116
2026-10-01T20:21:13.865184Z  INFO request{request_id=01a0f920-d608-712a-a0af-f13d7f2acc47 method=POST path=/v1/transcribe}: gigastt_core::inference::audio::wave: Audio (wave): 48000Hz, 2ch (streaming windows)
2026-10-01T20:21:13.966112Z  INFO request{request_id=01a0f920-d5b5-7078-95b2-f9857ccda9b1 method=POST path=/v1/transcribe}: gigastt_core::inference::engine::infer: encoder_inference elapsed_ms=181
2026-10-01T20:21:13.966221Z  INFO request{request_id=01a0f920-d5b5-7078-95b2-f9857ccda9b1 method=POST path=/v1/transcribe}: gigastt_core::inference::engine::file_stream: transcribe complete (streaming windows) audio_s=1.55 wall_s=0.18 rtf=0.119
2026-10-01T20:21:13.977972Z  INFO request{request_id=01a0f920-d679-71f0-8b26-b6925ed09816 method=POST path=/v1/transcribe}: gigastt_core::inference::audio::wave: Audio (wave): 48000Hz, 2ch (streaming windows)
2026-10-01T20:21:14.099035Z  INFO request{request_id=01a0f920-d608-712a-a0af-f13d7f2acc47 method=POST path=/v1/transcribe}: gigastt_core::inference::engine::infer: encoder_inference elapsed_ms=229
2026-10-01T20:21:14.099115Z  INFO request{request_id=01a0f920-d608-712a-a0af-f13d7f2acc47 method=POST path=/v1/transcribe}: gigastt_core::inference::engine::file_stream: transcribe complete (streaming windows) audio_s=2.02 wall_s=0.23 rtf=0.116
2026-10-01T20:21:14.102413Z  INFO request{request_id=01a0f920-d6f6-7350-990b-5cb2a27bb1ef method=POST path=/v1/transcribe}: gigastt_core::inference::audio::wave: Audio (wave): 48000Hz, 2ch (streaming windows)
2026-10-01T20:21:14.112086Z  INFO request{request_id=01a0f920-d679-71f0-8b26-b6925ed09816 method=POST path=/v1/transcribe}: gigastt_core::inference::engine::infer: encoder_inference elapsed_ms=129
2026-10-01T20:21:14.112176Z  INFO request{request_id=01a0f920-d679-71f0-8b26-b6925ed09816 method=POST path=/v1/transcribe}: gigastt_core::inference::engine::file_stream: transcribe complete (streaming windows) audio_s=1.01 wall_s=0.13 rtf=0.132
2026-10-01T20:21:14.114841Z  INFO request{request_id=01a0f920-d702-708f-b7ac-0788bc470401 method=POST path=/v1/transcribe}: gigastt_core::inference::audio::wave: Audio (wave): 48000Hz, 2ch (streaming windows)
2026-10-01T20:21:14.258816Z  INFO request{request_id=01a0f920-d6f6-7350-990b-5cb2a27bb1ef method=POST path=/v1/transcribe}: gigastt_core::inference::engine::infer: encoder_inference elapsed_ms=153
2026-10-01T20:21:14.258898Z  INFO request{request_id=01a0f920-d6f6-7350-990b-5cb2a27bb1ef method=POST path=/v1/transcribe}: gigastt_core::inference::engine::file_stream: transcribe complete (streaming windows) audio_s=1.26 wall_s=0.16 rtf=0.124
2026-10-01T20:21:14.261755Z  INFO request{request_id=01a0f920-d795-7035-94ad-cf4869787477 method=POST path=/v1/transcribe}: gigastt_core::inference::audio::wave: Audio (wave): 48000Hz, 2ch (streaming windows)
2026-10-01T20:21:14.309898Z  INFO request{request_id=01a0f920-d702-708f-b7ac-0788bc470401 method=POST path=/v1/transcribe}: gigastt_core::inference::engine::infer: encoder_inference elapsed_ms=191
2026-10-01T20:21:14.309995Z  INFO request{request_id=01a0f920-d702-708f-b7ac-0788bc470401 method=POST path=/v1/transcribe}: gigastt_core::inference::engine::file_stream: transcribe complete (streaming windows) audio_s=1.65 wall_s=0.20 rtf=0.118
2026-10-01T20:21:14.312649Z  INFO request{request_id=01a0f920-d7c8-73b9-8254-0d6b071f2ba7 method=POST path=/v1/transcribe}: gigastt_core::inference::audio::wave: Audio (wave): 48000Hz, 2ch (streaming windows)
2026-10-01T20:21:14.392896Z  INFO request{request_id=01a0f920-d795-7035-94ad-cf4869787477 method=POST path=/v1/transcribe}: gigastt_core::inference::engine::infer: encoder_inference elapsed_ms=126
2026-10-01T20:21:14.392954Z  INFO request{request_id=01a0f920-d795-7035-94ad-cf4869787477 method=POST path=/v1/transcribe}: gigastt_core::inference::engine::file_stream: transcribe complete (streaming windows) audio_s=1.00 wall_s=0.13 rtf=0.131
2026-10-01T20:21:14.395594Z  INFO request{request_id=01a0f920-d81b-722a-8eaf-0774a0d895a2 method=POST path=/v1/transcribe}: gigastt_core::inference::audio::wave: Audio (wave): 48000Hz, 2ch (streaming windows)
2026-10-01T20:21:14.468360Z  INFO request{request_id=01a0f920-d7c8-73b9-8254-0d6b071f2ba7 method=POST path=/v1/transcribe}: gigastt_core::inference::engine::infer: encoder_inference elapsed_ms=152
2026-10-01T20:21:14.468452Z  INFO request{request_id=01a0f920-d7c8-73b9-8254-0d6b071f2ba7 method=POST path=/v1/transcribe}: gigastt_core::inference::engine::file_stream: transcribe complete (streaming windows) audio_s=1.18 wall_s=0.16 rtf=0.132
2026-10-01T20:21:14.471246Z  INFO request{request_id=01a0f920-d867-70df-9e5d-d7e1b9ae2669 method=POST path=/v1/transcribe}: gigastt_core::inference::audio::wave: Audio (wave): 48000Hz, 2ch (streaming windows)
2026-10-01T20:21:14.519322Z  INFO request{request_id=01a0f920-d81b-722a-8eaf-0774a0d895a2 method=POST path=/v1/transcribe}: gigastt_core::inference::engine::infer: encoder_inference elapsed_ms=120
2026-10-01T20:21:14.519384Z  INFO request{request_id=01a0f920-d81b-722a-8eaf-0774a0d895a2 method=POST path=/v1/transcribe}: gigastt_core::inference::engine::file_stream: transcribe complete (streaming windows) audio_s=1.02 wall_s=0.12 rtf=0.121
2026-10-01T20:21:14.522327Z  INFO request{request_id=01a0f920-d89a-740c-94f8-9bea3c78c918 method=POST path=/v1/transcribe}: gigastt_core::inference::audio::wave: Audio (wave): 48000Hz, 2ch (streaming windows)
2026-10-01T20:21:14.634768Z  INFO request{request_id=01a0f920-d867-70df-9e5d-d7e1b9ae2669 method=POST path=/v1/transcribe}: gigastt_core::inference::engine::infer: encoder_inference elapsed_ms=158
2026-10-01T20:21:14.634937Z  INFO request{request_id=01a0f920-d867-70df-9e5d-d7e1b9ae2669 method=POST path=/v1/transcribe}: gigastt_core::inference::engine::file_stream: transcribe complete (streaming windows) audio_s=1.20 wall_s=0.16 rtf=0.136
2026-10-01T20:21:14.650720Z  INFO request{request_id=01a0f920-d91a-72e8-89be-853d9ab99bcc method=POST path=/v1/transcribe}: gigastt_core::inference::audio::wave: Audio (wave): 48000Hz, 2ch (streaming windows)
2026-10-01T20:21:14.675479Z  INFO request{request_id=01a0f920-d89a-740c-94f8-9bea3c78c918 method=POST path=/v1/transcribe}: gigastt_core::inference::engine::infer: encoder_inference elapsed_ms=150
2026-10-01T20:21:14.675563Z  INFO request{request_id=01a0f920-d89a-740c-94f8-9bea3c78c918 method=POST path=/v1/transcribe}: gigastt_core::inference::engine::file_stream: transcribe complete (streaming windows) audio_s=1.14 wall_s=0.15 rtf=0.135
2026-10-01T20:21:14.682756Z  INFO request{request_id=01a0f920-d93a-779f-bfac-4aa89422519f method=POST path=/v1/transcribe}: gigastt_core::inference::audio::wave: Audio (wave): 48000Hz, 2ch (streaming windows)
2026-10-01T20:21:14.842403Z  INFO request{request_id=01a0f920-d93a-779f-bfac-4aa89422519f method=POST path=/v1/transcribe}: gigastt_core::inference::engine::infer: encoder_inference elapsed_ms=156
2026-10-01T20:21:14.842463Z  INFO request{request_id=01a0f920-d93a-779f-bfac-4aa89422519f method=POST path=/v1/transcribe}: gigastt_core::inference::engine::file_stream: transcribe complete (streaming windows) audio_s=1.20 wall_s=0.16 rtf=0.133
2026-10-01T20:21:14.848497Z  INFO request{request_id=01a0f920-d9e0-756d-a108-29cb6c87e791 method=POST path=/v1/transcribe}: gigastt_core::inference::audio::wave: Audio (wave): 48000Hz, 2ch (streaming windows)
2026-10-01T20:21:14.856770Z  INFO request{request_id=01a0f920-d91a-72e8-89be-853d9ab99bcc method=POST path=/v1/transcribe}: gigastt_core::inference::engine::infer: encoder_inference elapsed_ms=202
2026-10-01T20:21:14.856843Z  INFO request{request_id=01a0f920-d91a-72e8-89be-853d9ab99bcc method=POST path=/v1/transcribe}: gigastt_core::inference::engine::file_stream: transcribe complete (streaming windows) audio_s=1.86 wall_s=0.21 rtf=0.111
2026-10-01T20:21:14.859310Z  INFO request{request_id=01a0f920-d9eb-7577-ae9e-c3f45f0c6b1a method=POST path=/v1/transcribe}: gigastt_core::inference::audio::wave: Audio (wave): 48000Hz, 2ch (streaming windows)
2026-10-01T20:21:14.991702Z  INFO request{request_id=01a0f920-d9e0-756d-a108-29cb6c87e791 method=POST path=/v1/transcribe}: gigastt_core::inference::engine::infer: encoder_inference elapsed_ms=140
2026-10-01T20:21:14.991760Z  INFO request{request_id=01a0f920-d9e0-756d-a108-29cb6c87e791 method=POST path=/v1/transcribe}: gigastt_core::inference::engine::file_stream: transcribe complete (streaming windows) audio_s=1.04 wall_s=0.14 rtf=0.137
2026-10-01T20:21:14.997513Z  INFO request{request_id=01a0f920-da75-74b1-8c37-65db137b9129 method=POST path=/v1/transcribe}: gigastt_core::inference::audio::wave: Audio (wave): 48000Hz, 2ch (streaming windows)
2026-10-01T20:21:15.012797Z  INFO request{request_id=01a0f920-d9eb-7577-ae9e-c3f45f0c6b1a method=POST path=/v1/transcribe}: gigastt_core::inference::engine::infer: encoder_inference elapsed_ms=150
2026-10-01T20:21:15.012866Z  INFO request{request_id=01a0f920-d9eb-7577-ae9e-c3f45f0c6b1a method=POST path=/v1/transcribe}: gigastt_core::inference::engine::file_stream: transcribe complete (streaming windows) audio_s=1.30 wall_s=0.15 rtf=0.118
2026-10-01T20:21:15.015785Z  INFO request{request_id=01a0f920-da87-762d-b088-c08d0bdbbccb method=POST path=/v1/transcribe}: gigastt_core::inference::audio::wave: Audio (wave): 48000Hz, 2ch (streaming windows)
2026-10-01T20:21:15.157448Z  INFO request{request_id=01a0f920-da75-74b1-8c37-65db137b9129 method=POST path=/v1/transcribe}: gigastt_core::inference::engine::infer: encoder_inference elapsed_ms=156
2026-10-01T20:21:15.157520Z  INFO request{request_id=01a0f920-da75-74b1-8c37-65db137b9129 method=POST path=/v1/transcribe}: gigastt_core::inference::engine::file_stream: transcribe complete (streaming windows) audio_s=1.43 wall_s=0.16 rtf=0.111
2026-10-01T20:21:15.160434Z  INFO request{request_id=01a0f920-db18-7483-a773-f1de602619e7 method=POST path=/v1/transcribe}: gigastt_core::inference::audio::wave: Audio (wave): 48000Hz, 2ch (streaming windows)
2026-10-01T20:21:15.210401Z  INFO request{request_id=01a0f920-da87-762d-b088-c08d0bdbbccb method=POST path=/v1/transcribe}: gigastt_core::inference::engine::infer: encoder_inference elapsed_ms=190
2026-10-01T20:21:15.210475Z  INFO request{request_id=01a0f920-da87-762d-b088-c08d0bdbbccb method=POST path=/v1/transcribe}: gigastt_core::inference::engine::file_stream: transcribe complete (streaming windows) audio_s=1.59 wall_s=0.19 rtf=0.122
2026-10-01T20:21:15.213377Z  INFO request{request_id=01a0f920-db4d-7125-b2c3-456c89922830 method=POST path=/v1/transcribe}: gigastt_core::inference::audio::wave: Audio (wave): 48000Hz, 2ch (streaming windows)
2026-10-01T20:21:15.303632Z  INFO request{request_id=01a0f920-db18-7483-a773-f1de602619e7 method=POST path=/v1/transcribe}: gigastt_core::inference::engine::infer: encoder_inference elapsed_ms=140
2026-10-01T20:21:15.303697Z  INFO request{request_id=01a0f920-db18-7483-a773-f1de602619e7 method=POST path=/v1/transcribe}: gigastt_core::inference::engine::file_stream: transcribe complete (streaming windows) audio_s=1.17 wall_s=0.14 rtf=0.122
2026-10-01T20:21:15.306759Z  INFO request{request_id=01a0f920-dbaa-77f2-afcd-8e2a0dd93fd8 method=POST path=/v1/transcribe}: gigastt_core::inference::audio::wave: Audio (wave): 48000Hz, 2ch (streaming windows)
2026-10-01T20:21:15.362817Z  INFO request{request_id=01a0f920-db4d-7125-b2c3-456c89922830 method=POST path=/v1/transcribe}: gigastt_core::inference::engine::infer: encoder_inference elapsed_ms=146
2026-10-01T20:21:15.362886Z  INFO request{request_id=01a0f920-db4d-7125-b2c3-456c89922830 method=POST path=/v1/transcribe}: gigastt_core::inference::engine::file_stream: transcribe complete (streaming windows) audio_s=1.20 wall_s=0.15 rtf=0.124
2026-10-01T20:21:15.365685Z  INFO request{request_id=01a0f920-dbe5-773a-acae-6180a565da91 method=POST path=/v1/transcribe}: gigastt_core::inference::audio::wave: Audio (wave): 48000Hz, 2ch (streaming windows)
2026-10-01T20:21:15.457206Z  INFO request{request_id=01a0f920-dbaa-77f2-afcd-8e2a0dd93fd8 method=POST path=/v1/transcribe}: gigastt_core::inference::engine::infer: encoder_inference elapsed_ms=147
2026-10-01T20:21:15.457276Z  INFO request{request_id=01a0f920-dbaa-77f2-afcd-8e2a0dd93fd8 method=POST path=/v1/transcribe}: gigastt_core::inference::engine::file_stream: transcribe complete (streaming windows) audio_s=1.20 wall_s=0.15 rtf=0.125
2026-10-01T20:21:15.460301Z  INFO request{request_id=01a0f920-dc44-7478-b3e5-2d9acd64cf9c method=POST path=/v1/transcribe}: gigastt_core::inference::audio::wave: Audio (wave): 48000Hz, 2ch (streaming windows)
2026-10-01T20:21:15.574162Z  INFO request{request_id=01a0f920-dbe5-773a-acae-6180a565da91 method=POST path=/v1/transcribe}: gigastt_core::inference::engine::infer: encoder_inference elapsed_ms=205
2026-10-01T20:21:15.574233Z  INFO request{request_id=01a0f920-dbe5-773a-acae-6180a565da91 method=POST path=/v1/transcribe}: gigastt_core::inference::engine::file_stream: transcribe complete (streaming windows) audio_s=1.90 wall_s=0.21 rtf=0.110
2026-10-01T20:21:15.580304Z  INFO request{request_id=01a0f920-dcbb-70b6-8d1c-26ef16a80405 method=POST path=/v1/transcribe}: gigastt_core::inference::audio::wave: Audio (wave): 48000Hz, 2ch (streaming windows)
2026-10-01T20:21:15.603092Z  INFO request{request_id=01a0f920-dc44-7478-b3e5-2d9acd64cf9c method=POST path=/v1/transcribe}: gigastt_core::inference::engine::infer: encoder_inference elapsed_ms=139
2026-10-01T20:21:15.603156Z  INFO request{request_id=01a0f920-dc44-7478-b3e5-2d9acd64cf9c method=POST path=/v1/transcribe}: gigastt_core::inference::engine::file_stream: transcribe complete (streaming windows) audio_s=1.03 wall_s=0.14 rtf=0.139
2026-10-01T20:21:15.606277Z  INFO request{request_id=01a0f920-dcd6-70e7-9ef4-2256b6f29f88 method=POST path=/v1/transcribe}: gigastt_core::inference::audio::wave: Audio (wave): 48000Hz, 2ch (streaming windows)
2026-10-01T20:21:15.746163Z  INFO request{request_id=01a0f920-dcbb-70b6-8d1c-26ef16a80405 method=POST path=/v1/transcribe}: gigastt_core::inference::engine::infer: encoder_inference elapsed_ms=162
2026-10-01T20:21:15.746231Z  INFO request{request_id=01a0f920-dcbb-70b6-8d1c-26ef16a80405 method=POST path=/v1/transcribe}: gigastt_core::inference::engine::file_stream: transcribe complete (streaming windows) audio_s=1.32 wall_s=0.17 rtf=0.126
2026-10-01T20:21:15.752249Z  INFO request{request_id=01a0f920-dd67-74f3-ba53-d0c87c9dea6d method=POST path=/v1/transcribe}: gigastt_core::inference::audio::wave: Audio (wave): 48000Hz, 2ch (streaming windows)
2026-10-01T20:21:15.805551Z  INFO request{request_id=01a0f920-dcd6-70e7-9ef4-2256b6f29f88 method=POST path=/v1/transcribe}: gigastt_core::inference::engine::infer: encoder_inference elapsed_ms=195
2026-10-01T20:21:15.805678Z  INFO request{request_id=01a0f920-dcd6-70e7-9ef4-2256b6f29f88 method=POST path=/v1/transcribe}: gigastt_core::inference::engine::file_stream: transcribe complete (streaming windows) audio_s=1.76 wall_s=0.20 rtf=0.113
2026-10-01T20:21:15.809013Z  INFO request{request_id=01a0f920-dda0-77ba-8b3c-2b9c38fca6e1 method=POST path=/v1/transcribe}: gigastt_core::inference::audio::wave: Audio (wave): 48000Hz, 2ch (streaming windows)
2026-10-01T20:21:15.954829Z  INFO request{request_id=01a0f920-dd67-74f3-ba53-d0c87c9dea6d method=POST path=/v1/transcribe}: gigastt_core::inference::engine::infer: encoder_inference elapsed_ms=197
2026-10-01T20:21:15.954900Z  INFO request{request_id=01a0f920-dd67-74f3-ba53-d0c87c9dea6d method=POST path=/v1/transcribe}: gigastt_core::inference::engine::file_stream: transcribe complete (streaming windows) audio_s=1.90 wall_s=0.20 rtf=0.107
2026-10-01T20:21:15.957564Z  INFO request{request_id=01a0f920-de35-765b-ae11-eace7b918347 method=POST path=/v1/transcribe}: gigastt_core::inference::audio::wave: Audio (wave): 48000Hz, 2ch (streaming windows)
2026-10-01T20:21:16.142657Z  INFO request{request_id=01a0f920-dda0-77ba-8b3c-2b9c38fca6e1 method=POST path=/v1/transcribe}: gigastt_core::inference::engine::infer: encoder_inference elapsed_ms=329
2026-10-01T20:21:16.142750Z  INFO request{request_id=01a0f920-dda0-77ba-8b3c-2b9c38fca6e1 method=POST path=/v1/transcribe}: gigastt_core::inference::engine::file_stream: transcribe complete (streaming windows) audio_s=3.01 wall_s=0.33 rtf=0.111
2026-10-01T20:21:16.145254Z  INFO request{request_id=01a0f920-def1-7531-be40-deef4de817fa method=POST path=/v1/transcribe}: gigastt_core::inference::audio::wave: Audio (wave): 48000Hz, 2ch (streaming windows)
2026-10-01T20:21:16.203274Z  INFO request{request_id=01a0f920-de35-765b-ae11-eace7b918347 method=POST path=/v1/transcribe}: gigastt_core::inference::engine::infer: encoder_inference elapsed_ms=242
2026-10-01T20:21:16.203350Z  INFO request{request_id=01a0f920-de35-765b-ae11-eace7b918347 method=POST path=/v1/transcribe}: gigastt_core::inference::engine::file_stream: transcribe complete (streaming windows) audio_s=2.09 wall_s=0.25 rtf=0.117
2026-10-01T20:21:16.206406Z  INFO request{request_id=01a0f920-df2e-72a1-b149-5c40a0b10d2e method=POST path=/v1/transcribe}: gigastt_core::inference::audio::wave: Audio (wave): 48000Hz, 2ch (streaming windows)
2026-10-01T20:21:16.292895Z  INFO request{request_id=01a0f920-def1-7531-be40-deef4de817fa method=POST path=/v1/transcribe}: gigastt_core::inference::engine::infer: encoder_inference elapsed_ms=144
2026-10-01T20:21:16.293013Z  INFO request{request_id=01a0f920-def1-7531-be40-deef4de817fa method=POST path=/v1/transcribe}: gigastt_core::inference::engine::file_stream: transcribe complete (streaming windows) audio_s=1.10 wall_s=0.15 rtf=0.134
2026-10-01T20:21:16.295686Z  INFO request{request_id=01a0f920-df87-745d-b2d1-28a20deb19a2 method=POST path=/v1/transcribe}: gigastt_core::inference::audio::wave: Audio (wave): 48000Hz, 2ch (streaming windows)
2026-10-01T20:21:16.393756Z  INFO request{request_id=01a0f920-df2e-72a1-b149-5c40a0b10d2e method=POST path=/v1/transcribe}: gigastt_core::inference::engine::infer: encoder_inference elapsed_ms=184
2026-10-01T20:21:16.393829Z  INFO request{request_id=01a0f920-df2e-72a1-b149-5c40a0b10d2e method=POST path=/v1/transcribe}: gigastt_core::inference::engine::file_stream: transcribe complete (streaming windows) audio_s=1.81 wall_s=0.19 rtf=0.104
2026-10-01T20:21:16.396354Z  INFO request{request_id=01a0f920-dfec-777a-ba8c-5d5ba907e3db method=POST path=/v1/transcribe}: gigastt_core::inference::audio::wave: Audio (wave): 48000Hz, 2ch (streaming windows)
2026-10-01T20:21:16.426849Z  INFO request{request_id=01a0f920-df87-745d-b2d1-28a20deb19a2 method=POST path=/v1/transcribe}: gigastt_core::inference::engine::infer: encoder_inference elapsed_ms=128
2026-10-01T20:21:16.426913Z  INFO request{request_id=01a0f920-df87-745d-b2d1-28a20deb19a2 method=POST path=/v1/transcribe}: gigastt_core::inference::engine::file_stream: transcribe complete (streaming windows) audio_s=1.03 wall_s=0.13 rtf=0.128
2026-10-01T20:21:16.429339Z  INFO request{request_id=01a0f920-e00d-71db-9274-da4e29d6f0ad method=POST path=/v1/transcribe}: gigastt_core::inference::audio::wave: Audio (wave): 48000Hz, 2ch (streaming windows)
2026-10-01T20:21:16.559687Z  INFO request{request_id=01a0f920-dfec-777a-ba8c-5d5ba907e3db method=POST path=/v1/transcribe}: gigastt_core::inference::engine::infer: encoder_inference elapsed_ms=160
2026-10-01T20:21:16.559751Z  INFO request{request_id=01a0f920-dfec-777a-ba8c-5d5ba907e3db method=POST path=/v1/transcribe}: gigastt_core::inference::engine::file_stream: transcribe complete (streaming windows) audio_s=1.32 wall_s=0.16 rtf=0.123
2026-10-01T20:21:16.565678Z  INFO request{request_id=01a0f920-e095-71f0-a754-b4a4d50848ec method=POST path=/v1/transcribe}: gigastt_core::inference::audio::wave: Audio (wave): 48000Hz, 2ch (streaming windows)
2026-10-01T20:21:16.627211Z  INFO request{request_id=01a0f920-e00d-71db-9274-da4e29d6f0ad method=POST path=/v1/transcribe}: gigastt_core::inference::engine::infer: encoder_inference elapsed_ms=194
2026-10-01T20:21:16.627292Z  INFO request{request_id=01a0f920-e00d-71db-9274-da4e29d6f0ad method=POST path=/v1/transcribe}: gigastt_core::inference::engine::file_stream: transcribe complete (streaming windows) audio_s=1.70 wall_s=0.20 rtf=0.117
2026-10-01T20:21:16.630215Z  INFO request{request_id=01a0f920-e0d5-77a2-beb6-2f9f7dfe0cb2 method=POST path=/v1/transcribe}: gigastt_core::inference::audio::wave: Audio (wave): 48000Hz, 2ch (streaming windows)
2026-10-01T20:21:16.703168Z  INFO request{request_id=01a0f920-e095-71f0-a754-b4a4d50848ec method=POST path=/v1/transcribe}: gigastt_core::inference::engine::infer: encoder_inference elapsed_ms=134
2026-10-01T20:21:16.703253Z  INFO request{request_id=01a0f920-e095-71f0-a754-b4a4d50848ec method=POST path=/v1/transcribe}: gigastt_core::inference::engine::file_stream: transcribe complete (streaming windows) audio_s=1.38 wall_s=0.14 rtf=0.099
2026-10-01T20:21:16.706457Z  INFO request{request_id=01a0f920-e122-776d-9687-f036cba997c2 method=POST path=/v1/transcribe}: gigastt_core::inference::audio::wave: Audio (wave): 48000Hz, 2ch (streaming windows)
2026-10-01T20:21:16.775812Z  INFO request{request_id=01a0f920-e0d5-77a2-beb6-2f9f7dfe0cb2 method=POST path=/v1/transcribe}: gigastt_core::inference::engine::infer: encoder_inference elapsed_ms=142
2026-10-01T20:21:16.775875Z  INFO request{request_id=01a0f920-e0d5-77a2-beb6-2f9f7dfe0cb2 method=POST path=/v1/transcribe}: gigastt_core::inference::engine::file_stream: transcribe complete (streaming windows) audio_s=1.18 wall_s=0.15 rtf=0.123
2026-10-01T20:21:16.778916Z  INFO request{request_id=01a0f920-e16a-721e-a381-0e24a38153a9 method=POST path=/v1/transcribe}: gigastt_core::inference::audio::wave: Audio (wave): 48000Hz, 2ch (streaming windows)
2026-10-01T20:21:16.862139Z  INFO request{request_id=01a0f920-e122-776d-9687-f036cba997c2 method=POST path=/v1/transcribe}: gigastt_core::inference::engine::infer: encoder_inference elapsed_ms=152
2026-10-01T20:21:16.862207Z  INFO request{request_id=01a0f920-e122-776d-9687-f036cba997c2 method=POST path=/v1/transcribe}: gigastt_core::inference::engine::file_stream: transcribe complete (streaming windows) audio_s=1.26 wall_s=0.16 rtf=0.124
2026-10-01T20:21:16.865013Z  INFO request{request_id=01a0f920-e1c0-7558-9ad3-9b44e0ff69a0 method=POST path=/v1/transcribe}: gigastt_core::inference::audio::wave: Audio (wave): 48000Hz, 2ch (streaming windows)
2026-10-01T20:21:16.976427Z  INFO request{request_id=01a0f920-e16a-721e-a381-0e24a38153a9 method=POST path=/v1/transcribe}: gigastt_core::inference::engine::infer: encoder_inference elapsed_ms=193
2026-10-01T20:21:16.976501Z  INFO request{request_id=01a0f920-e16a-721e-a381-0e24a38153a9 method=POST path=/v1/transcribe}: gigastt_core::inference::engine::file_stream: transcribe complete (streaming windows) audio_s=1.63 wall_s=0.20 rtf=0.121
2026-10-01T20:21:16.982601Z  INFO request{request_id=01a0f920-e236-767a-9582-e0ab1f7832e7 method=POST path=/v1/transcribe}: gigastt_core::inference::audio::wave: Audio (wave): 48000Hz, 2ch (streaming windows)
2026-10-01T20:21:17.080388Z  INFO request{request_id=01a0f920-e1c0-7558-9ad3-9b44e0ff69a0 method=POST path=/v1/transcribe}: gigastt_core::inference::engine::infer: encoder_inference elapsed_ms=212
2026-10-01T20:21:17.080467Z  INFO request{request_id=01a0f920-e1c0-7558-9ad3-9b44e0ff69a0 method=POST path=/v1/transcribe}: gigastt_core::inference::engine::file_stream: transcribe complete (streaming windows) audio_s=1.98 wall_s=0.22 rtf=0.109
2026-10-01T20:21:17.083784Z  INFO request{request_id=01a0f920-e29b-7227-8f23-91ff21ebfc03 method=POST path=/v1/transcribe}: gigastt_core::inference::audio::wave: Audio (wave): 48000Hz, 2ch (streaming windows)
2026-10-01T20:21:17.117264Z  INFO request{request_id=01a0f920-e236-767a-9582-e0ab1f7832e7 method=POST path=/v1/transcribe}: gigastt_core::inference::engine::infer: encoder_inference elapsed_ms=131
2026-10-01T20:21:17.117330Z  INFO request{request_id=01a0f920-e236-767a-9582-e0ab1f7832e7 method=POST path=/v1/transcribe}: gigastt_core::inference::engine::file_stream: transcribe complete (streaming windows) audio_s=1.01 wall_s=0.13 rtf=0.133
2026-10-01T20:21:17.120292Z  INFO request{request_id=01a0f920-e2c0-716b-9760-fcf3701c3e44 method=POST path=/v1/transcribe}: gigastt_core::inference::audio::wave: Audio (wave): 48000Hz, 2ch (streaming windows)
2026-10-01T20:21:17.190814Z  INFO request{request_id=01a0f920-e29b-7227-8f23-91ff21ebfc03 method=POST path=/v1/transcribe}: gigastt_core::inference::engine::infer: encoder_inference elapsed_ms=104
2026-10-01T20:21:17.190877Z  INFO request{request_id=01a0f920-e29b-7227-8f23-91ff21ebfc03 method=POST path=/v1/transcribe}: gigastt_core::inference::engine::file_stream: transcribe complete (streaming windows) audio_s=1.08 wall_s=0.11 rtf=0.099
2026-10-01T20:21:17.193647Z  INFO request{request_id=01a0f920-e309-71bb-a661-f1f1e68889b2 method=POST path=/v1/transcribe}: gigastt_core::inference::audio::wave: Audio (wave): 48000Hz, 2ch (streaming windows)
2026-10-01T20:21:17.284576Z  INFO request{request_id=01a0f920-e2c0-716b-9760-fcf3701c3e44 method=POST path=/v1/transcribe}: gigastt_core::inference::engine::infer: encoder_inference elapsed_ms=160
2026-10-01T20:21:17.284651Z  INFO request{request_id=01a0f920-e2c0-716b-9760-fcf3701c3e44 method=POST path=/v1/transcribe}: gigastt_core::inference::engine::file_stream: transcribe complete (streaming windows) audio_s=1.33 wall_s=0.16 rtf=0.123
2026-10-01T20:21:17.287703Z  INFO request{request_id=01a0f920-e367-72b2-b84d-ae1b5f9c5e0b method=POST path=/v1/transcribe}: gigastt_core::inference::audio::wave: Audio (wave): 48000Hz, 2ch (streaming windows)
2026-10-01T20:21:17.332678Z  INFO request{request_id=01a0f920-e309-71bb-a661-f1f1e68889b2 method=POST path=/v1/transcribe}: gigastt_core::inference::engine::infer: encoder_inference elapsed_ms=136
2026-10-01T20:21:17.332748Z  INFO request{request_id=01a0f920-e309-71bb-a661-f1f1e68889b2 method=POST path=/v1/transcribe}: gigastt_core::inference::engine::file_stream: transcribe complete (streaming windows) audio_s=1.04 wall_s=0.14 rtf=0.133
2026-10-01T20:21:17.335629Z  INFO request{request_id=01a0f920-e397-74e1-a1ba-eec535223cf4 method=POST path=/v1/transcribe}: gigastt_core::inference::audio::wave: Audio (wave): 48000Hz, 2ch (streaming windows)
2026-10-01T20:21:17.468191Z  INFO request{request_id=01a0f920-e367-72b2-b84d-ae1b5f9c5e0b method=POST path=/v1/transcribe}: gigastt_core::inference::engine::infer: encoder_inference elapsed_ms=177
2026-10-01T20:21:17.468254Z  INFO request{request_id=01a0f920-e367-72b2-b84d-ae1b5f9c5e0b method=POST path=/v1/transcribe}: gigastt_core::inference::engine::file_stream: transcribe complete (streaming windows) audio_s=1.59 wall_s=0.18 rtf=0.114
2026-10-01T20:21:17.474708Z  INFO request{request_id=01a0f920-e422-74f5-ac52-f29da4bacee5 method=POST path=/v1/transcribe}: gigastt_core::inference::audio::wave: Audio (wave): 48000Hz, 2ch (streaming windows)
2026-10-01T20:21:17.480795Z  INFO request{request_id=01a0f920-e397-74e1-a1ba-eec535223cf4 method=POST path=/v1/transcribe}: gigastt_core::inference::engine::infer: encoder_inference elapsed_ms=142
2026-10-01T20:21:17.480882Z  INFO request{request_id=01a0f920-e397-74e1-a1ba-eec535223cf4 method=POST path=/v1/transcribe}: gigastt_core::inference::engine::file_stream: transcribe complete (streaming windows) audio_s=1.12 wall_s=0.15 rtf=0.130
2026-10-01T20:21:17.484011Z  INFO request{request_id=01a0f920-e42b-7284-8aa1-8d1937845ede method=POST path=/v1/transcribe}: gigastt_core::inference::audio::wave: Audio (wave): 48000Hz, 2ch (streaming windows)
2026-10-01T20:21:17.621526Z  INFO request{request_id=01a0f920-e422-74f5-ac52-f29da4bacee5 method=POST path=/v1/transcribe}: gigastt_core::inference::engine::infer: encoder_inference elapsed_ms=143
2026-10-01T20:21:17.621585Z  INFO request{request_id=01a0f920-e422-74f5-ac52-f29da4bacee5 method=POST path=/v1/transcribe}: gigastt_core::inference::engine::file_stream: transcribe complete (streaming windows) audio_s=1.22 wall_s=0.15 rtf=0.120
2026-10-01T20:21:17.623528Z  INFO request{request_id=01a0f920-e42b-7284-8aa1-8d1937845ede method=POST path=/v1/transcribe}: gigastt_core::inference::engine::infer: encoder_inference elapsed_ms=135
2026-10-01T20:21:17.623560Z  INFO request{request_id=01a0f920-e42b-7284-8aa1-8d1937845ede method=POST path=/v1/transcribe}: gigastt_core::inference::engine::file_stream: transcribe complete (streaming windows) audio_s=1.10 wall_s=0.14 rtf=0.127
2026-10-01T20:21:17.627415Z  INFO request{request_id=01a0f920-e4bb-71d0-a4d4-1c31ebde26c2 method=POST path=/v1/transcribe}: gigastt_core::inference::audio::wave: Audio (wave): 48000Hz, 2ch (streaming windows)
2026-10-01T20:21:17.628352Z  INFO request{request_id=01a0f920-e4bc-7735-9633-5d32945e1ac1 method=POST path=/v1/transcribe}: gigastt_core::inference::audio::wave: Audio (wave): 48000Hz, 2ch (streaming windows)
2026-10-01T20:21:17.756108Z  INFO request{request_id=01a0f920-e4bb-71d0-a4d4-1c31ebde26c2 method=POST path=/v1/transcribe}: gigastt_core::inference::engine::infer: encoder_inference elapsed_ms=125
2026-10-01T20:21:17.756177Z  INFO request{request_id=01a0f920-e4bb-71d0-a4d4-1c31ebde26c2 method=POST path=/v1/transcribe}: gigastt_core::inference::engine::file_stream: transcribe complete (streaming windows) audio_s=1.08 wall_s=0.13 rtf=0.119
2026-10-01T20:21:17.762414Z  INFO request{request_id=01a0f920-e542-7732-b670-2d77838f5b00 method=POST path=/v1/transcribe}: gigastt_core::inference::audio::wave: Audio (wave): 48000Hz, 2ch (streaming windows)
2026-10-01T20:21:17.792235Z  INFO request{request_id=01a0f920-e4bc-7735-9633-5d32945e1ac1 method=POST path=/v1/transcribe}: gigastt_core::inference::engine::infer: encoder_inference elapsed_ms=160
2026-10-01T20:21:17.792305Z  INFO request{request_id=01a0f920-e4bc-7735-9633-5d32945e1ac1 method=POST path=/v1/transcribe}: gigastt_core::inference::engine::file_stream: transcribe complete (streaming windows) audio_s=1.28 wall_s=0.16 rtf=0.128
2026-10-01T20:21:17.795328Z  INFO request{request_id=01a0f920-e563-707f-bb4b-71ed2b7347b6 method=POST path=/v1/transcribe}: gigastt_core::inference::audio::wave: Audio (wave): 48000Hz, 2ch (streaming windows)
2026-10-01T20:21:17.894484Z  INFO request{request_id=01a0f920-e542-7732-b670-2d77838f5b00 method=POST path=/v1/transcribe}: gigastt_core::inference::engine::infer: encoder_inference elapsed_ms=128
2026-10-01T20:21:17.894545Z  INFO request{request_id=01a0f920-e542-7732-b670-2d77838f5b00 method=POST path=/v1/transcribe}: gigastt_core::inference::engine::file_stream: transcribe complete (streaming windows) audio_s=1.01 wall_s=0.13 rtf=0.131
2026-10-01T20:21:17.897660Z  INFO request{request_id=01a0f920-e5c9-758d-9324-78836635118c method=POST path=/v1/transcribe}: gigastt_core::inference::audio::wave: Audio (wave): 48000Hz, 2ch (streaming windows)
2026-10-01T20:21:17.955805Z  INFO request{request_id=01a0f920-e563-707f-bb4b-71ed2b7347b6 method=POST path=/v1/transcribe}: gigastt_core::inference::engine::infer: encoder_inference elapsed_ms=156
2026-10-01T20:21:17.955874Z  INFO request{request_id=01a0f920-e563-707f-bb4b-71ed2b7347b6 method=POST path=/v1/transcribe}: gigastt_core::inference::engine::file_stream: transcribe complete (streaming windows) audio_s=1.17 wall_s=0.16 rtf=0.137
2026-10-01T20:21:17.959080Z  INFO request{request_id=01a0f920-e606-7204-a4fd-c183b2fdfca3 method=POST path=/v1/transcribe}: gigastt_core::inference::audio::wave: Audio (wave): 48000Hz, 2ch (streaming windows)
2026-10-01T20:21:18.053940Z  INFO request{request_id=01a0f920-e5c9-758d-9324-78836635118c method=POST path=/v1/transcribe}: gigastt_core::inference::engine::infer: encoder_inference elapsed_ms=152
2026-10-01T20:21:18.054008Z  INFO request{request_id=01a0f920-e5c9-758d-9324-78836635118c method=POST path=/v1/transcribe}: gigastt_core::inference::engine::file_stream: transcribe complete (streaming windows) audio_s=1.45 wall_s=0.16 rtf=0.108
2026-10-01T20:21:18.057072Z  INFO request{request_id=01a0f920-e668-7556-9290-00314eebadf5 method=POST path=/v1/transcribe}: gigastt_core::inference::audio::wave: Audio (wave): 48000Hz, 2ch (streaming windows)
2026-10-01T20:21:18.161122Z  INFO request{request_id=01a0f920-e606-7204-a4fd-c183b2fdfca3 method=POST path=/v1/transcribe}: gigastt_core::inference::engine::infer: encoder_inference elapsed_ms=198
2026-10-01T20:21:18.161200Z  INFO request{request_id=01a0f920-e606-7204-a4fd-c183b2fdfca3 method=POST path=/v1/transcribe}: gigastt_core::inference::engine::file_stream: transcribe complete (streaming windows) audio_s=1.69 wall_s=0.20 rtf=0.120
2026-10-01T20:21:18.164083Z  INFO request{request_id=01a0f920-e6d3-77b3-9da0-f84c67beafa7 method=POST path=/v1/transcribe}: gigastt_core::inference::audio::wave: Audio (wave): 48000Hz, 2ch (streaming windows)
2026-10-01T20:21:18.235041Z  INFO request{request_id=01a0f920-e668-7556-9290-00314eebadf5 method=POST path=/v1/transcribe}: gigastt_core::inference::engine::infer: encoder_inference elapsed_ms=174
2026-10-01T20:21:18.235142Z  INFO request{request_id=01a0f920-e668-7556-9290-00314eebadf5 method=POST path=/v1/transcribe}: gigastt_core::inference::engine::file_stream: transcribe complete (streaming windows) audio_s=1.65 wall_s=0.18 rtf=0.108
2026-10-01T20:21:18.238038Z  INFO request{request_id=01a0f920-e71d-737f-bf05-03ffb0b03290 method=POST path=/v1/transcribe}: gigastt_core::inference::audio::wave: Audio (wave): 48000Hz, 2ch (streaming windows)
2026-10-01T20:21:18.307567Z  INFO request{request_id=01a0f920-e6d3-77b3-9da0-f84c67beafa7 method=POST path=/v1/transcribe}: gigastt_core::inference::engine::infer: encoder_inference elapsed_ms=140
2026-10-01T20:21:18.307648Z  INFO request{request_id=01a0f920-e6d3-77b3-9da0-f84c67beafa7 method=POST path=/v1/transcribe}: gigastt_core::inference::engine::file_stream: transcribe complete (streaming windows) audio_s=1.09 wall_s=0.14 rtf=0.131
2026-10-01T20:21:18.310838Z  INFO request{request_id=01a0f920-e766-718a-8e1e-fc49c2bdd5b7 method=POST path=/v1/transcribe}: gigastt_core::inference::audio::wave: Audio (wave): 48000Hz, 2ch (streaming windows)
2026-10-01T20:21:18.387123Z  INFO request{request_id=01a0f920-e71d-737f-bf05-03ffb0b03290 method=POST path=/v1/transcribe}: gigastt_core::inference::engine::infer: encoder_inference elapsed_ms=145
2026-10-01T20:21:18.387203Z  INFO request{request_id=01a0f920-e71d-737f-bf05-03ffb0b03290 method=POST path=/v1/transcribe}: gigastt_core::inference::engine::file_stream: transcribe complete (streaming windows) audio_s=1.32 wall_s=0.15 rtf=0.113
2026-10-01T20:21:18.390076Z  INFO request{request_id=01a0f920-e7b5-7095-8c36-39b9d08d5fb5 method=POST path=/v1/transcribe}: gigastt_core::inference::audio::wave: Audio (wave): 48000Hz, 2ch (streaming windows)
2026-10-01T20:21:18.458246Z  INFO request{request_id=01a0f920-e766-718a-8e1e-fc49c2bdd5b7 method=POST path=/v1/transcribe}: gigastt_core::inference::engine::infer: encoder_inference elapsed_ms=143
2026-10-01T20:21:18.458312Z  INFO request{request_id=01a0f920-e766-718a-8e1e-fc49c2bdd5b7 method=POST path=/v1/transcribe}: gigastt_core::inference::engine::file_stream: transcribe complete (streaming windows) audio_s=1.09 wall_s=0.15 rtf=0.135
2026-10-01T20:21:18.461538Z  INFO request{request_id=01a0f920-e7fd-7781-b391-8edd9dba8dfd method=POST path=/v1/transcribe}: gigastt_core::inference::audio::wave: Audio (wave): 48000Hz, 2ch (streaming windows)
2026-10-01T20:21:18.508553Z  INFO request{request_id=01a0f920-e7b5-7095-8c36-39b9d08d5fb5 method=POST path=/v1/transcribe}: gigastt_core::inference::engine::infer: encoder_inference elapsed_ms=114
2026-10-01T20:21:18.508617Z  INFO request{request_id=01a0f920-e7b5-7095-8c36-39b9d08d5fb5 method=POST path=/v1/transcribe}: gigastt_core::inference::engine::file_stream: transcribe complete (streaming windows) audio_s=1.20 wall_s=0.12 rtf=0.099
2026-10-01T20:21:18.511512Z  INFO request{request_id=01a0f920-e82f-72ad-961a-96621d1ece2f method=POST path=/v1/transcribe}: gigastt_core::inference::audio::wave: Audio (wave): 48000Hz, 2ch (streaming windows)
2026-10-01T20:21:18.612437Z  INFO request{request_id=01a0f920-e7fd-7781-b391-8edd9dba8dfd method=POST path=/v1/transcribe}: gigastt_core::inference::engine::infer: encoder_inference elapsed_ms=146
2026-10-01T20:21:18.612502Z  INFO request{request_id=01a0f920-e7fd-7781-b391-8edd9dba8dfd method=POST path=/v1/transcribe}: gigastt_core::inference::engine::file_stream: transcribe complete (streaming windows) audio_s=1.17 wall_s=0.15 rtf=0.129
2026-10-01T20:21:18.615179Z  INFO request{request_id=01a0f920-e896-736d-befb-afaeae189340 method=POST path=/v1/transcribe}: gigastt_core::inference::audio::wave: Audio (wave): 48000Hz, 2ch (streaming windows)
2026-10-01T20:21:18.651042Z  INFO request{request_id=01a0f920-e82f-72ad-961a-96621d1ece2f method=POST path=/v1/transcribe}: gigastt_core::inference::engine::infer: encoder_inference elapsed_ms=136
2026-10-01T20:21:18.651105Z  INFO request{request_id=01a0f920-e82f-72ad-961a-96621d1ece2f method=POST path=/v1/transcribe}: gigastt_core::inference::engine::file_stream: transcribe complete (streaming windows) audio_s=1.04 wall_s=0.14 rtf=0.135
2026-10-01T20:21:18.654006Z  INFO request{request_id=01a0f920-e8bd-7193-a886-a439f2c53e96 method=POST path=/v1/transcribe}: gigastt_core::inference::audio::wave: Audio (wave): 48000Hz, 2ch (streaming windows)
2026-10-01T20:21:18.761012Z  INFO request{request_id=01a0f920-e896-736d-befb-afaeae189340 method=POST path=/v1/transcribe}: gigastt_core::inference::engine::infer: encoder_inference elapsed_ms=142
2026-10-01T20:21:18.761081Z  INFO request{request_id=01a0f920-e896-736d-befb-afaeae189340 method=POST path=/v1/transcribe}: gigastt_core::inference::engine::file_stream: transcribe complete (streaming windows) audio_s=1.14 wall_s=0.15 rtf=0.128
2026-10-01T20:21:18.764110Z  INFO request{request_id=01a0f920-e92b-7582-b34c-e79172d42201 method=POST path=/v1/transcribe}: gigastt_core::inference::audio::wave: Audio (wave): 48000Hz, 2ch (streaming windows)
2026-10-01T20:21:18.793936Z  INFO request{request_id=01a0f920-e8bd-7193-a886-a439f2c53e96 method=POST path=/v1/transcribe}: gigastt_core::inference::engine::infer: encoder_inference elapsed_ms=137
2026-10-01T20:21:18.793996Z  INFO request{request_id=01a0f920-e8bd-7193-a886-a439f2c53e96 method=POST path=/v1/transcribe}: gigastt_core::inference::engine::file_stream: transcribe complete (streaming windows) audio_s=1.06 wall_s=0.14 rtf=0.132
2026-10-01T20:21:18.796908Z  INFO request{request_id=01a0f920-e94c-7129-ab2c-f86a587c250c method=POST path=/v1/transcribe}: gigastt_core::inference::audio::wave: Audio (wave): 48000Hz, 2ch (streaming windows)
2026-10-01T20:21:18.897615Z  INFO request{request_id=01a0f920-e92b-7582-b34c-e79172d42201 method=POST path=/v1/transcribe}: gigastt_core::inference::engine::infer: encoder_inference elapsed_ms=130
2026-10-01T20:21:18.897679Z  INFO request{request_id=01a0f920-e92b-7582-b34c-e79172d42201 method=POST path=/v1/transcribe}: gigastt_core::inference::engine::file_stream: transcribe complete (streaming windows) audio_s=1.30 wall_s=0.13 rtf=0.102
2026-10-01T20:21:18.900637Z  INFO request{request_id=01a0f920-e9b4-707a-b472-53a2355fcb02 method=POST path=/v1/transcribe}: gigastt_core::inference::audio::wave: Audio (wave): 48000Hz, 2ch (streaming windows)
2026-10-01T20:21:18.945543Z  INFO request{request_id=01a0f920-e94c-7129-ab2c-f86a587c250c method=POST path=/v1/transcribe}: gigastt_core::inference::engine::infer: encoder_inference elapsed_ms=145
2026-10-01T20:21:18.945601Z  INFO request{request_id=01a0f920-e94c-7129-ab2c-f86a587c250c method=POST path=/v1/transcribe}: gigastt_core::inference::engine::file_stream: transcribe complete (streaming windows) audio_s=1.16 wall_s=0.15 rtf=0.129
2026-10-01T20:21:18.948923Z  INFO request{request_id=01a0f920-e9e4-751f-bf3d-e7f557e8ae71 method=POST path=/v1/transcribe}: gigastt_core::inference::audio::wave: Audio (wave): 48000Hz, 2ch (streaming windows)
2026-10-01T20:21:19.036446Z  INFO request{request_id=01a0f920-e9b4-707a-b472-53a2355fcb02 method=POST path=/v1/transcribe}: gigastt_core::inference::engine::infer: encoder_inference elapsed_ms=132
2026-10-01T20:21:19.036508Z  INFO request{request_id=01a0f920-e9b4-707a-b472-53a2355fcb02 method=POST path=/v1/transcribe}: gigastt_core::inference::engine::file_stream: transcribe complete (streaming windows) audio_s=1.07 wall_s=0.14 rtf=0.127
2026-10-01T20:21:19.039377Z  INFO request{request_id=01a0f920-ea3f-76f3-8f44-bd70136145ba method=POST path=/v1/transcribe}: gigastt_core::inference::audio::wave: Audio (wave): 48000Hz, 2ch (streaming windows)
2026-10-01T20:21:19.100507Z  INFO request{request_id=01a0f920-e9e4-751f-bf3d-e7f557e8ae71 method=POST path=/v1/transcribe}: gigastt_core::inference::engine::infer: encoder_inference elapsed_ms=148
2026-10-01T20:21:19.100577Z  INFO request{request_id=01a0f920-e9e4-751f-bf3d-e7f557e8ae71 method=POST path=/v1/transcribe}: gigastt_core::inference::engine::file_stream: transcribe complete (streaming windows) audio_s=1.22 wall_s=0.15 rtf=0.124
2026-10-01T20:21:19.103507Z  INFO request{request_id=01a0f920-ea7f-777c-a591-cea3a9271100 method=POST path=/v1/transcribe}: gigastt_core::inference::audio::wave: Audio (wave): 48000Hz, 2ch (streaming windows)
2026-10-01T20:21:19.197678Z  INFO request{request_id=01a0f920-ea3f-76f3-8f44-bd70136145ba method=POST path=/v1/transcribe}: gigastt_core::inference::engine::infer: encoder_inference elapsed_ms=155
2026-10-01T20:21:19.197738Z  INFO request{request_id=01a0f920-ea3f-76f3-8f44-bd70136145ba method=POST path=/v1/transcribe}: gigastt_core::inference::engine::file_stream: transcribe complete (streaming windows) audio_s=1.27 wall_s=0.16 rtf=0.125
2026-10-01T20:21:19.200468Z  INFO request{request_id=01a0f920-eae0-773a-97b5-5a2bcbc23c22 method=POST path=/v1/transcribe}: gigastt_core::inference::audio::wave: Audio (wave): 48000Hz, 2ch (streaming windows)
2026-10-01T20:21:19.227791Z  INFO request{request_id=01a0f920-ea7f-777c-a591-cea3a9271100 method=POST path=/v1/transcribe}: gigastt_core::inference::engine::infer: encoder_inference elapsed_ms=120
2026-10-01T20:21:19.227844Z  INFO request{request_id=01a0f920-ea7f-777c-a591-cea3a9271100 method=POST path=/v1/transcribe}: gigastt_core::inference::engine::file_stream: transcribe complete (streaming windows) audio_s=1.01 wall_s=0.12 rtf=0.123
2026-10-01T20:21:19.231012Z  INFO request{request_id=01a0f920-eafe-7680-9115-be36d0abda25 method=POST path=/v1/transcribe}: gigastt_core::inference::audio::wave: Audio (wave): 48000Hz, 2ch (streaming windows)
2026-10-01T20:21:19.349746Z  INFO request{request_id=01a0f920-eae0-773a-97b5-5a2bcbc23c22 method=POST path=/v1/transcribe}: gigastt_core::inference::engine::infer: encoder_inference elapsed_ms=145
2026-10-01T20:21:19.349814Z  INFO request{request_id=01a0f920-eae0-773a-97b5-5a2bcbc23c22 method=POST path=/v1/transcribe}: gigastt_core::inference::engine::file_stream: transcribe complete (streaming windows) audio_s=1.16 wall_s=0.15 rtf=0.128
2026-10-01T20:21:19.355880Z  INFO request{request_id=01a0f920-eb7b-70d6-a9c0-60b773251d16 method=POST path=/v1/transcribe}: gigastt_core::inference::audio::wave: Audio (wave): 48000Hz, 2ch (streaming windows)
2026-10-01T20:21:19.359030Z  INFO request{request_id=01a0f920-eafe-7680-9115-be36d0abda25 method=POST path=/v1/transcribe}: gigastt_core::inference::engine::infer: encoder_inference elapsed_ms=125
2026-10-01T20:21:19.359078Z  INFO request{request_id=01a0f920-eafe-7680-9115-be36d0abda25 method=POST path=/v1/transcribe}: gigastt_core::inference::engine::file_stream: transcribe complete (streaming windows) audio_s=1.09 wall_s=0.13 rtf=0.117
2026-10-01T20:21:19.361350Z  INFO request{request_id=01a0f920-eb81-77f6-a702-9db6262b3f64 method=POST path=/v1/transcribe}: gigastt_core::inference::audio::wave: Audio (wave): 48000Hz, 2ch (streaming windows)
2026-10-01T20:21:19.509944Z  INFO request{request_id=01a0f920-eb7b-70d6-a9c0-60b773251d16 method=POST path=/v1/transcribe}: gigastt_core::inference::engine::infer: encoder_inference elapsed_ms=150
2026-10-01T20:21:19.510012Z  INFO request{request_id=01a0f920-eb7b-70d6-a9c0-60b773251d16 method=POST path=/v1/transcribe}: gigastt_core::inference::engine::file_stream: transcribe complete (streaming windows) audio_s=1.24 wall_s=0.15 rtf=0.124
2026-10-01T20:21:19.515753Z  INFO request{request_id=01a0f920-ec1b-7308-a1ed-8f057a9eb989 method=POST path=/v1/transcribe}: gigastt_core::inference::audio::wave: Audio (wave): 48000Hz, 2ch (streaming windows)
2026-10-01T20:21:19.540251Z  INFO request{request_id=01a0f920-eb81-77f6-a702-9db6262b3f64 method=POST path=/v1/transcribe}: gigastt_core::inference::engine::infer: encoder_inference elapsed_ms=175
2026-10-01T20:21:19.540328Z  INFO request{request_id=01a0f920-eb81-77f6-a702-9db6262b3f64 method=POST path=/v1/transcribe}: gigastt_core::inference::engine::file_stream: transcribe complete (streaming windows) audio_s=1.53 wall_s=0.18 rtf=0.117
2026-10-01T20:21:19.543065Z  INFO request{request_id=01a0f920-ec36-75f6-b90c-ebe286efc16c method=POST path=/v1/transcribe}: gigastt_core::inference::audio::wave: Audio (wave): 48000Hz, 2ch (streaming windows)
2026-10-01T20:21:19.691225Z  INFO request{request_id=01a0f920-ec1b-7308-a1ed-8f057a9eb989 method=POST path=/v1/transcribe}: gigastt_core::inference::engine::infer: encoder_inference elapsed_ms=172
2026-10-01T20:21:19.691296Z  INFO request{request_id=01a0f920-ec1b-7308-a1ed-8f057a9eb989 method=POST path=/v1/transcribe}: gigastt_core::inference::engine::file_stream: transcribe complete (streaming windows) audio_s=1.45 wall_s=0.18 rtf=0.121
2026-10-01T20:21:19.696927Z  INFO request{request_id=01a0f920-ecd0-73cc-8766-c638382e0fe4 method=POST path=/v1/transcribe}: gigastt_core::inference::audio::wave: Audio (wave): 48000Hz, 2ch (streaming windows)
2026-10-01T20:21:19.739033Z  INFO request{request_id=01a0f920-ec36-75f6-b90c-ebe286efc16c method=POST path=/v1/transcribe}: gigastt_core::inference::engine::infer: encoder_inference elapsed_ms=192
2026-10-01T20:21:19.739114Z  INFO request{request_id=01a0f920-ec36-75f6-b90c-ebe286efc16c method=POST path=/v1/transcribe}: gigastt_core::inference::engine::file_stream: transcribe complete (streaming windows) audio_s=1.88 wall_s=0.20 rtf=0.104
2026-10-01T20:21:19.741631Z  INFO request{request_id=01a0f920-ecfd-70f5-927d-66be20a7b510 method=POST path=/v1/transcribe}: gigastt_core::inference::audio::wave: Audio (wave): 48000Hz, 2ch (streaming windows)
2026-10-01T20:21:19.873548Z  INFO request{request_id=01a0f920-ecd0-73cc-8766-c638382e0fe4 method=POST path=/v1/transcribe}: gigastt_core::inference::engine::infer: encoder_inference elapsed_ms=172
2026-10-01T20:21:19.873616Z  INFO request{request_id=01a0f920-ecd0-73cc-8766-c638382e0fe4 method=POST path=/v1/transcribe}: gigastt_core::inference::engine::file_stream: transcribe complete (streaming windows) audio_s=1.43 wall_s=0.18 rtf=0.124
2026-10-01T20:21:19.874381Z  INFO request{request_id=01a0f920-ecfd-70f5-927d-66be20a7b510 method=POST path=/v1/transcribe}: gigastt_core::inference::engine::infer: encoder_inference elapsed_ms=129
2026-10-01T20:21:19.874430Z  INFO request{request_id=01a0f920-ecfd-70f5-927d-66be20a7b510 method=POST path=/v1/transcribe}: gigastt_core::inference::engine::file_stream: transcribe complete (streaming windows) audio_s=1.12 wall_s=0.13 rtf=0.119
2026-10-01T20:21:19.878394Z  INFO request{request_id=01a0f920-ed86-757a-b4c7-808655d5a422 method=POST path=/v1/transcribe}: gigastt_core::inference::audio::wave: Audio (wave): 48000Hz, 2ch (streaming windows)
2026-10-01T20:21:19.879254Z  INFO request{request_id=01a0f920-ed87-7698-b222-733462f12ce7 method=POST path=/v1/transcribe}: gigastt_core::inference::audio::wave: Audio (wave): 48000Hz, 2ch (streaming windows)
2026-10-01T20:21:20.045739Z  INFO request{request_id=01a0f920-ed86-757a-b4c7-808655d5a422 method=POST path=/v1/transcribe}: gigastt_core::inference::engine::infer: encoder_inference elapsed_ms=163
2026-10-01T20:21:20.045809Z  INFO request{request_id=01a0f920-ed86-757a-b4c7-808655d5a422 method=POST path=/v1/transcribe}: gigastt_core::inference::engine::file_stream: transcribe complete (streaming windows) audio_s=1.41 wall_s=0.17 rtf=0.119
2026-10-01T20:21:20.050297Z  INFO request{request_id=01a0f920-ee32-7337-81f1-076c0840f944 method=POST path=/v1/transcribe}: gigastt_core::inference::audio::wave: Audio (wave): 48000Hz, 2ch (streaming windows)
2026-10-01T20:21:20.052344Z  INFO request{request_id=01a0f920-ed87-7698-b222-733462f12ce7 method=POST path=/v1/transcribe}: gigastt_core::inference::engine::infer: encoder_inference elapsed_ms=170
2026-10-01T20:21:20.052418Z  INFO request{request_id=01a0f920-ed87-7698-b222-733462f12ce7 method=POST path=/v1/transcribe}: gigastt_core::inference::engine::file_stream: transcribe complete (streaming windows) audio_s=1.60 wall_s=0.17 rtf=0.108
2026-10-01T20:21:20.055175Z  INFO request{request_id=01a0f920-ee36-723a-bbc5-86472abcfd9a method=POST path=/v1/transcribe}: gigastt_core::inference::audio::wave: Audio (wave): 48000Hz, 2ch (streaming windows)
2026-10-01T20:21:20.172216Z  INFO request{request_id=01a0f920-ee32-7337-81f1-076c0840f944 method=POST path=/v1/transcribe}: gigastt_core::inference::engine::infer: encoder_inference elapsed_ms=118
2026-10-01T20:21:20.172276Z  INFO request{request_id=01a0f920-ee32-7337-81f1-076c0840f944 method=POST path=/v1/transcribe}: gigastt_core::inference::engine::file_stream: transcribe complete (streaming windows) audio_s=1.13 wall_s=0.12 rtf=0.107
2026-10-01T20:21:20.178148Z  INFO request{request_id=01a0f920-eeb1-72ee-b37e-9737ee9a7832 method=POST path=/v1/transcribe}: gigastt_core::inference::audio::wave: Audio (wave): 48000Hz, 2ch (streaming windows)
2026-10-01T20:21:20.252176Z  INFO request{request_id=01a0f920-ee36-723a-bbc5-86472abcfd9a method=POST path=/v1/transcribe}: gigastt_core::inference::engine::infer: encoder_inference elapsed_ms=192
2026-10-01T20:21:20.252255Z  INFO request{request_id=01a0f920-ee36-723a-bbc5-86472abcfd9a method=POST path=/v1/transcribe}: gigastt_core::inference::engine::file_stream: transcribe complete (streaming windows) audio_s=1.45 wall_s=0.20 rtf=0.135
2026-10-01T20:21:20.255125Z  INFO request{request_id=01a0f920-eefe-7776-bd4b-eae8f3054547 method=POST path=/v1/transcribe}: gigastt_core::inference::audio::wave: Audio (wave): 48000Hz, 2ch (streaming windows)
2026-10-01T20:21:20.317879Z  INFO request{request_id=01a0f920-eeb1-72ee-b37e-9737ee9a7832 method=POST path=/v1/transcribe}: gigastt_core::inference::engine::infer: encoder_inference elapsed_ms=136
2026-10-01T20:21:20.317946Z  INFO request{request_id=01a0f920-eeb1-72ee-b37e-9737ee9a7832 method=POST path=/v1/transcribe}: gigastt_core::inference::engine::file_stream: transcribe complete (streaming windows) audio_s=1.03 wall_s=0.14 rtf=0.136
2026-10-01T20:21:20.321076Z  INFO request{request_id=01a0f920-ef40-73c0-9b05-01775ddd7af3 method=POST path=/v1/transcribe}: gigastt_core::inference::audio::wave: Audio (wave): 48000Hz, 2ch (streaming windows)
2026-10-01T20:21:20.407014Z  INFO request{request_id=01a0f920-eefe-7776-bd4b-eae8f3054547 method=POST path=/v1/transcribe}: gigastt_core::inference::engine::infer: encoder_inference elapsed_ms=147
2026-10-01T20:21:20.407084Z  INFO request{request_id=01a0f920-eefe-7776-bd4b-eae8f3054547 method=POST path=/v1/transcribe}: gigastt_core::inference::engine::file_stream: transcribe complete (streaming windows) audio_s=1.13 wall_s=0.15 rtf=0.134
2026-10-01T20:21:20.410034Z  INFO request{request_id=01a0f920-ef99-7422-bd65-299354f0c3eb method=POST path=/v1/transcribe}: gigastt_core::inference::audio::wave: Audio (wave): 48000Hz, 2ch (streaming windows)
2026-10-01T20:21:20.520869Z  INFO request{request_id=01a0f920-ef40-73c0-9b05-01775ddd7af3 method=POST path=/v1/transcribe}: gigastt_core::inference::engine::infer: encoder_inference elapsed_ms=196
2026-10-01T20:21:20.520943Z  INFO request{request_id=01a0f920-ef40-73c0-9b05-01775ddd7af3 method=POST path=/v1/transcribe}: gigastt_core::inference::engine::file_stream: transcribe complete (streaming windows) audio_s=1.94 wall_s=0.20 rtf=0.103
2026-10-01T20:21:20.526910Z  INFO request{request_id=01a0f920-f00e-75f4-a3ae-0f07ed0bd07f method=POST path=/v1/transcribe}: gigastt_core::inference::audio::wave: Audio (wave): 48000Hz, 2ch (streaming windows)
2026-10-01T20:21:20.554048Z  INFO request{request_id=01a0f920-ef99-7422-bd65-299354f0c3eb method=POST path=/v1/transcribe}: gigastt_core::inference::engine::infer: encoder_inference elapsed_ms=139
2026-10-01T20:21:20.554109Z  INFO request{request_id=01a0f920-ef99-7422-bd65-299354f0c3eb method=POST path=/v1/transcribe}: gigastt_core::inference::engine::file_stream: transcribe complete (streaming windows) audio_s=1.03 wall_s=0.14 rtf=0.140
2026-10-01T20:21:20.557211Z  INFO request{request_id=01a0f920-f02c-7613-b65f-7de77e3ccff3 method=POST path=/v1/transcribe}: gigastt_core::inference::audio::wave: Audio (wave): 48000Hz, 2ch (streaming windows)
2026-10-01T20:21:20.689616Z  INFO request{request_id=01a0f920-f00e-75f4-a3ae-0f07ed0bd07f method=POST path=/v1/transcribe}: gigastt_core::inference::engine::infer: encoder_inference elapsed_ms=158
2026-10-01T20:21:20.689677Z  INFO request{request_id=01a0f920-f00e-75f4-a3ae-0f07ed0bd07f method=POST path=/v1/transcribe}: gigastt_core::inference::engine::file_stream: transcribe complete (streaming windows) audio_s=1.28 wall_s=0.16 rtf=0.127
2026-10-01T20:21:20.695489Z  INFO request{request_id=01a0f920-f0b7-71bb-b94a-59b6a6bc8392 method=POST path=/v1/transcribe}: gigastt_core::inference::audio::wave: Audio (wave): 48000Hz, 2ch (streaming windows)
2026-10-01T20:21:20.835682Z  INFO request{request_id=01a0f920-f0b7-71bb-b94a-59b6a6bc8392 method=POST path=/v1/transcribe}: gigastt_core::inference::engine::infer: encoder_inference elapsed_ms=135
2026-10-01T20:21:20.835748Z  INFO request{request_id=01a0f920-f0b7-71bb-b94a-59b6a6bc8392 method=POST path=/v1/transcribe}: gigastt_core::inference::engine::file_stream: transcribe complete (streaming windows) audio_s=1.04 wall_s=0.14 rtf=0.135
2026-10-01T20:21:20.840049Z  INFO request{request_id=01a0f920-f02c-7613-b65f-7de77e3ccff3 method=POST path=/v1/transcribe}: gigastt_core::inference::engine::infer: encoder_inference elapsed_ms=278
2026-10-01T20:21:20.840117Z  INFO request{request_id=01a0f920-f02c-7613-b65f-7de77e3ccff3 method=POST path=/v1/transcribe}: gigastt_core::inference::engine::file_stream: transcribe complete (streaming windows) audio_s=2.49 wall_s=0.28 rtf=0.114
2026-10-01T20:21:20.841820Z  INFO request{request_id=01a0f920-f149-70b2-a469-05be6188457d method=POST path=/v1/transcribe}: gigastt_core::inference::audio::wave: Audio (wave): 48000Hz, 2ch (streaming windows)
2026-10-01T20:21:20.842611Z  INFO request{request_id=01a0f920-f14a-7736-a31e-ca413f271c39 method=POST path=/v1/transcribe}: gigastt_core::inference::audio::wave: Audio (wave): 48000Hz, 2ch (streaming windows)
2026-10-01T20:21:20.978681Z  INFO request{request_id=01a0f920-f14a-7736-a31e-ca413f271c39 method=POST path=/v1/transcribe}: gigastt_core::inference::engine::infer: encoder_inference elapsed_ms=132
2026-10-01T20:21:20.978747Z  INFO request{request_id=01a0f920-f14a-7736-a31e-ca413f271c39 method=POST path=/v1/transcribe}: gigastt_core::inference::engine::file_stream: transcribe complete (streaming windows) audio_s=1.02 wall_s=0.14 rtf=0.133
2026-10-01T20:21:20.984600Z  INFO request{request_id=01a0f920-f1d8-74a5-b024-23e57db850da method=POST path=/v1/transcribe}: gigastt_core::inference::audio::wave: Audio (wave): 48000Hz, 2ch (streaming windows)
2026-10-01T20:21:21.013782Z  INFO request{request_id=01a0f920-f149-70b2-a469-05be6188457d method=POST path=/v1/transcribe}: gigastt_core::inference::engine::infer: encoder_inference elapsed_ms=167
2026-10-01T20:21:21.013852Z  INFO request{request_id=01a0f920-f149-70b2-a469-05be6188457d method=POST path=/v1/transcribe}: gigastt_core::inference::engine::file_stream: transcribe complete (streaming windows) audio_s=1.35 wall_s=0.17 rtf=0.127
2026-10-01T20:21:21.016780Z  INFO request{request_id=01a0f920-f1f8-77dc-b400-a4fab68819f9 method=POST path=/v1/transcribe}: gigastt_core::inference::audio::wave: Audio (wave): 48000Hz, 2ch (streaming windows)
2026-10-01T20:21:21.127138Z  INFO request{request_id=01a0f920-f1d8-74a5-b024-23e57db850da method=POST path=/v1/transcribe}: gigastt_core::inference::engine::infer: encoder_inference elapsed_ms=139
2026-10-01T20:21:21.127211Z  INFO request{request_id=01a0f920-f1d8-74a5-b024-23e57db850da method=POST path=/v1/transcribe}: gigastt_core::inference::engine::file_stream: transcribe complete (streaming windows) audio_s=1.04 wall_s=0.14 rtf=0.136
2026-10-01T20:21:21.130490Z  INFO request{request_id=01a0f920-f26a-71fb-b1aa-b4328be805ff method=POST path=/v1/transcribe}: gigastt_core::inference::audio::wave: Audio (wave): 48000Hz, 2ch (streaming windows)
2026-10-01T20:21:21.192740Z  INFO request{request_id=01a0f920-f1f8-77dc-b400-a4fab68819f9 method=POST path=/v1/transcribe}: gigastt_core::inference::engine::infer: encoder_inference elapsed_ms=172
2026-10-01T20:21:21.192814Z  INFO request{request_id=01a0f920-f1f8-77dc-b400-a4fab68819f9 method=POST path=/v1/transcribe}: gigastt_core::inference::engine::file_stream: transcribe complete (streaming windows) audio_s=1.36 wall_s=0.18 rtf=0.129
2026-10-01T20:21:21.195803Z  INFO request{request_id=01a0f920-f2ab-76b3-a345-e0ac4b3c7226 method=POST path=/v1/transcribe}: gigastt_core::inference::audio::wave: Audio (wave): 48000Hz, 2ch (streaming windows)
2026-10-01T20:21:21.314236Z  INFO request{request_id=01a0f920-f26a-71fb-b1aa-b4328be805ff method=POST path=/v1/transcribe}: gigastt_core::inference::engine::infer: encoder_inference elapsed_ms=180
2026-10-01T20:21:21.314304Z  INFO request{request_id=01a0f920-f26a-71fb-b1aa-b4328be805ff method=POST path=/v1/transcribe}: gigastt_core::inference::engine::file_stream: transcribe complete (streaming windows) audio_s=1.35 wall_s=0.18 rtf=0.136
2026-10-01T20:21:21.317604Z  INFO request{request_id=01a0f920-f325-7268-a46a-c90c883e5221 method=POST path=/v1/transcribe}: gigastt_core::inference::audio::wave: Audio (wave): 48000Hz, 2ch (streaming windows)
2026-10-01T20:21:21.355655Z  INFO request{request_id=01a0f920-f2ab-76b3-a345-e0ac4b3c7226 method=POST path=/v1/transcribe}: gigastt_core::inference::engine::infer: encoder_inference elapsed_ms=155
2026-10-01T20:21:21.355733Z  INFO request{request_id=01a0f920-f2ab-76b3-a345-e0ac4b3c7226 method=POST path=/v1/transcribe}: gigastt_core::inference::engine::file_stream: transcribe complete (streaming windows) audio_s=1.05 wall_s=0.16 rtf=0.153
2026-10-01T20:21:21.359039Z  INFO request{request_id=01a0f920-f34e-745a-9a13-a90881d84049 method=POST path=/v1/transcribe}: gigastt_core::inference::audio::wave: Audio (wave): 48000Hz, 2ch (streaming windows)
2026-10-01T20:21:21.509015Z  INFO request{request_id=01a0f920-f34e-745a-9a13-a90881d84049 method=POST path=/v1/transcribe}: gigastt_core::inference::engine::infer: encoder_inference elapsed_ms=146
2026-10-01T20:21:21.509072Z  INFO request{request_id=01a0f920-f34e-745a-9a13-a90881d84049 method=POST path=/v1/transcribe}: gigastt_core::inference::engine::file_stream: transcribe complete (streaming windows) audio_s=1.07 wall_s=0.15 rtf=0.140
2026-10-01T20:21:21.519599Z  INFO request{request_id=01a0f920-f325-7268-a46a-c90c883e5221 method=POST path=/v1/transcribe}: gigastt_core::inference::engine::infer: encoder_inference elapsed_ms=198
2026-10-01T20:21:21.519642Z  INFO request{request_id=01a0f920-f325-7268-a46a-c90c883e5221 method=POST path=/v1/transcribe}: gigastt_core::inference::engine::file_stream: transcribe complete (streaming windows) audio_s=1.63 wall_s=0.20 rtf=0.124
2026-10-01T20:21:21.525466Z  INFO request{request_id=01a0f920-f3f5-7495-9499-897f05de010b method=POST path=/v1/transcribe}: gigastt_core::inference::audio::wave: Audio (wave): 48000Hz, 2ch (streaming windows)
2026-10-01T20:21:21.537811Z  INFO request{request_id=01a0f920-f401-72d0-97e8-6f7e2891b9ac method=POST path=/v1/transcribe}: gigastt_core::inference::audio::wave: Audio (wave): 48000Hz, 2ch (streaming windows)
2026-10-01T20:21:21.696695Z  INFO request{request_id=01a0f920-f3f5-7495-9499-897f05de010b method=POST path=/v1/transcribe}: gigastt_core::inference::engine::infer: encoder_inference elapsed_ms=168
2026-10-01T20:21:21.696769Z  INFO request{request_id=01a0f920-f3f5-7495-9499-897f05de010b method=POST path=/v1/transcribe}: gigastt_core::inference::engine::file_stream: transcribe complete (streaming windows) audio_s=1.28 wall_s=0.17 rtf=0.134
2026-10-01T20:21:21.700431Z  INFO request{request_id=01a0f920-f4a4-7105-940f-21baf6645fb2 method=POST path=/v1/transcribe}: gigastt_core::inference::audio::wave: Audio (wave): 48000Hz, 2ch (streaming windows)
2026-10-01T20:21:21.710155Z  INFO request{request_id=01a0f920-f401-72d0-97e8-6f7e2891b9ac method=POST path=/v1/transcribe}: gigastt_core::inference::engine::infer: encoder_inference elapsed_ms=168
2026-10-01T20:21:21.710223Z  INFO request{request_id=01a0f920-f401-72d0-97e8-6f7e2891b9ac method=POST path=/v1/transcribe}: gigastt_core::inference::engine::file_stream: transcribe complete (streaming windows) audio_s=1.21 wall_s=0.17 rtf=0.143
2026-10-01T20:21:21.713383Z  INFO request{request_id=01a0f920-f4b1-76a2-a7f7-be9a7b3a5f06 method=POST path=/v1/transcribe}: gigastt_core::inference::audio::wave: Audio (wave): 48000Hz, 2ch (streaming windows)
2026-10-01T20:21:21.828163Z  INFO request{request_id=01a0f920-f4a4-7105-940f-21baf6645fb2 method=POST path=/v1/transcribe}: gigastt_core::inference::engine::infer: encoder_inference elapsed_ms=124
2026-10-01T20:21:21.828244Z  INFO request{request_id=01a0f920-f4a4-7105-940f-21baf6645fb2 method=POST path=/v1/transcribe}: gigastt_core::inference::engine::file_stream: transcribe complete (streaming windows) audio_s=1.14 wall_s=0.13 rtf=0.112
2026-10-01T20:21:21.833085Z  INFO request{request_id=01a0f920-f528-751a-933a-3918a7a55a2b method=POST path=/v1/transcribe}: gigastt_core::inference::audio::wave: Audio (wave): 48000Hz, 2ch (streaming windows)
2026-10-01T20:21:21.946501Z  INFO request{request_id=01a0f920-f4b1-76a2-a7f7-be9a7b3a5f06 method=POST path=/v1/transcribe}: gigastt_core::inference::engine::infer: encoder_inference elapsed_ms=229
2026-10-01T20:21:21.946579Z  INFO request{request_id=01a0f920-f4b1-76a2-a7f7-be9a7b3a5f06 method=POST path=/v1/transcribe}: gigastt_core::inference::engine::file_stream: transcribe complete (streaming windows) audio_s=1.95 wall_s=0.23 rtf=0.119
2026-10-01T20:21:21.952681Z  INFO request{request_id=01a0f920-f5a0-7249-944d-a54b971e3b63 method=POST path=/v1/transcribe}: gigastt_core::inference::audio::wave: Audio (wave): 48000Hz, 2ch (streaming windows)
2026-10-01T20:21:21.983807Z  INFO request{request_id=01a0f920-f528-751a-933a-3918a7a55a2b method=POST path=/v1/transcribe}: gigastt_core::inference::engine::infer: encoder_inference elapsed_ms=146
2026-10-01T20:21:21.983885Z  INFO request{request_id=01a0f920-f528-751a-933a-3918a7a55a2b method=POST path=/v1/transcribe}: gigastt_core::inference::engine::file_stream: transcribe complete (streaming windows) audio_s=1.85 wall_s=0.15 rtf=0.081
2026-10-01T20:21:21.986697Z  INFO request{request_id=01a0f920-f5c2-717e-b6e1-9767c965f649 method=POST path=/v1/transcribe}: gigastt_core::inference::audio::wave: Audio (wave): 48000Hz, 2ch (streaming windows)
2026-10-01T20:21:22.084794Z  INFO request{request_id=01a0f920-f5a0-7249-944d-a54b971e3b63 method=POST path=/v1/transcribe}: gigastt_core::inference::engine::infer: encoder_inference elapsed_ms=129
2026-10-01T20:21:22.084865Z  INFO request{request_id=01a0f920-f5a0-7249-944d-a54b971e3b63 method=POST path=/v1/transcribe}: gigastt_core::inference::engine::file_stream: transcribe complete (streaming windows) audio_s=1.05 wall_s=0.13 rtf=0.126
2026-10-01T20:21:22.087833Z  INFO request{request_id=01a0f920-f627-7700-b7fd-22972b049c0c method=POST path=/v1/transcribe}: gigastt_core::inference::audio::wave: Audio (wave): 48000Hz, 2ch (streaming windows)
2026-10-01T20:21:22.137223Z  INFO request{request_id=01a0f920-f5c2-717e-b6e1-9767c965f649 method=POST path=/v1/transcribe}: gigastt_core::inference::engine::infer: encoder_inference elapsed_ms=146
2026-10-01T20:21:22.137293Z  INFO request{request_id=01a0f920-f5c2-717e-b6e1-9767c965f649 method=POST path=/v1/transcribe}: gigastt_core::inference::engine::file_stream: transcribe complete (streaming windows) audio_s=1.12 wall_s=0.15 rtf=0.134
2026-10-01T20:21:22.140217Z  INFO request{request_id=01a0f920-f65b-74ce-afde-0cb876f75a53 method=POST path=/v1/transcribe}: gigastt_core::inference::audio::wave: Audio (wave): 48000Hz, 2ch (streaming windows)
2026-10-01T20:21:22.304781Z  INFO request{request_id=01a0f920-f627-7700-b7fd-22972b049c0c method=POST path=/v1/transcribe}: gigastt_core::inference::engine::infer: encoder_inference elapsed_ms=213
2026-10-01T20:21:22.304856Z  INFO request{request_id=01a0f920-f627-7700-b7fd-22972b049c0c method=POST path=/v1/transcribe}: gigastt_core::inference::engine::file_stream: transcribe complete (streaming windows) audio_s=1.83 wall_s=0.22 rtf=0.119
2026-10-01T20:21:22.310781Z  INFO request{request_id=01a0f920-f706-7263-8551-34961008f72e method=POST path=/v1/transcribe}: gigastt_core::inference::audio::wave: Audio (wave): 48000Hz, 2ch (streaming windows)
2026-10-01T20:21:22.323532Z  INFO request{request_id=01a0f920-f65b-74ce-afde-0cb876f75a53 method=POST path=/v1/transcribe}: gigastt_core::inference::engine::infer: encoder_inference elapsed_ms=179
2026-10-01T20:21:22.323599Z  INFO request{request_id=01a0f920-f65b-74ce-afde-0cb876f75a53 method=POST path=/v1/transcribe}: gigastt_core::inference::engine::file_stream: transcribe complete (streaming windows) audio_s=1.41 wall_s=0.18 rtf=0.130
2026-10-01T20:21:22.326705Z  INFO request{request_id=01a0f920-f716-7564-bea0-971a56c5787f method=POST path=/v1/transcribe}: gigastt_core::inference::audio::wave: Audio (wave): 48000Hz, 2ch (streaming windows)
2026-10-01T20:21:22.500997Z  INFO request{request_id=01a0f920-f706-7263-8551-34961008f72e method=POST path=/v1/transcribe}: gigastt_core::inference::engine::infer: encoder_inference elapsed_ms=186
2026-10-01T20:21:22.501072Z  INFO request{request_id=01a0f920-f706-7263-8551-34961008f72e method=POST path=/v1/transcribe}: gigastt_core::inference::engine::file_stream: transcribe complete (streaming windows) audio_s=1.59 wall_s=0.19 rtf=0.120
2026-10-01T20:21:22.506224Z  INFO request{request_id=01a0f920-f716-7564-bea0-971a56c5787f method=POST path=/v1/transcribe}: gigastt_core::inference::engine::infer: encoder_inference elapsed_ms=176
2026-10-01T20:21:22.506274Z  INFO request{request_id=01a0f920-f716-7564-bea0-971a56c5787f method=POST path=/v1/transcribe}: gigastt_core::inference::engine::file_stream: transcribe complete (streaming windows) audio_s=1.33 wall_s=0.18 rtf=0.135
2026-10-01T20:21:22.507601Z  INFO request{request_id=01a0f920-f7cb-74ec-8e62-235f7cbe484c method=POST path=/v1/transcribe}: gigastt_core::inference::audio::wave: Audio (wave): 48000Hz, 2ch (streaming windows)
2026-10-01T20:21:22.509020Z  INFO request{request_id=01a0f920-f7cc-7294-bb4b-c91a94d91fb2 method=POST path=/v1/transcribe}: gigastt_core::inference::audio::wave: Audio (wave): 48000Hz, 2ch (streaming windows)
2026-10-01T20:21:22.705164Z  INFO request{request_id=01a0f920-f7cb-74ec-8e62-235f7cbe484c method=POST path=/v1/transcribe}: gigastt_core::inference::engine::infer: encoder_inference elapsed_ms=194
2026-10-01T20:21:22.705239Z  INFO request{request_id=01a0f920-f7cb-74ec-8e62-235f7cbe484c method=POST path=/v1/transcribe}: gigastt_core::inference::engine::file_stream: transcribe complete (streaming windows) audio_s=1.82 wall_s=0.20 rtf=0.109
2026-10-01T20:21:22.711383Z  INFO request{request_id=01a0f920-f897-734d-a02e-cddbbc1583eb method=POST path=/v1/transcribe}: gigastt_core::inference::audio::wave: Audio (wave): 48000Hz, 2ch (streaming windows)
2026-10-01T20:21:22.810036Z  INFO request{request_id=01a0f920-f7cc-7294-bb4b-c91a94d91fb2 method=POST path=/v1/transcribe}: gigastt_core::inference::engine::infer: encoder_inference elapsed_ms=297
2026-10-01T20:21:22.810123Z  INFO request{request_id=01a0f920-f7cc-7294-bb4b-c91a94d91fb2 method=POST path=/v1/transcribe}: gigastt_core::inference::engine::file_stream: transcribe complete (streaming windows) audio_s=2.79 wall_s=0.30 rtf=0.108
2026-10-01T20:21:22.813121Z  INFO request{request_id=01a0f920-f8fc-7213-9433-bc067eeb68ba method=POST path=/v1/transcribe}: gigastt_core::inference::audio::wave: Audio (wave): 48000Hz, 2ch (streaming windows)
2026-10-01T20:21:22.950190Z  INFO request{request_id=01a0f920-f897-734d-a02e-cddbbc1583eb method=POST path=/v1/transcribe}: gigastt_core::inference::engine::infer: encoder_inference elapsed_ms=234
2026-10-01T20:21:22.950271Z  INFO request{request_id=01a0f920-f897-734d-a02e-cddbbc1583eb method=POST path=/v1/transcribe}: gigastt_core::inference::engine::file_stream: transcribe complete (streaming windows) audio_s=2.03 wall_s=0.24 rtf=0.118
2026-10-01T20:21:22.956712Z  INFO request{request_id=01a0f920-f98c-72f9-ad70-02ed17e29721 method=POST path=/v1/transcribe}: gigastt_core::inference::audio::wave: Audio (wave): 48000Hz, 2ch (streaming windows)
2026-10-01T20:21:22.957084Z  INFO request{request_id=01a0f920-f8fc-7213-9433-bc067eeb68ba method=POST path=/v1/transcribe}: gigastt_core::inference::engine::infer: encoder_inference elapsed_ms=140
2026-10-01T20:21:22.957123Z  INFO request{request_id=01a0f920-f8fc-7213-9433-bc067eeb68ba method=POST path=/v1/transcribe}: gigastt_core::inference::engine::file_stream: transcribe complete (streaming windows) audio_s=1.07 wall_s=0.14 rtf=0.135
2026-10-01T20:21:22.959727Z  INFO request{request_id=01a0f920-f98f-7308-8b5e-c87f3fe7a531 method=POST path=/v1/transcribe}: gigastt_core::inference::audio::wave: Audio (wave): 48000Hz, 2ch (streaming windows)
2026-10-01T20:21:23.157897Z  INFO request{request_id=01a0f920-f98c-72f9-ad70-02ed17e29721 method=POST path=/v1/transcribe}: gigastt_core::inference::engine::infer: encoder_inference elapsed_ms=197
2026-10-01T20:21:23.157965Z  INFO request{request_id=01a0f920-f98c-72f9-ad70-02ed17e29721 method=POST path=/v1/transcribe}: gigastt_core::inference::engine::file_stream: transcribe complete (streaming windows) audio_s=1.70 wall_s=0.20 rtf=0.118
2026-10-01T20:21:23.158105Z  INFO request{request_id=01a0f920-f98f-7308-8b5e-c87f3fe7a531 method=POST path=/v1/transcribe}: gigastt_core::inference::engine::infer: encoder_inference elapsed_ms=194
2026-10-01T20:21:23.158156Z  INFO request{request_id=01a0f920-f98f-7308-8b5e-c87f3fe7a531 method=POST path=/v1/transcribe}: gigastt_core::inference::engine::file_stream: transcribe complete (streaming windows) audio_s=1.74 wall_s=0.20 rtf=0.114
2026-10-01T20:21:23.164322Z  INFO request{request_id=01a0f920-fa5c-75b7-899e-e3f40dba063c method=POST path=/v1/transcribe}: gigastt_core::inference::audio::wave: Audio (wave): 48000Hz, 2ch (streaming windows)
2026-10-01T20:21:23.165225Z  INFO request{request_id=01a0f920-fa5d-77a7-9640-ebc5e249d431 method=POST path=/v1/transcribe}: gigastt_core::inference::audio::wave: Audio (wave): 48000Hz, 2ch (streaming windows)
2026-10-01T20:21:23.296502Z  INFO request{request_id=01a0f920-fa5d-77a7-9640-ebc5e249d431 method=POST path=/v1/transcribe}: gigastt_core::inference::engine::infer: encoder_inference elapsed_ms=128
2026-10-01T20:21:23.296571Z  INFO request{request_id=01a0f920-fa5d-77a7-9640-ebc5e249d431 method=POST path=/v1/transcribe}: gigastt_core::inference::engine::file_stream: transcribe complete (streaming windows) audio_s=1.04 wall_s=0.13 rtf=0.126
2026-10-01T20:21:23.300040Z  INFO request{request_id=01a0f920-fae3-778b-81c1-58027bd499bc method=POST path=/v1/transcribe}: gigastt_core::inference::audio::wave: Audio (wave): 48000Hz, 2ch (streaming windows)
2026-10-01T20:21:23.356460Z  INFO request{request_id=01a0f920-fa5c-75b7-899e-e3f40dba063c method=POST path=/v1/transcribe}: gigastt_core::inference::engine::infer: encoder_inference elapsed_ms=188
2026-10-01T20:21:23.356531Z  INFO request{request_id=01a0f920-fa5c-75b7-899e-e3f40dba063c method=POST path=/v1/transcribe}: gigastt_core::inference::engine::file_stream: transcribe complete (streaming windows) audio_s=1.52 wall_s=0.19 rtf=0.127
2026-10-01T20:21:23.359651Z  INFO request{request_id=01a0f920-fb1f-702d-80f0-f253073e80e2 method=POST path=/v1/transcribe}: gigastt_core::inference::audio::wave: Audio (wave): 48000Hz, 2ch (streaming windows)
2026-10-01T20:21:23.421806Z  INFO request{request_id=01a0f920-fae3-778b-81c1-58027bd499bc method=POST path=/v1/transcribe}: gigastt_core::inference::engine::infer: encoder_inference elapsed_ms=118
2026-10-01T20:21:23.421867Z  INFO request{request_id=01a0f920-fae3-778b-81c1-58027bd499bc method=POST path=/v1/transcribe}: gigastt_core::inference::engine::file_stream: transcribe complete (streaming windows) audio_s=1.12 wall_s=0.12 rtf=0.108
2026-10-01T20:21:23.424761Z  INFO request{request_id=01a0f920-fb60-7659-8b16-a3346ade3317 method=POST path=/v1/transcribe}: gigastt_core::inference::audio::wave: Audio (wave): 48000Hz, 2ch (streaming windows)
2026-10-01T20:21:23.559135Z  INFO request{request_id=01a0f920-fb60-7659-8b16-a3346ade3317 method=POST path=/v1/transcribe}: gigastt_core::inference::engine::infer: encoder_inference elapsed_ms=131
2026-10-01T20:21:23.559205Z  INFO request{request_id=01a0f920-fb60-7659-8b16-a3346ade3317 method=POST path=/v1/transcribe}: gigastt_core::inference::engine::file_stream: transcribe complete (streaming windows) audio_s=1.06 wall_s=0.13 rtf=0.127
2026-10-01T20:21:23.565047Z  INFO request{request_id=01a0f920-fbec-77ed-9631-cd8c56a54976 method=POST path=/v1/transcribe}: gigastt_core::inference::audio::wave: Audio (wave): 48000Hz, 2ch (streaming windows)
2026-10-01T20:21:23.569522Z  INFO request{request_id=01a0f920-fb1f-702d-80f0-f253073e80e2 method=POST path=/v1/transcribe}: gigastt_core::inference::engine::infer: encoder_inference elapsed_ms=205
2026-10-01T20:21:23.569592Z  INFO request{request_id=01a0f920-fb1f-702d-80f0-f253073e80e2 method=POST path=/v1/transcribe}: gigastt_core::inference::engine::file_stream: transcribe complete (streaming windows) audio_s=1.80 wall_s=0.21 rtf=0.116
2026-10-01T20:21:23.572466Z  INFO request{request_id=01a0f920-fbf4-7475-a585-07f971595eb2 method=POST path=/v1/transcribe}: gigastt_core::inference::audio::wave: Audio (wave): 48000Hz, 2ch (streaming windows)
2026-10-01T20:21:23.714218Z  INFO request{request_id=01a0f920-fbf4-7475-a585-07f971595eb2 method=POST path=/v1/transcribe}: gigastt_core::inference::engine::infer: encoder_inference elapsed_ms=137
2026-10-01T20:21:23.714295Z  INFO request{request_id=01a0f920-fbf4-7475-a585-07f971595eb2 method=POST path=/v1/transcribe}: gigastt_core::inference::engine::file_stream: transcribe complete (streaming windows) audio_s=1.09 wall_s=0.14 rtf=0.130
2026-10-01T20:21:23.720208Z  INFO request{request_id=01a0f920-fc87-7037-814d-fc756a9019df method=POST path=/v1/transcribe}: gigastt_core::inference::audio::wave: Audio (wave): 48000Hz, 2ch (streaming windows)
2026-10-01T20:21:23.739630Z  INFO request{request_id=01a0f920-fbec-77ed-9631-cd8c56a54976 method=POST path=/v1/transcribe}: gigastt_core::inference::engine::infer: encoder_inference elapsed_ms=170
2026-10-01T20:21:23.739698Z  INFO request{request_id=01a0f920-fbec-77ed-9631-cd8c56a54976 method=POST path=/v1/transcribe}: gigastt_core::inference::engine::file_stream: transcribe complete (streaming windows) audio_s=1.45 wall_s=0.17 rtf=0.120
2026-10-01T20:21:23.742818Z  INFO request{request_id=01a0f920-fc9e-73a7-bcb6-4c356bea5c96 method=POST path=/v1/transcribe}: gigastt_core::inference::audio::wave: Audio (wave): 48000Hz, 2ch (streaming windows)
2026-10-01T20:21:23.872803Z  INFO request{request_id=01a0f920-fc9e-73a7-bcb6-4c356bea5c96 method=POST path=/v1/transcribe}: gigastt_core::inference::engine::infer: encoder_inference elapsed_ms=126
2026-10-01T20:21:23.872874Z  INFO request{request_id=01a0f920-fc9e-73a7-bcb6-4c356bea5c96 method=POST path=/v1/transcribe}: gigastt_core::inference::engine::file_stream: transcribe complete (streaming windows) audio_s=1.01 wall_s=0.13 rtf=0.128
2026-10-01T20:21:23.878565Z  INFO request{request_id=01a0f920-fd26-7208-a85a-e136273c23bd method=POST path=/v1/transcribe}: gigastt_core::inference::audio::wave: Audio (wave): 48000Hz, 2ch (streaming windows)
2026-10-01T20:21:23.894871Z  INFO request{request_id=01a0f920-fc87-7037-814d-fc756a9019df method=POST path=/v1/transcribe}: gigastt_core::inference::engine::infer: encoder_inference elapsed_ms=170
2026-10-01T20:21:23.894940Z  INFO request{request_id=01a0f920-fc87-7037-814d-fc756a9019df method=POST path=/v1/transcribe}: gigastt_core::inference::engine::file_stream: transcribe complete (streaming windows) audio_s=1.44 wall_s=0.17 rtf=0.121
2026-10-01T20:21:23.898356Z  INFO request{request_id=01a0f920-fd3a-7004-ae5a-c9c6aa118478 method=POST path=/v1/transcribe}: gigastt_core::inference::audio::wave: Audio (wave): 48000Hz, 2ch (streaming windows)
2026-10-01T20:21:24.042885Z  INFO request{request_id=01a0f920-fd26-7208-a85a-e136273c23bd method=POST path=/v1/transcribe}: gigastt_core::inference::engine::infer: encoder_inference elapsed_ms=159
2026-10-01T20:21:24.042955Z  INFO request{request_id=01a0f920-fd26-7208-a85a-e136273c23bd method=POST path=/v1/transcribe}: gigastt_core::inference::engine::file_stream: transcribe complete (streaming windows) audio_s=1.22 wall_s=0.16 rtf=0.134
2026-10-01T20:21:24.049419Z  INFO request{request_id=01a0f920-fdd1-72ab-9cb4-8b6cbda89ade method=POST path=/v1/transcribe}: gigastt_core::inference::audio::wave: Audio (wave): 48000Hz, 2ch (streaming windows)
2026-10-01T20:21:24.172937Z  INFO request{request_id=01a0f920-fd3a-7004-ae5a-c9c6aa118478 method=POST path=/v1/transcribe}: gigastt_core::inference::engine::infer: encoder_inference elapsed_ms=269
2026-10-01T20:21:24.173070Z  INFO request{request_id=01a0f920-fd3a-7004-ae5a-c9c6aa118478 method=POST path=/v1/transcribe}: gigastt_core::inference::engine::file_stream: transcribe complete (streaming windows) audio_s=2.39 wall_s=0.27 rtf=0.115
2026-10-01T20:21:24.179505Z  INFO request{request_id=01a0f920-fe53-723f-8ba6-a958913e26d5 method=POST path=/v1/transcribe}: gigastt_core::inference::audio::wave: Audio (wave): 48000Hz, 2ch (streaming windows)
2026-10-01T20:21:24.203403Z  INFO request{request_id=01a0f920-fdd1-72ab-9cb4-8b6cbda89ade method=POST path=/v1/transcribe}: gigastt_core::inference::engine::infer: encoder_inference elapsed_ms=149
2026-10-01T20:21:24.203485Z  INFO request{request_id=01a0f920-fdd1-72ab-9cb4-8b6cbda89ade method=POST path=/v1/transcribe}: gigastt_core::inference::engine::file_stream: transcribe complete (streaming windows) audio_s=1.07 wall_s=0.15 rtf=0.144
2026-10-01T20:21:24.206623Z  INFO request{request_id=01a0f920-fe6e-73aa-b004-b9b3a1710646 method=POST path=/v1/transcribe}: gigastt_core::inference::audio::wave: Audio (wave): 48000Hz, 2ch (streaming windows)
2026-10-01T20:21:24.327708Z  INFO request{request_id=01a0f920-fe53-723f-8ba6-a958913e26d5 method=POST path=/v1/transcribe}: gigastt_core::inference::engine::infer: encoder_inference elapsed_ms=145
2026-10-01T20:21:24.327772Z  INFO request{request_id=01a0f920-fe53-723f-8ba6-a958913e26d5 method=POST path=/v1/transcribe}: gigastt_core::inference::engine::file_stream: transcribe complete (streaming windows) audio_s=1.16 wall_s=0.15 rtf=0.127
2026-10-01T20:21:24.333812Z  INFO request{request_id=01a0f920-feed-76ba-84e6-5026aa386fd9 method=POST path=/v1/transcribe}: gigastt_core::inference::audio::wave: Audio (wave): 48000Hz, 2ch (streaming windows)
2026-10-01T20:21:24.424282Z  INFO request{request_id=01a0f920-fe6e-73aa-b004-b9b3a1710646 method=POST path=/v1/transcribe}: gigastt_core::inference::engine::infer: encoder_inference elapsed_ms=214
2026-10-01T20:21:24.424360Z  INFO request{request_id=01a0f920-fe6e-73aa-b004-b9b3a1710646 method=POST path=/v1/transcribe}: gigastt_core::inference::engine::file_stream: transcribe complete (streaming windows) audio_s=2.02 wall_s=0.22 rtf=0.108
2026-10-01T20:21:24.427614Z  INFO request{request_id=01a0f920-ff4b-7456-bd98-4d2640d862aa method=POST path=/v1/transcribe}: gigastt_core::inference::audio::wave: Audio (wave): 48000Hz, 2ch (streaming windows)
2026-10-01T20:21:24.509940Z  INFO request{request_id=01a0f920-feed-76ba-84e6-5026aa386fd9 method=POST path=/v1/transcribe}: gigastt_core::inference::engine::infer: encoder_inference elapsed_ms=172
2026-10-01T20:21:24.510008Z  INFO request{request_id=01a0f920-feed-76ba-84e6-5026aa386fd9 method=POST path=/v1/transcribe}: gigastt_core::inference::engine::file_stream: transcribe complete (streaming windows) audio_s=1.35 wall_s=0.18 rtf=0.130
2026-10-01T20:21:24.513142Z  INFO request{request_id=01a0f920-ffa0-75de-beec-ad241acbba0c method=POST path=/v1/transcribe}: gigastt_core::inference::audio::wave: Audio (wave): 48000Hz, 2ch (streaming windows)
2026-10-01T20:21:24.565069Z  INFO request{request_id=01a0f920-ff4b-7456-bd98-4d2640d862aa method=POST path=/v1/transcribe}: gigastt_core::inference::engine::infer: encoder_inference elapsed_ms=134
2026-10-01T20:21:24.565142Z  INFO request{request_id=01a0f920-ff4b-7456-bd98-4d2640d862aa method=POST path=/v1/transcribe}: gigastt_core::inference::engine::file_stream: transcribe complete (streaming windows) audio_s=1.27 wall_s=0.14 rtf=0.108
2026-10-01T20:21:24.568232Z  INFO request{request_id=01a0f920-ffd8-7080-80dd-2204d4b3887d method=POST path=/v1/transcribe}: gigastt_core::inference::audio::wave: Audio (wave): 48000Hz, 2ch (streaming windows)
2026-10-01T20:21:24.655980Z  INFO request{request_id=01a0f920-ffa0-75de-beec-ad241acbba0c method=POST path=/v1/transcribe}: gigastt_core::inference::engine::infer: encoder_inference elapsed_ms=139
2026-10-01T20:21:24.656059Z  INFO request{request_id=01a0f920-ffa0-75de-beec-ad241acbba0c method=POST path=/v1/transcribe}: gigastt_core::inference::engine::file_stream: transcribe complete (streaming windows) audio_s=1.30 wall_s=0.14 rtf=0.110
2026-10-01T20:21:24.659575Z  INFO request{request_id=01a0f921-0033-7690-9e68-431ed3022594 method=POST path=/v1/transcribe}: gigastt_core::inference::audio::wave: Audio (wave): 48000Hz, 2ch (streaming windows)
2026-10-01T20:21:24.720916Z  INFO request{request_id=01a0f920-ffd8-7080-80dd-2204d4b3887d method=POST path=/v1/transcribe}: gigastt_core::inference::engine::infer: encoder_inference elapsed_ms=149
2026-10-01T20:21:24.720985Z  INFO request{request_id=01a0f920-ffd8-7080-80dd-2204d4b3887d method=POST path=/v1/transcribe}: gigastt_core::inference::engine::file_stream: transcribe complete (streaming windows) audio_s=1.21 wall_s=0.15 rtf=0.126
2026-10-01T20:21:24.724189Z  INFO request{request_id=01a0f921-0073-734e-add4-ab84bb85bedd method=POST path=/v1/transcribe}: gigastt_core::inference::audio::wave: Audio (wave): 48000Hz, 2ch (streaming windows)
2026-10-01T20:21:24.786872Z  INFO request{request_id=01a0f921-0033-7690-9e68-431ed3022594 method=POST path=/v1/transcribe}: gigastt_core::inference::engine::infer: encoder_inference elapsed_ms=124
2026-10-01T20:21:24.786936Z  INFO request{request_id=01a0f921-0033-7690-9e68-431ed3022594 method=POST path=/v1/transcribe}: gigastt_core::inference::engine::file_stream: transcribe complete (streaming windows) audio_s=1.16 wall_s=0.13 rtf=0.109
2026-10-01T20:21:24.790067Z  INFO request{request_id=01a0f921-00b5-7282-bb17-efff50c74bf6 method=POST path=/v1/transcribe}: gigastt_core::inference::audio::wave: Audio (wave): 48000Hz, 2ch (streaming windows)
2026-10-01T20:21:24.869001Z  INFO request{request_id=01a0f921-0073-734e-add4-ab84bb85bedd method=POST path=/v1/transcribe}: gigastt_core::inference::engine::infer: encoder_inference elapsed_ms=140
2026-10-01T20:21:24.869075Z  INFO request{request_id=01a0f921-0073-734e-add4-ab84bb85bedd method=POST path=/v1/transcribe}: gigastt_core::inference::engine::file_stream: transcribe complete (streaming windows) audio_s=1.10 wall_s=0.14 rtf=0.131
2026-10-01T20:21:24.872002Z  INFO request{request_id=01a0f921-0107-73c4-b2ce-5d5e50690e46 method=POST path=/v1/transcribe}: gigastt_core::inference::audio::wave: Audio (wave): 48000Hz, 2ch (streaming windows)
2026-10-01T20:21:24.987834Z  INFO request{request_id=01a0f921-00b5-7282-bb17-efff50c74bf6 method=POST path=/v1/transcribe}: gigastt_core::inference::engine::infer: encoder_inference elapsed_ms=192
2026-10-01T20:21:24.987906Z  INFO request{request_id=01a0f921-00b5-7282-bb17-efff50c74bf6 method=POST path=/v1/transcribe}: gigastt_core::inference::engine::file_stream: transcribe complete (streaming windows) audio_s=1.76 wall_s=0.20 rtf=0.112
2026-10-01T20:21:24.992136Z  INFO request{request_id=01a0f921-017f-77bf-bab4-1809580d50ca method=POST path=/v1/transcribe}: gigastt_core::inference::audio::wave: Audio (wave): 48000Hz, 2ch (streaming windows)
2026-10-01T20:21:25.070906Z  INFO request{request_id=01a0f921-0107-73c4-b2ce-5d5e50690e46 method=POST path=/v1/transcribe}: gigastt_core::inference::engine::infer: encoder_inference elapsed_ms=195
2026-10-01T20:21:25.070976Z  INFO request{request_id=01a0f921-0107-73c4-b2ce-5d5e50690e46 method=POST path=/v1/transcribe}: gigastt_core::inference::engine::file_stream: transcribe complete (streaming windows) audio_s=1.67 wall_s=0.20 rtf=0.119
2026-10-01T20:21:25.074100Z  INFO request{request_id=01a0f921-01d1-72e4-9b30-4d2b7ea3af7f method=POST path=/v1/transcribe}: gigastt_core::inference::audio::wave: Audio (wave): 48000Hz, 2ch (streaming windows)
2026-10-01T20:21:25.157988Z  INFO request{request_id=01a0f921-017f-77bf-bab4-1809580d50ca method=POST path=/v1/transcribe}: gigastt_core::inference::engine::infer: encoder_inference elapsed_ms=161
2026-10-01T20:21:25.158057Z  INFO request{request_id=01a0f921-017f-77bf-bab4-1809580d50ca method=POST path=/v1/transcribe}: gigastt_core::inference::engine::file_stream: transcribe complete (streaming windows) audio_s=1.53 wall_s=0.17 rtf=0.108
2026-10-01T20:21:25.161247Z  INFO request{request_id=01a0f921-0228-7032-b91e-48fe01f844f2 method=POST path=/v1/transcribe}: gigastt_core::inference::audio::wave: Audio (wave): 48000Hz, 2ch (streaming windows)
2026-10-01T20:21:25.216128Z  INFO request{request_id=01a0f921-01d1-72e4-9b30-4d2b7ea3af7f method=POST path=/v1/transcribe}: gigastt_core::inference::engine::infer: encoder_inference elapsed_ms=139
2026-10-01T20:21:25.216196Z  INFO request{request_id=01a0f921-01d1-72e4-9b30-4d2b7ea3af7f method=POST path=/v1/transcribe}: gigastt_core::inference::engine::file_stream: transcribe complete (streaming windows) audio_s=1.11 wall_s=0.14 rtf=0.128
2026-10-01T20:21:25.219424Z  INFO request{request_id=01a0f921-0263-7623-a99b-b824465dd026 method=POST path=/v1/transcribe}: gigastt_core::inference::audio::wave: Audio (wave): 48000Hz, 2ch (streaming windows)
2026-10-01T20:21:25.353517Z  INFO request{request_id=01a0f921-0228-7032-b91e-48fe01f844f2 method=POST path=/v1/transcribe}: gigastt_core::inference::engine::infer: encoder_inference elapsed_ms=189
2026-10-01T20:21:25.353586Z  INFO request{request_id=01a0f921-0228-7032-b91e-48fe01f844f2 method=POST path=/v1/transcribe}: gigastt_core::inference::engine::file_stream: transcribe complete (streaming windows) audio_s=1.67 wall_s=0.19 rtf=0.115
2026-10-01T20:21:25.359689Z  INFO request{request_id=01a0f921-02ef-7475-a9b2-205527cccbca method=POST path=/v1/transcribe}: gigastt_core::inference::audio::wave: Audio (wave): 48000Hz, 2ch (streaming windows)
2026-10-01T20:21:25.385883Z  INFO request{request_id=01a0f921-0263-7623-a99b-b824465dd026 method=POST path=/v1/transcribe}: gigastt_core::inference::engine::infer: encoder_inference elapsed_ms=162
2026-10-01T20:21:25.385948Z  INFO request{request_id=01a0f921-0263-7623-a99b-b824465dd026 method=POST path=/v1/transcribe}: gigastt_core::inference::engine::file_stream: transcribe complete (streaming windows) audio_s=1.39 wall_s=0.17 rtf=0.120
2026-10-01T20:21:25.389229Z  INFO request{request_id=01a0f921-030c-758c-a08e-20c0648a7610 method=POST path=/v1/transcribe}: gigastt_core::inference::audio::wave: Audio (wave): 48000Hz, 2ch (streaming windows)
2026-10-01T20:21:25.534336Z  INFO request{request_id=01a0f921-02ef-7475-a9b2-205527cccbca method=POST path=/v1/transcribe}: gigastt_core::inference::engine::infer: encoder_inference elapsed_ms=171
2026-10-01T20:21:25.534394Z  INFO request{request_id=01a0f921-02ef-7475-a9b2-205527cccbca method=POST path=/v1/transcribe}: gigastt_core::inference::engine::file_stream: transcribe complete (streaming windows) audio_s=1.50 wall_s=0.17 rtf=0.117
2026-10-01T20:21:25.540124Z  INFO request{request_id=01a0f921-03a3-732c-b28e-55742ba74dd9 method=POST path=/v1/transcribe}: gigastt_core::inference::audio::wave: Audio (wave): 48000Hz, 2ch (streaming windows)
2026-10-01T20:21:25.545641Z  INFO request{request_id=01a0f921-030c-758c-a08e-20c0648a7610 method=POST path=/v1/transcribe}: gigastt_core::inference::engine::infer: encoder_inference elapsed_ms=153
2026-10-01T20:21:25.545709Z  INFO request{request_id=01a0f921-030c-758c-a08e-20c0648a7610 method=POST path=/v1/transcribe}: gigastt_core::inference::engine::file_stream: transcribe complete (streaming windows) audio_s=1.79 wall_s=0.16 rtf=0.088
2026-10-01T20:21:25.548340Z  INFO request{request_id=01a0f921-03ac-73dc-882e-e8c014276f18 method=POST path=/v1/transcribe}: gigastt_core::inference::audio::wave: Audio (wave): 48000Hz, 2ch (streaming windows)
2026-10-01T20:21:25.690890Z  INFO request{request_id=01a0f921-03a3-732c-b28e-55742ba74dd9 method=POST path=/v1/transcribe}: gigastt_core::inference::engine::infer: encoder_inference elapsed_ms=147
2026-10-01T20:21:25.690952Z  INFO request{request_id=01a0f921-03a3-732c-b28e-55742ba74dd9 method=POST path=/v1/transcribe}: gigastt_core::inference::engine::file_stream: transcribe complete (streaming windows) audio_s=1.29 wall_s=0.15 rtf=0.117
2026-10-01T20:21:25.700972Z  INFO request{request_id=01a0f921-0444-7194-afe0-841e5cfe6dd4 method=POST path=/v1/transcribe}: gigastt_core::inference::audio::wave: Audio (wave): 48000Hz, 2ch (streaming windows)
2026-10-01T20:21:25.727480Z  INFO request{request_id=01a0f921-03ac-73dc-882e-e8c014276f18 method=POST path=/v1/transcribe}: gigastt_core::inference::engine::infer: encoder_inference elapsed_ms=175
2026-10-01T20:21:25.727555Z  INFO request{request_id=01a0f921-03ac-73dc-882e-e8c014276f18 method=POST path=/v1/transcribe}: gigastt_core::inference::engine::file_stream: transcribe complete (streaming windows) audio_s=1.44 wall_s=0.18 rtf=0.125
2026-10-01T20:21:25.738985Z  INFO request{request_id=01a0f921-046a-7311-9318-096baf5bf7e7 method=POST path=/v1/transcribe}: gigastt_core::inference::audio::wave: Audio (wave): 48000Hz, 2ch (streaming windows)
2026-10-01T20:21:25.891169Z  INFO request{request_id=01a0f921-0444-7194-afe0-841e5cfe6dd4 method=POST path=/v1/transcribe}: gigastt_core::inference::engine::infer: encoder_inference elapsed_ms=186
2026-10-01T20:21:25.891235Z  INFO request{request_id=01a0f921-0444-7194-afe0-841e5cfe6dd4 method=POST path=/v1/transcribe}: gigastt_core::inference::engine::file_stream: transcribe complete (streaming windows) audio_s=1.70 wall_s=0.19 rtf=0.112
2026-10-01T20:21:25.897401Z  INFO request{request_id=01a0f921-0509-721a-89cc-2b6c1e32e13b method=POST path=/v1/transcribe}: gigastt_core::inference::audio::wave: Audio (wave): 48000Hz, 2ch (streaming windows)
2026-10-01T20:21:25.922774Z  INFO request{request_id=01a0f921-046a-7311-9318-096baf5bf7e7 method=POST path=/v1/transcribe}: gigastt_core::inference::engine::infer: encoder_inference elapsed_ms=179
2026-10-01T20:21:25.922844Z  INFO request{request_id=01a0f921-046a-7311-9318-096baf5bf7e7 method=POST path=/v1/transcribe}: gigastt_core::inference::engine::file_stream: transcribe complete (streaming windows) audio_s=1.50 wall_s=0.18 rtf=0.122
2026-10-01T20:21:25.933033Z  INFO request{request_id=01a0f921-052c-7307-a542-e94d71277cc0 method=POST path=/v1/transcribe}: gigastt_core::inference::audio::wave: Audio (wave): 48000Hz, 2ch (streaming windows)
2026-10-01T20:21:26.017303Z  INFO request{request_id=01a0f921-0509-721a-89cc-2b6c1e32e13b method=POST path=/v1/transcribe}: gigastt_core::inference::engine::infer: encoder_inference elapsed_ms=116
2026-10-01T20:21:26.017364Z  INFO request{request_id=01a0f921-0509-721a-89cc-2b6c1e32e13b method=POST path=/v1/transcribe}: gigastt_core::inference::engine::file_stream: transcribe complete (streaming windows) audio_s=1.02 wall_s=0.12 rtf=0.117
2026-10-01T20:21:26.027417Z  INFO request{request_id=01a0f921-058b-7793-8510-acab0ff6dbd9 method=POST path=/v1/transcribe}: gigastt_core::inference::audio::wave: Audio (wave): 48000Hz, 2ch (streaming windows)
2026-10-01T20:21:26.064394Z  INFO request{request_id=01a0f921-052c-7307-a542-e94d71277cc0 method=POST path=/v1/transcribe}: gigastt_core::inference::engine::infer: encoder_inference elapsed_ms=128
2026-10-01T20:21:26.064452Z  INFO request{request_id=01a0f921-052c-7307-a542-e94d71277cc0 method=POST path=/v1/transcribe}: gigastt_core::inference::engine::file_stream: transcribe complete (streaming windows) audio_s=1.05 wall_s=0.13 rtf=0.125
2026-10-01T20:21:26.072916Z  INFO request{request_id=01a0f921-05b8-71ab-832b-5f073e0932db method=POST path=/v1/transcribe}: gigastt_core::inference::audio::wave: Audio (wave): 48000Hz, 2ch (streaming windows)
2026-10-01T20:21:26.175721Z  INFO request{request_id=01a0f921-058b-7793-8510-acab0ff6dbd9 method=POST path=/v1/transcribe}: gigastt_core::inference::engine::infer: encoder_inference elapsed_ms=144
2026-10-01T20:21:26.175782Z  INFO request{request_id=01a0f921-058b-7793-8510-acab0ff6dbd9 method=POST path=/v1/transcribe}: gigastt_core::inference::engine::file_stream: transcribe complete (streaming windows) audio_s=1.26 wall_s=0.15 rtf=0.117
2026-10-01T20:21:26.186767Z  INFO request{request_id=01a0f921-062a-7355-a894-7e6c8e944dba method=POST path=/v1/transcribe}: gigastt_core::inference::audio::wave: Audio (wave): 48000Hz, 2ch (streaming windows)
2026-10-01T20:21:26.249120Z  INFO request{request_id=01a0f921-05b8-71ab-832b-5f073e0932db method=POST path=/v1/transcribe}: gigastt_core::inference::engine::infer: encoder_inference elapsed_ms=171
2026-10-01T20:21:26.249196Z  INFO request{request_id=01a0f921-05b8-71ab-832b-5f073e0932db method=POST path=/v1/transcribe}: gigastt_core::inference::engine::file_stream: transcribe complete (streaming windows) audio_s=1.51 wall_s=0.18 rtf=0.117
2026-10-01T20:21:26.253917Z  INFO request{request_id=01a0f921-066d-70b3-8ab5-1be5a022aa88 method=POST path=/v1/transcribe}: gigastt_core::inference::audio::wave: Audio (wave): 48000Hz, 2ch (streaming windows)
2026-10-01T20:21:26.347234Z  INFO request{request_id=01a0f921-062a-7355-a894-7e6c8e944dba method=POST path=/v1/transcribe}: gigastt_core::inference::engine::infer: encoder_inference elapsed_ms=156
2026-10-01T20:21:26.347307Z  INFO request{request_id=01a0f921-062a-7355-a894-7e6c8e944dba method=POST path=/v1/transcribe}: gigastt_core::inference::engine::file_stream: transcribe complete (streaming windows) audio_s=1.25 wall_s=0.16 rtf=0.129
2026-10-01T20:21:26.352973Z  INFO request{request_id=01a0f921-06d0-7210-9a42-b564dd60ac83 method=POST path=/v1/transcribe}: gigastt_core::inference::audio::wave: Audio (wave): 48000Hz, 2ch (streaming windows)
2026-10-01T20:21:26.385016Z  INFO request{request_id=01a0f921-066d-70b3-8ab5-1be5a022aa88 method=POST path=/v1/transcribe}: gigastt_core::inference::engine::infer: encoder_inference elapsed_ms=127
2026-10-01T20:21:26.385077Z  INFO request{request_id=01a0f921-066d-70b3-8ab5-1be5a022aa88 method=POST path=/v1/transcribe}: gigastt_core::inference::engine::file_stream: transcribe complete (streaming windows) audio_s=1.03 wall_s=0.13 rtf=0.127
2026-10-01T20:21:26.393453Z  INFO request{request_id=01a0f921-06f9-736d-a46f-bd5d3d89b577 method=POST path=/v1/transcribe}: gigastt_core::inference::audio::wave: Audio (wave): 48000Hz, 2ch (streaming windows)
2026-10-01T20:21:26.493981Z  INFO request{request_id=01a0f921-06d0-7210-9a42-b564dd60ac83 method=POST path=/v1/transcribe}: gigastt_core::inference::engine::infer: encoder_inference elapsed_ms=137
2026-10-01T20:21:26.494045Z  INFO request{request_id=01a0f921-06d0-7210-9a42-b564dd60ac83 method=POST path=/v1/transcribe}: gigastt_core::inference::engine::file_stream: transcribe complete (streaming windows) audio_s=1.09 wall_s=0.14 rtf=0.130
2026-10-01T20:21:26.501620Z  INFO request{request_id=01a0f921-0765-75bf-84a8-28050ae26134 method=POST path=/v1/transcribe}: gigastt_core::inference::audio::wave: Audio (wave): 48000Hz, 2ch (streaming windows)
2026-10-01T20:21:26.561074Z  INFO request{request_id=01a0f921-06f9-736d-a46f-bd5d3d89b577 method=POST path=/v1/transcribe}: gigastt_core::inference::engine::infer: encoder_inference elapsed_ms=164
2026-10-01T20:21:26.561140Z  INFO request{request_id=01a0f921-06f9-736d-a46f-bd5d3d89b577 method=POST path=/v1/transcribe}: gigastt_core::inference::engine::file_stream: transcribe complete (streaming windows) audio_s=1.63 wall_s=0.17 rtf=0.103
2026-10-01T20:21:26.565509Z  INFO request{request_id=01a0f921-07a5-76c7-91e6-54574b3b2718 method=POST path=/v1/transcribe}: gigastt_core::inference::audio::wave: Audio (wave): 48000Hz, 2ch (streaming windows)
2026-10-01T20:21:26.671447Z  INFO request{request_id=01a0f921-07a5-76c7-91e6-54574b3b2718 method=POST path=/v1/transcribe}: gigastt_core::inference::engine::infer: encoder_inference elapsed_ms=102
2026-10-01T20:21:26.671509Z  INFO request{request_id=01a0f921-07a5-76c7-91e6-54574b3b2718 method=POST path=/v1/transcribe}: gigastt_core::inference::engine::file_stream: transcribe complete (streaming windows) audio_s=1.19 wall_s=0.11 rtf=0.089
2026-10-01T20:21:26.680205Z  INFO request{request_id=01a0f921-0817-730e-8925-2e6fa8c5a5f9 method=POST path=/v1/transcribe}: gigastt_core::inference::audio::wave: Audio (wave): 48000Hz, 2ch (streaming windows)
2026-10-01T20:21:26.681717Z  INFO request{request_id=01a0f921-0765-75bf-84a8-28050ae26134 method=POST path=/v1/transcribe}: gigastt_core::inference::engine::infer: encoder_inference elapsed_ms=176
2026-10-01T20:21:26.681749Z  INFO request{request_id=01a0f921-0765-75bf-84a8-28050ae26134 method=POST path=/v1/transcribe}: gigastt_core::inference::engine::file_stream: transcribe complete (streaming windows) audio_s=1.54 wall_s=0.18 rtf=0.117
2026-10-01T20:21:26.691907Z  INFO request{request_id=01a0f921-0823-70fd-966a-4577df9180fb method=POST path=/v1/transcribe}: gigastt_core::inference::audio::wave: Audio (wave): 48000Hz, 2ch (streaming windows)
2026-10-01T20:21:26.778566Z  INFO request{request_id=01a0f921-0817-730e-8925-2e6fa8c5a5f9 method=POST path=/v1/transcribe}: gigastt_core::inference::engine::infer: encoder_inference elapsed_ms=94
2026-10-01T20:21:26.778638Z  INFO request{request_id=01a0f921-0817-730e-8925-2e6fa8c5a5f9 method=POST path=/v1/transcribe}: gigastt_core::inference::engine::file_stream: transcribe complete (streaming windows) audio_s=1.09 wall_s=0.10 rtf=0.090
2026-10-01T20:21:26.783993Z  INFO request{request_id=01a0f921-087f-750d-bbc3-a1c20d0c1ce4 method=POST path=/v1/transcribe}: gigastt_core::inference::audio::wave: Audio (wave): 48000Hz, 2ch (streaming windows)
2026-10-01T20:21:26.844638Z  INFO request{request_id=01a0f921-0823-70fd-966a-4577df9180fb method=POST path=/v1/transcribe}: gigastt_core::inference::engine::infer: encoder_inference elapsed_ms=149
2026-10-01T20:21:26.844701Z  INFO request{request_id=01a0f921-0823-70fd-966a-4577df9180fb method=POST path=/v1/transcribe}: gigastt_core::inference::engine::file_stream: transcribe complete (streaming windows) audio_s=1.29 wall_s=0.15 rtf=0.119
2026-10-01T20:21:26.849238Z  INFO request{request_id=01a0f921-08c0-701d-991e-c95993e18b99 method=POST path=/v1/transcribe}: gigastt_core::inference::audio::wave: Audio (wave): 48000Hz, 2ch (streaming windows)
2026-10-01T20:21:26.932418Z  INFO request{request_id=01a0f921-087f-750d-bbc3-a1c20d0c1ce4 method=POST path=/v1/transcribe}: gigastt_core::inference::engine::infer: encoder_inference elapsed_ms=145
2026-10-01T20:21:26.932481Z  INFO request{request_id=01a0f921-087f-750d-bbc3-a1c20d0c1ce4 method=POST path=/v1/transcribe}: gigastt_core::inference::engine::file_stream: transcribe complete (streaming windows) audio_s=1.23 wall_s=0.15 rtf=0.121
2026-10-01T20:21:26.940275Z  INFO request{request_id=01a0f921-091c-70d4-b438-f7f359902937 method=POST path=/v1/transcribe}: gigastt_core::inference::audio::wave: Audio (wave): 48000Hz, 2ch (streaming windows)
2026-10-01T20:21:26.997704Z  INFO request{request_id=01a0f921-08c0-701d-991e-c95993e18b99 method=POST path=/v1/transcribe}: gigastt_core::inference::engine::infer: encoder_inference elapsed_ms=145
2026-10-01T20:21:26.997772Z  INFO request{request_id=01a0f921-08c0-701d-991e-c95993e18b99 method=POST path=/v1/transcribe}: gigastt_core::inference::engine::file_stream: transcribe complete (streaming windows) audio_s=1.46 wall_s=0.15 rtf=0.102
2026-10-01T20:21:27.004024Z  INFO request{request_id=01a0f921-095b-76df-870b-b625805eb2ab method=POST path=/v1/transcribe}: gigastt_core::inference::audio::wave: Audio (wave): 48000Hz, 2ch (streaming windows)
2026-10-01T20:21:27.111852Z  INFO request{request_id=01a0f921-091c-70d4-b438-f7f359902937 method=POST path=/v1/transcribe}: gigastt_core::inference::engine::infer: encoder_inference elapsed_ms=168
2026-10-01T20:21:27.111926Z  INFO request{request_id=01a0f921-091c-70d4-b438-f7f359902937 method=POST path=/v1/transcribe}: gigastt_core::inference::engine::file_stream: transcribe complete (streaming windows) audio_s=1.49 wall_s=0.17 rtf=0.115
2026-10-01T20:21:27.118078Z  INFO request{request_id=01a0f921-09cd-7693-8f23-bb30e3190e48 method=POST path=/v1/transcribe}: gigastt_core::inference::audio::wave: Audio (wave): 48000Hz, 2ch (streaming windows)
2026-10-01T20:21:27.139327Z  INFO request{request_id=01a0f921-095b-76df-870b-b625805eb2ab method=POST path=/v1/transcribe}: gigastt_core::inference::engine::infer: encoder_inference elapsed_ms=131
2026-10-01T20:21:27.139395Z  INFO request{request_id=01a0f921-095b-76df-870b-b625805eb2ab method=POST path=/v1/transcribe}: gigastt_core::inference::engine::file_stream: transcribe complete (streaming windows) audio_s=1.07 wall_s=0.14 rtf=0.127
2026-10-01T20:21:27.147942Z  INFO request{request_id=01a0f921-09eb-75f9-80d9-fced0a7e40c5 method=POST path=/v1/transcribe}: gigastt_core::inference::audio::wave: Audio (wave): 48000Hz, 2ch (streaming windows)
2026-10-01T20:21:27.284892Z  INFO request{request_id=01a0f921-09cd-7693-8f23-bb30e3190e48 method=POST path=/v1/transcribe}: gigastt_core::inference::engine::infer: encoder_inference elapsed_ms=162
2026-10-01T20:21:27.284971Z  INFO request{request_id=01a0f921-09cd-7693-8f23-bb30e3190e48 method=POST path=/v1/transcribe}: gigastt_core::inference::engine::file_stream: transcribe complete (streaming windows) audio_s=2.01 wall_s=0.17 rtf=0.083
2026-10-01T20:21:27.293118Z  INFO request{request_id=01a0f921-0a7c-735e-8f11-e448dab36bfa method=POST path=/v1/transcribe}: gigastt_core::inference::audio::wave: Audio (wave): 48000Hz, 2ch (streaming windows)
2026-10-01T20:21:27.293969Z  INFO request{request_id=01a0f921-09eb-75f9-80d9-fced0a7e40c5 method=POST path=/v1/transcribe}: gigastt_core::inference::engine::infer: encoder_inference elapsed_ms=143
2026-10-01T20:21:27.294001Z  INFO request{request_id=01a0f921-09eb-75f9-80d9-fced0a7e40c5 method=POST path=/v1/transcribe}: gigastt_core::inference::engine::file_stream: transcribe complete (streaming windows) audio_s=1.20 wall_s=0.15 rtf=0.122
2026-10-01T20:21:27.303097Z  INFO request{request_id=01a0f921-0a86-76b3-ad75-6865d4440d65 method=POST path=/v1/transcribe}: gigastt_core::inference::audio::wave: Audio (wave): 48000Hz, 2ch (streaming windows)
2026-10-01T20:21:27.429605Z  INFO request{request_id=01a0f921-0a7c-735e-8f11-e448dab36bfa method=POST path=/v1/transcribe}: gigastt_core::inference::engine::infer: encoder_inference elapsed_ms=133
2026-10-01T20:21:27.429679Z  INFO request{request_id=01a0f921-0a7c-735e-8f11-e448dab36bfa method=POST path=/v1/transcribe}: gigastt_core::inference::engine::file_stream: transcribe complete (streaming windows) audio_s=1.03 wall_s=0.14 rtf=0.132
2026-10-01T20:21:27.443345Z  INFO request{request_id=01a0f921-0a86-76b3-ad75-6865d4440d65 method=POST path=/v1/transcribe}: gigastt_core::inference::engine::infer: encoder_inference elapsed_ms=136
2026-10-01T20:21:27.443409Z  INFO request{request_id=01a0f921-0a86-76b3-ad75-6865d4440d65 method=POST path=/v1/transcribe}: gigastt_core::inference::engine::file_stream: transcribe complete (streaming windows) audio_s=1.15 wall_s=0.14 rtf=0.122
2026-10-01T20:21:27.447361Z  INFO request{request_id=01a0f921-0b17-70e7-bff4-8f945f7f1a59 method=POST path=/v1/transcribe}: gigastt_core::inference::audio::wave: Audio (wave): 48000Hz, 2ch (streaming windows)
2026-10-01T20:21:27.457531Z  INFO request{request_id=01a0f921-0b21-725a-8d4d-f11ca32e9081 method=POST path=/v1/transcribe}: gigastt_core::inference::audio::wave: Audio (wave): 48000Hz, 2ch (streaming windows)
2026-10-01T20:21:27.603892Z  INFO request{request_id=01a0f921-0b21-725a-8d4d-f11ca32e9081 method=POST path=/v1/transcribe}: gigastt_core::inference::engine::infer: encoder_inference elapsed_ms=143
2026-10-01T20:21:27.603958Z  INFO request{request_id=01a0f921-0b21-725a-8d4d-f11ca32e9081 method=POST path=/v1/transcribe}: gigastt_core::inference::engine::file_stream: transcribe complete (streaming windows) audio_s=1.15 wall_s=0.15 rtf=0.127
2026-10-01T20:21:27.617462Z  INFO request{request_id=01a0f921-0bc1-76fd-9b9b-75185cfea90d method=POST path=/v1/transcribe}: gigastt_core::inference::audio::wave: Audio (wave): 48000Hz, 2ch (streaming windows)
2026-10-01T20:21:27.627139Z  INFO request{request_id=01a0f921-0b17-70e7-bff4-8f945f7f1a59 method=POST path=/v1/transcribe}: gigastt_core::inference::engine::infer: encoder_inference elapsed_ms=175
2026-10-01T20:21:27.627233Z  INFO request{request_id=01a0f921-0b17-70e7-bff4-8f945f7f1a59 method=POST path=/v1/transcribe}: gigastt_core::inference::engine::file_stream: transcribe complete (streaming windows) audio_s=1.64 wall_s=0.18 rtf=0.110
2026-10-01T20:21:27.631049Z  INFO request{request_id=01a0f921-0bce-76d5-90f9-02cba18ba3ae method=POST path=/v1/transcribe}: gigastt_core::inference::audio::wave: Audio (wave): 48000Hz, 2ch (streaming windows)
2026-10-01T20:21:27.765671Z  INFO request{request_id=01a0f921-0bc1-76fd-9b9b-75185cfea90d method=POST path=/v1/transcribe}: gigastt_core::inference::engine::infer: encoder_inference elapsed_ms=145
2026-10-01T20:21:27.765736Z  INFO request{request_id=01a0f921-0bc1-76fd-9b9b-75185cfea90d method=POST path=/v1/transcribe}: gigastt_core::inference::engine::file_stream: transcribe complete (streaming windows) audio_s=1.19 wall_s=0.15 rtf=0.124
2026-10-01T20:21:27.771987Z  INFO request{request_id=01a0f921-0c5b-7553-9fe5-7f8d6ed3d338 method=POST path=/v1/transcribe}: gigastt_core::inference::audio::wave: Audio (wave): 48000Hz, 2ch (streaming windows)
2026-10-01T20:21:27.817343Z  INFO request{request_id=01a0f921-0bce-76d5-90f9-02cba18ba3ae method=POST path=/v1/transcribe}: gigastt_core::inference::engine::infer: encoder_inference elapsed_ms=182
2026-10-01T20:21:27.817411Z  INFO request{request_id=01a0f921-0bce-76d5-90f9-02cba18ba3ae method=POST path=/v1/transcribe}: gigastt_core::inference::engine::file_stream: transcribe complete (streaming windows) audio_s=1.47 wall_s=0.19 rtf=0.127
2026-10-01T20:21:27.829698Z  INFO request{request_id=01a0f921-0c95-7083-99cc-60df22c89e06 method=POST path=/v1/transcribe}: gigastt_core::inference::audio::wave: Audio (wave): 48000Hz, 2ch (streaming windows)
2026-10-01T20:21:27.917590Z  INFO request{request_id=01a0f921-0c5b-7553-9fe5-7f8d6ed3d338 method=POST path=/v1/transcribe}: gigastt_core::inference::engine::infer: encoder_inference elapsed_ms=140
2026-10-01T20:21:27.917657Z  INFO request{request_id=01a0f921-0c5b-7553-9fe5-7f8d6ed3d338 method=POST path=/v1/transcribe}: gigastt_core::inference::engine::file_stream: transcribe complete (streaming windows) audio_s=1.09 wall_s=0.15 rtf=0.134
2026-10-01T20:21:27.922987Z  INFO request{request_id=01a0f921-0cf2-75df-9135-c10faf163cc6 method=POST path=/v1/transcribe}: gigastt_core::inference::audio::wave: Audio (wave): 48000Hz, 2ch (streaming windows)
2026-10-01T20:21:28.060336Z  INFO request{request_id=01a0f921-0c95-7083-99cc-60df22c89e06 method=POST path=/v1/transcribe}: gigastt_core::inference::engine::infer: encoder_inference elapsed_ms=227
2026-10-01T20:21:28.060404Z  INFO request{request_id=01a0f921-0c95-7083-99cc-60df22c89e06 method=POST path=/v1/transcribe}: gigastt_core::inference::engine::file_stream: transcribe complete (streaming windows) audio_s=2.00 wall_s=0.23 rtf=0.116
2026-10-01T20:21:28.071915Z  INFO request{request_id=01a0f921-0cf2-75df-9135-c10faf163cc6 method=POST path=/v1/transcribe}: gigastt_core::inference::engine::infer: encoder_inference elapsed_ms=145
2026-10-01T20:21:28.071955Z  INFO request{request_id=01a0f921-0cf2-75df-9135-c10faf163cc6 method=POST path=/v1/transcribe}: gigastt_core::inference::engine::file_stream: transcribe complete (streaming windows) audio_s=1.18 wall_s=0.15 rtf=0.126
2026-10-01T20:21:28.075413Z  INFO request{request_id=01a0f921-0d8b-7008-bb36-b464d06d751f method=POST path=/v1/transcribe}: gigastt_core::inference::audio::wave: Audio (wave): 48000Hz, 2ch (streaming windows)
2026-10-01T20:21:28.081513Z  INFO request{request_id=01a0f921-0d91-758d-bf0e-4071677e3e0c method=POST path=/v1/transcribe}: gigastt_core::inference::audio::wave: Audio (wave): 48000Hz, 2ch (streaming windows)
2026-10-01T20:21:28.232084Z  INFO request{request_id=01a0f921-0d91-758d-bf0e-4071677e3e0c method=POST path=/v1/transcribe}: gigastt_core::inference::engine::infer: encoder_inference elapsed_ms=147
2026-10-01T20:21:28.232156Z  INFO request{request_id=01a0f921-0d91-758d-bf0e-4071677e3e0c method=POST path=/v1/transcribe}: gigastt_core::inference::engine::file_stream: transcribe complete (streaming windows) audio_s=1.19 wall_s=0.15 rtf=0.127
2026-10-01T20:21:28.237794Z  INFO request{request_id=01a0f921-0e2d-712c-b84a-7cd69ff6be56 method=POST path=/v1/transcribe}: gigastt_core::inference::audio::wave: Audio (wave): 48000Hz, 2ch (streaming windows)
2026-10-01T20:21:28.285105Z  INFO request{request_id=01a0f921-0d8b-7008-bb36-b464d06d751f method=POST path=/v1/transcribe}: gigastt_core::inference::engine::infer: encoder_inference elapsed_ms=206
2026-10-01T20:21:28.285186Z  INFO request{request_id=01a0f921-0d8b-7008-bb36-b464d06d751f method=POST path=/v1/transcribe}: gigastt_core::inference::engine::file_stream: transcribe complete (streaming windows) audio_s=1.87 wall_s=0.21 rtf=0.112
2026-10-01T20:21:28.312918Z  INFO request{request_id=01a0f921-0e78-71f2-b9b5-3abe63e850eb method=POST path=/v1/transcribe}: gigastt_core::inference::audio::wave: Audio (wave): 48000Hz, 2ch (streaming windows)
2026-10-01T20:21:28.384412Z  INFO request{request_id=01a0f921-0e2d-712c-b84a-7cd69ff6be56 method=POST path=/v1/transcribe}: gigastt_core::inference::engine::infer: encoder_inference elapsed_ms=143
2026-10-01T20:21:28.384488Z  INFO request{request_id=01a0f921-0e2d-712c-b84a-7cd69ff6be56 method=POST path=/v1/transcribe}: gigastt_core::inference::engine::file_stream: transcribe complete (streaming windows) audio_s=1.18 wall_s=0.15 rtf=0.124
2026-10-01T20:21:28.392009Z  INFO request{request_id=01a0f921-0ec7-7113-93c6-9d6a2bb59891 method=POST path=/v1/transcribe}: gigastt_core::inference::audio::wave: Audio (wave): 48000Hz, 2ch (streaming windows)
2026-10-01T20:21:28.475342Z  INFO request{request_id=01a0f921-0e78-71f2-b9b5-3abe63e850eb method=POST path=/v1/transcribe}: gigastt_core::inference::engine::infer: encoder_inference elapsed_ms=158
2026-10-01T20:21:28.475414Z  INFO request{request_id=01a0f921-0e78-71f2-b9b5-3abe63e850eb method=POST path=/v1/transcribe}: gigastt_core::inference::engine::file_stream: transcribe complete (streaming windows) audio_s=1.55 wall_s=0.16 rtf=0.105
2026-10-01T20:21:28.480261Z  INFO request{request_id=01a0f921-0f1f-767c-ab73-09a48c429cd8 method=POST path=/v1/transcribe}: gigastt_core::inference::audio::wave: Audio (wave): 48000Hz, 2ch (streaming windows)
2026-10-01T20:21:28.555406Z  INFO request{request_id=01a0f921-0ec7-7113-93c6-9d6a2bb59891 method=POST path=/v1/transcribe}: gigastt_core::inference::engine::infer: encoder_inference elapsed_ms=158
2026-10-01T20:21:28.555485Z  INFO request{request_id=01a0f921-0ec7-7113-93c6-9d6a2bb59891 method=POST path=/v1/transcribe}: gigastt_core::inference::engine::file_stream: transcribe complete (streaming windows) audio_s=1.19 wall_s=0.16 rtf=0.137
2026-10-01T20:21:28.560901Z  INFO request{request_id=01a0f921-0f70-756c-80e5-54ed0359341b method=POST path=/v1/transcribe}: gigastt_core::inference::audio::wave: Audio (wave): 48000Hz, 2ch (streaming windows)
2026-10-01T20:21:28.609857Z  INFO request{request_id=01a0f921-0f1f-767c-ab73-09a48c429cd8 method=POST path=/v1/transcribe}: gigastt_core::inference::engine::infer: encoder_inference elapsed_ms=125
2026-10-01T20:21:28.609927Z  INFO request{request_id=01a0f921-0f1f-767c-ab73-09a48c429cd8 method=POST path=/v1/transcribe}: gigastt_core::inference::engine::file_stream: transcribe complete (streaming windows) audio_s=1.26 wall_s=0.13 rtf=0.102
2026-10-01T20:21:28.616334Z  INFO request{request_id=01a0f921-0fa8-74db-9bee-4d93b26f2f49 method=POST path=/v1/transcribe}: gigastt_core::inference::audio::wave: Audio (wave): 48000Hz, 2ch (streaming windows)
2026-10-01T20:21:28.715559Z  INFO request{request_id=01a0f921-0f70-756c-80e5-54ed0359341b method=POST path=/v1/transcribe}: gigastt_core::inference::engine::infer: encoder_inference elapsed_ms=150
2026-10-01T20:21:28.715647Z  INFO request{request_id=01a0f921-0f70-756c-80e5-54ed0359341b method=POST path=/v1/transcribe}: gigastt_core::inference::engine::file_stream: transcribe complete (streaming windows) audio_s=1.02 wall_s=0.15 rtf=0.151
2026-10-01T20:21:28.720349Z  INFO request{request_id=01a0f921-1010-77ad-bf5f-3ce0f74862bc method=POST path=/v1/transcribe}: gigastt_core::inference::audio::wave: Audio (wave): 48000Hz, 2ch (streaming windows)
2026-10-01T20:21:28.729996Z  INFO request{request_id=01a0f921-0fa8-74db-9bee-4d93b26f2f49 method=POST path=/v1/transcribe}: gigastt_core::inference::engine::infer: encoder_inference elapsed_ms=110
2026-10-01T20:21:28.730070Z  INFO request{request_id=01a0f921-0fa8-74db-9bee-4d93b26f2f49 method=POST path=/v1/transcribe}: gigastt_core::inference::engine::file_stream: transcribe complete (streaming windows) audio_s=1.04 wall_s=0.11 rtf=0.109
2026-10-01T20:21:28.740245Z  INFO request{request_id=01a0f921-1024-74f3-8527-a16801061fc4 method=POST path=/v1/transcribe}: gigastt_core::inference::audio::wave: Audio (wave): 48000Hz, 2ch (streaming windows)
2026-10-01T20:21:28.930626Z  INFO request{request_id=01a0f921-1010-77ad-bf5f-3ce0f74862bc method=POST path=/v1/transcribe}: gigastt_core::inference::engine::infer: encoder_inference elapsed_ms=205
2026-10-01T20:21:28.930719Z  INFO request{request_id=01a0f921-1010-77ad-bf5f-3ce0f74862bc method=POST path=/v1/transcribe}: gigastt_core::inference::engine::file_stream: transcribe complete (streaming windows) audio_s=1.49 wall_s=0.21 rtf=0.141
2026-10-01T20:21:28.939428Z  INFO request{request_id=01a0f921-10eb-7687-957b-e1e57e55499d method=POST path=/v1/transcribe}: gigastt_core::inference::audio::wave: Audio (wave): 48000Hz, 2ch (streaming windows)
2026-10-01T20:21:28.940555Z  INFO request{request_id=01a0f921-1024-74f3-8527-a16801061fc4 method=POST path=/v1/transcribe}: gigastt_core::inference::engine::infer: encoder_inference elapsed_ms=197
2026-10-01T20:21:28.940597Z  INFO request{request_id=01a0f921-1024-74f3-8527-a16801061fc4 method=POST path=/v1/transcribe}: gigastt_core::inference::engine::file_stream: transcribe complete (streaming windows) audio_s=1.50 wall_s=0.20 rtf=0.133
2026-10-01T20:21:28.948240Z  INFO request{request_id=01a0f921-10f3-7702-a11b-88862bd2d77e method=POST path=/v1/transcribe}: gigastt_core::inference::audio::wave: Audio (wave): 48000Hz, 2ch (streaming windows)
2026-10-01T20:21:29.085321Z  INFO request{request_id=01a0f921-10eb-7687-957b-e1e57e55499d method=POST path=/v1/transcribe}: gigastt_core::inference::engine::infer: encoder_inference elapsed_ms=142
2026-10-01T20:21:29.085386Z  INFO request{request_id=01a0f921-10eb-7687-957b-e1e57e55499d method=POST path=/v1/transcribe}: gigastt_core::inference::engine::file_stream: transcribe complete (streaming windows) audio_s=1.07 wall_s=0.15 rtf=0.137
2026-10-01T20:21:29.101062Z  INFO request{request_id=01a0f921-118c-741c-9082-664a1b5cbb77 method=POST path=/v1/transcribe}: gigastt_core::inference::audio::wave: Audio (wave): 48000Hz, 2ch (streaming windows)
2026-10-01T20:21:29.140685Z  INFO request{request_id=01a0f921-10f3-7702-a11b-88862bd2d77e method=POST path=/v1/transcribe}: gigastt_core::inference::engine::infer: encoder_inference elapsed_ms=188
2026-10-01T20:21:29.140760Z  INFO request{request_id=01a0f921-10f3-7702-a11b-88862bd2d77e method=POST path=/v1/transcribe}: gigastt_core::inference::engine::file_stream: transcribe complete (streaming windows) audio_s=1.54 wall_s=0.19 rtf=0.125
2026-10-01T20:21:29.151010Z  INFO request{request_id=01a0f921-11be-76c0-b884-848052f556ff method=POST path=/v1/transcribe}: gigastt_core::inference::audio::wave: Audio (wave): 48000Hz, 2ch (streaming windows)
2026-10-01T20:21:29.264512Z  INFO request{request_id=01a0f921-118c-741c-9082-664a1b5cbb77 method=POST path=/v1/transcribe}: gigastt_core::inference::engine::infer: encoder_inference elapsed_ms=160
2026-10-01T20:21:29.264576Z  INFO request{request_id=01a0f921-118c-741c-9082-664a1b5cbb77 method=POST path=/v1/transcribe}: gigastt_core::inference::engine::file_stream: transcribe complete (streaming windows) audio_s=1.09 wall_s=0.16 rtf=0.149
2026-10-01T20:21:29.268338Z  INFO request{request_id=01a0f921-1234-74f2-8bbc-43d2c40d7e21 method=POST path=/v1/transcribe}: gigastt_core::inference::audio::wave: Audio (wave): 48000Hz, 2ch (streaming windows)
2026-10-01T20:21:29.416018Z  INFO request{request_id=01a0f921-11be-76c0-b884-848052f556ff method=POST path=/v1/transcribe}: gigastt_core::inference::engine::infer: encoder_inference elapsed_ms=260
2026-10-01T20:21:29.416115Z  INFO request{request_id=01a0f921-11be-76c0-b884-848052f556ff method=POST path=/v1/transcribe}: gigastt_core::inference::engine::file_stream: transcribe complete (streaming windows) audio_s=2.15 wall_s=0.27 rtf=0.123
2026-10-01T20:21:29.419655Z  INFO request{request_id=01a0f921-12cb-74ca-bdb2-e90988fe3b5e method=POST path=/v1/transcribe}: gigastt_core::inference::audio::wave: Audio (wave): 48000Hz, 2ch (streaming windows)
2026-10-01T20:21:29.492985Z  INFO request{request_id=01a0f921-1234-74f2-8bbc-43d2c40d7e21 method=POST path=/v1/transcribe}: gigastt_core::inference::engine::infer: encoder_inference elapsed_ms=221
2026-10-01T20:21:29.493070Z  INFO request{request_id=01a0f921-1234-74f2-8bbc-43d2c40d7e21 method=POST path=/v1/transcribe}: gigastt_core::inference::engine::file_stream: transcribe complete (streaming windows) audio_s=1.89 wall_s=0.22 rtf=0.119
2026-10-01T20:21:29.495995Z  INFO request{request_id=01a0f921-1317-74d0-b88e-317873bbf177 method=POST path=/v1/transcribe}: gigastt_core::inference::audio::wave: Audio (wave): 48000Hz, 2ch (streaming windows)
2026-10-01T20:21:29.634059Z  INFO request{request_id=01a0f921-12cb-74ca-bdb2-e90988fe3b5e method=POST path=/v1/transcribe}: gigastt_core::inference::engine::infer: encoder_inference elapsed_ms=210
2026-10-01T20:21:29.634209Z  INFO request{request_id=01a0f921-12cb-74ca-bdb2-e90988fe3b5e method=POST path=/v1/transcribe}: gigastt_core::inference::engine::file_stream: transcribe complete (streaming windows) audio_s=1.86 wall_s=0.21 rtf=0.115
2026-10-01T20:21:29.637280Z  INFO request{request_id=01a0f921-13a5-74b6-b0fa-0ef388ed0209 method=POST path=/v1/transcribe}: gigastt_core::inference::audio::wave: Audio (wave): 48000Hz, 2ch (streaming windows)
2026-10-01T20:21:29.639041Z  INFO request{request_id=01a0f921-1317-74d0-b88e-317873bbf177 method=POST path=/v1/transcribe}: gigastt_core::inference::engine::infer: encoder_inference elapsed_ms=139
2026-10-01T20:21:29.639084Z  INFO request{request_id=01a0f921-1317-74d0-b88e-317873bbf177 method=POST path=/v1/transcribe}: gigastt_core::inference::engine::file_stream: transcribe complete (streaming windows) audio_s=1.02 wall_s=0.14 rtf=0.140
2026-10-01T20:21:29.641400Z  INFO request{request_id=01a0f921-13a9-746e-bc17-ea5dbba1dea7 method=POST path=/v1/transcribe}: gigastt_core::inference::audio::wave: Audio (wave): 48000Hz, 2ch (streaming windows)
2026-10-01T20:21:29.796101Z  INFO request{request_id=01a0f921-13a9-746e-bc17-ea5dbba1dea7 method=POST path=/v1/transcribe}: gigastt_core::inference::engine::infer: encoder_inference elapsed_ms=151
2026-10-01T20:21:29.796172Z  INFO request{request_id=01a0f921-13a9-746e-bc17-ea5dbba1dea7 method=POST path=/v1/transcribe}: gigastt_core::inference::engine::file_stream: transcribe complete (streaming windows) audio_s=1.16 wall_s=0.15 rtf=0.133
2026-10-01T20:21:29.799596Z  INFO request{request_id=01a0f921-1447-7053-b529-7367a7673e25 method=POST path=/v1/transcribe}: gigastt_core::inference::audio::wave: Audio (wave): 48000Hz, 2ch (streaming windows)
2026-10-01T20:21:29.842518Z  INFO request{request_id=01a0f921-13a5-74b6-b0fa-0ef388ed0209 method=POST path=/v1/transcribe}: gigastt_core::inference::engine::infer: encoder_inference elapsed_ms=201
2026-10-01T20:21:29.842591Z  INFO request{request_id=01a0f921-13a5-74b6-b0fa-0ef388ed0209 method=POST path=/v1/transcribe}: gigastt_core::inference::engine::file_stream: transcribe complete (streaming windows) audio_s=1.73 wall_s=0.21 rtf=0.118
2026-10-01T20:21:29.845700Z  INFO request{request_id=01a0f921-1475-747b-bf49-4823c12251ab method=POST path=/v1/transcribe}: gigastt_core::inference::audio::wave: Audio (wave): 48000Hz, 2ch (streaming windows)
2026-10-01T20:21:30.009104Z  INFO request{request_id=01a0f921-1475-747b-bf49-4823c12251ab method=POST path=/v1/transcribe}: gigastt_core::inference::engine::infer: encoder_inference elapsed_ms=160
2026-10-01T20:21:30.009175Z  INFO request{request_id=01a0f921-1475-747b-bf49-4823c12251ab method=POST path=/v1/transcribe}: gigastt_core::inference::engine::file_stream: transcribe complete (streaming windows) audio_s=1.24 wall_s=0.16 rtf=0.132
2026-10-01T20:21:30.013054Z  INFO request{request_id=01a0f921-151c-7283-9d03-38ffbc0a7964 method=POST path=/v1/transcribe}: gigastt_core::inference::audio::wave: Audio (wave): 48000Hz, 2ch (streaming windows)
2026-10-01T20:21:30.052630Z  INFO request{request_id=01a0f921-1447-7053-b529-7367a7673e25 method=POST path=/v1/transcribe}: gigastt_core::inference::engine::infer: encoder_inference elapsed_ms=248
2026-10-01T20:21:30.052704Z  INFO request{request_id=01a0f921-1447-7053-b529-7367a7673e25 method=POST path=/v1/transcribe}: gigastt_core::inference::engine::file_stream: transcribe complete (streaming windows) audio_s=2.30 wall_s=0.25 rtf=0.110
2026-10-01T20:21:30.055446Z  INFO request{request_id=01a0f921-1547-7171-b6dd-0dbf5232682e method=POST path=/v1/transcribe}: gigastt_core::inference::audio::wave: Audio (wave): 48000Hz, 2ch (streaming windows)
2026-10-01T20:21:30.201350Z  INFO request{request_id=01a0f921-1547-7171-b6dd-0dbf5232682e method=POST path=/v1/transcribe}: gigastt_core::inference::engine::infer: encoder_inference elapsed_ms=142
2026-10-01T20:21:30.201419Z  INFO request{request_id=01a0f921-1547-7171-b6dd-0dbf5232682e method=POST path=/v1/transcribe}: gigastt_core::inference::engine::file_stream: transcribe complete (streaming windows) audio_s=1.08 wall_s=0.15 rtf=0.135
2026-10-01T20:21:30.207382Z  INFO request{request_id=01a0f921-15df-73ba-8f7c-75c4bffe3f69 method=POST path=/v1/transcribe}: gigastt_core::inference::audio::wave: Audio (wave): 48000Hz, 2ch (streaming windows)
2026-10-01T20:21:30.242177Z  INFO request{request_id=01a0f921-151c-7283-9d03-38ffbc0a7964 method=POST path=/v1/transcribe}: gigastt_core::inference::engine::infer: encoder_inference elapsed_ms=225
2026-10-01T20:21:30.242256Z  INFO request{request_id=01a0f921-151c-7283-9d03-38ffbc0a7964 method=POST path=/v1/transcribe}: gigastt_core::inference::engine::file_stream: transcribe complete (streaming windows) audio_s=2.00 wall_s=0.23 rtf=0.114
2026-10-01T20:21:30.245479Z  INFO request{request_id=01a0f921-1605-76bb-b15d-60310b64e1d8 method=POST path=/v1/transcribe}: gigastt_core::inference::audio::wave: Audio (wave): 48000Hz, 2ch (streaming windows)
2026-10-01T20:21:30.390171Z  INFO request{request_id=01a0f921-15df-73ba-8f7c-75c4bffe3f69 method=POST path=/v1/transcribe}: gigastt_core::inference::engine::infer: encoder_inference elapsed_ms=179
2026-10-01T20:21:30.390241Z  INFO request{request_id=01a0f921-15df-73ba-8f7c-75c4bffe3f69 method=POST path=/v1/transcribe}: gigastt_core::inference::engine::file_stream: transcribe complete (streaming windows) audio_s=1.48 wall_s=0.18 rtf=0.123
2026-10-01T20:21:30.396232Z  INFO request{request_id=01a0f921-169b-73fc-96cb-4593b395f280 method=POST path=/v1/transcribe}: gigastt_core::inference::audio::wave: Audio (wave): 48000Hz, 2ch (streaming windows)
2026-10-01T20:21:30.397722Z  INFO request{request_id=01a0f921-1605-76bb-b15d-60310b64e1d8 method=POST path=/v1/transcribe}: gigastt_core::inference::engine::infer: encoder_inference elapsed_ms=149
2026-10-01T20:21:30.397757Z  INFO request{request_id=01a0f921-1605-76bb-b15d-60310b64e1d8 method=POST path=/v1/transcribe}: gigastt_core::inference::engine::file_stream: transcribe complete (streaming windows) audio_s=1.18 wall_s=0.15 rtf=0.129
2026-10-01T20:21:30.400502Z  INFO request{request_id=01a0f921-16a0-7545-bb1a-f88fd3bd9104 method=POST path=/v1/transcribe}: gigastt_core::inference::audio::wave: Audio (wave): 48000Hz, 2ch (streaming windows)
2026-10-01T20:21:30.532553Z  INFO request{request_id=01a0f921-169b-73fc-96cb-4593b395f280 method=POST path=/v1/transcribe}: gigastt_core::inference::engine::infer: encoder_inference elapsed_ms=132
2026-10-01T20:21:30.532612Z  INFO request{request_id=01a0f921-169b-73fc-96cb-4593b395f280 method=POST path=/v1/transcribe}: gigastt_core::inference::engine::file_stream: transcribe complete (streaming windows) audio_s=1.07 wall_s=0.14 rtf=0.127
2026-10-01T20:21:30.538477Z  INFO request{request_id=01a0f921-172a-72fc-b932-c2872c4795e9 method=POST path=/v1/transcribe}: gigastt_core::inference::audio::wave: Audio (wave): 48000Hz, 2ch (streaming windows)
2026-10-01T20:21:30.650326Z  INFO request{request_id=01a0f921-16a0-7545-bb1a-f88fd3bd9104 method=POST path=/v1/transcribe}: gigastt_core::inference::engine::infer: encoder_inference elapsed_ms=246
2026-10-01T20:21:30.650411Z  INFO request{request_id=01a0f921-16a0-7545-bb1a-f88fd3bd9104 method=POST path=/v1/transcribe}: gigastt_core::inference::engine::file_stream: transcribe complete (streaming windows) audio_s=2.13 wall_s=0.25 rtf=0.117
2026-10-01T20:21:30.653530Z  INFO request{request_id=01a0f921-179d-7515-9e5d-479a549b3a28 method=POST path=/v1/transcribe}: gigastt_core::inference::audio::wave: Audio (wave): 48000Hz, 2ch (streaming windows)
2026-10-01T20:21:30.701547Z  INFO request{request_id=01a0f921-172a-72fc-b932-c2872c4795e9 method=POST path=/v1/transcribe}: gigastt_core::inference::engine::infer: encoder_inference elapsed_ms=159
2026-10-01T20:21:30.701611Z  INFO request{request_id=01a0f921-172a-72fc-b932-c2872c4795e9 method=POST path=/v1/transcribe}: gigastt_core::inference::engine::file_stream: transcribe complete (streaming windows) audio_s=1.18 wall_s=0.16 rtf=0.138
2026-10-01T20:21:30.704349Z  INFO request{request_id=01a0f921-17d0-7416-9b58-5035319d7c14 method=POST path=/v1/transcribe}: gigastt_core::inference::audio::wave: Audio (wave): 48000Hz, 2ch (streaming windows)
2026-10-01T20:21:30.800138Z  INFO request{request_id=01a0f921-179d-7515-9e5d-479a549b3a28 method=POST path=/v1/transcribe}: gigastt_core::inference::engine::infer: encoder_inference elapsed_ms=143
2026-10-01T20:21:30.800216Z  INFO request{request_id=01a0f921-179d-7515-9e5d-479a549b3a28 method=POST path=/v1/transcribe}: gigastt_core::inference::engine::file_stream: transcribe complete (streaming windows) audio_s=1.05 wall_s=0.15 rtf=0.140
2026-10-01T20:21:30.803205Z  INFO request{request_id=01a0f921-1832-7251-a536-5ee16428bd3d method=POST path=/v1/transcribe}: gigastt_core::inference::audio::wave: Audio (wave): 48000Hz, 2ch (streaming windows)
2026-10-01T20:21:30.843770Z  INFO request{request_id=01a0f921-17d0-7416-9b58-5035319d7c14 method=POST path=/v1/transcribe}: gigastt_core::inference::engine::infer: encoder_inference elapsed_ms=136
2026-10-01T20:21:30.843834Z  INFO request{request_id=01a0f921-17d0-7416-9b58-5035319d7c14 method=POST path=/v1/transcribe}: gigastt_core::inference::engine::file_stream: transcribe complete (streaming windows) audio_s=1.05 wall_s=0.14 rtf=0.132
2026-10-01T20:21:30.847432Z  INFO request{request_id=01a0f921-185f-701c-aab4-78af6e9742d2 method=POST path=/v1/transcribe}: gigastt_core::inference::audio::wave: Audio (wave): 48000Hz, 2ch (streaming windows)
2026-10-01T20:21:30.964773Z  INFO request{request_id=01a0f921-1832-7251-a536-5ee16428bd3d method=POST path=/v1/transcribe}: gigastt_core::inference::engine::infer: encoder_inference elapsed_ms=157
2026-10-01T20:21:30.964857Z  INFO request{request_id=01a0f921-1832-7251-a536-5ee16428bd3d method=POST path=/v1/transcribe}: gigastt_core::inference::engine::file_stream: transcribe complete (streaming windows) audio_s=1.21 wall_s=0.16 rtf=0.133
2026-10-01T20:21:30.971025Z  INFO request{request_id=01a0f921-18da-7316-a780-94db1d303746 method=POST path=/v1/transcribe}: gigastt_core::inference::audio::wave: Audio (wave): 48000Hz, 2ch (streaming windows)
2026-10-01T20:21:31.068364Z  INFO request{request_id=01a0f921-185f-701c-aab4-78af6e9742d2 method=POST path=/v1/transcribe}: gigastt_core::inference::engine::infer: encoder_inference elapsed_ms=217
2026-10-01T20:21:31.068434Z  INFO request{request_id=01a0f921-185f-701c-aab4-78af6e9742d2 method=POST path=/v1/transcribe}: gigastt_core::inference::engine::file_stream: transcribe complete (streaming windows) audio_s=1.85 wall_s=0.22 rtf=0.119
2026-10-01T20:21:31.071706Z  INFO request{request_id=01a0f921-193f-73db-91bf-08eb86735104 method=POST path=/v1/transcribe}: gigastt_core::inference::audio::wave: Audio (wave): 48000Hz, 2ch (streaming windows)
2026-10-01T20:21:31.168823Z  INFO request{request_id=01a0f921-18da-7316-a780-94db1d303746 method=POST path=/v1/transcribe}: gigastt_core::inference::engine::infer: encoder_inference elapsed_ms=192
2026-10-01T20:21:31.168892Z  INFO request{request_id=01a0f921-18da-7316-a780-94db1d303746 method=POST path=/v1/transcribe}: gigastt_core::inference::engine::file_stream: transcribe complete (streaming windows) audio_s=1.49 wall_s=0.20 rtf=0.133
2026-10-01T20:21:31.171776Z  INFO request{request_id=01a0f921-19a3-74c8-ad7c-3d793dca4c00 method=POST path=/v1/transcribe}: gigastt_core::inference::audio::wave: Audio (wave): 48000Hz, 2ch (streaming windows)
2026-10-01T20:21:31.210875Z  INFO request{request_id=01a0f921-193f-73db-91bf-08eb86735104 method=POST path=/v1/transcribe}: gigastt_core::inference::engine::infer: encoder_inference elapsed_ms=136
2026-10-01T20:21:31.210953Z  INFO request{request_id=01a0f921-193f-73db-91bf-08eb86735104 method=POST path=/v1/transcribe}: gigastt_core::inference::engine::file_stream: transcribe complete (streaming windows) audio_s=1.04 wall_s=0.14 rtf=0.134
2026-10-01T20:21:31.213865Z  INFO request{request_id=01a0f921-19cd-76d4-a4c2-7fb6e22298a6 method=POST path=/v1/transcribe}: gigastt_core::inference::audio::wave: Audio (wave): 48000Hz, 2ch (streaming windows)
2026-10-01T20:21:31.334623Z  INFO request{request_id=01a0f921-19a3-74c8-ad7c-3d793dca4c00 method=POST path=/v1/transcribe}: gigastt_core::inference::engine::infer: encoder_inference elapsed_ms=159
2026-10-01T20:21:31.334689Z  INFO request{request_id=01a0f921-19a3-74c8-ad7c-3d793dca4c00 method=POST path=/v1/transcribe}: gigastt_core::inference::engine::file_stream: transcribe complete (streaming windows) audio_s=1.29 wall_s=0.16 rtf=0.127
2026-10-01T20:21:31.340683Z  INFO request{request_id=01a0f921-1a4c-77a3-a77a-5480bfc95c60 method=POST path=/v1/transcribe}: gigastt_core::inference::audio::wave: Audio (wave): 48000Hz, 2ch (streaming windows)
2026-10-01T20:21:31.353543Z  INFO request{request_id=01a0f921-19cd-76d4-a4c2-7fb6e22298a6 method=POST path=/v1/transcribe}: gigastt_core::inference::engine::infer: encoder_inference elapsed_ms=136
2026-10-01T20:21:31.353625Z  INFO request{request_id=01a0f921-19cd-76d4-a4c2-7fb6e22298a6 method=POST path=/v1/transcribe}: gigastt_core::inference::engine::file_stream: transcribe complete (streaming windows) audio_s=1.02 wall_s=0.14 rtf=0.137
2026-10-01T20:21:31.357365Z  INFO request{request_id=01a0f921-1a5d-7146-8ac6-629f952f7e0e method=POST path=/v1/transcribe}: gigastt_core::inference::audio::wave: Audio (wave): 48000Hz, 2ch (streaming windows)
2026-10-01T20:21:31.532485Z  INFO request{request_id=01a0f921-1a5d-7146-8ac6-629f952f7e0e method=POST path=/v1/transcribe}: gigastt_core::inference::engine::infer: encoder_inference elapsed_ms=172
2026-10-01T20:21:31.532565Z  INFO request{request_id=01a0f921-1a5d-7146-8ac6-629f952f7e0e method=POST path=/v1/transcribe}: gigastt_core::inference::engine::file_stream: transcribe complete (streaming windows) audio_s=1.30 wall_s=0.18 rtf=0.134
2026-10-01T20:21:31.539045Z  INFO request{request_id=01a0f921-1b12-71d2-9496-817496bcfd65 method=POST path=/v1/transcribe}: gigastt_core::inference::audio::wave: Audio (wave): 48000Hz, 2ch (streaming windows)
2026-10-01T20:21:31.581195Z  INFO request{request_id=01a0f921-1a4c-77a3-a77a-5480bfc95c60 method=POST path=/v1/transcribe}: gigastt_core::inference::engine::infer: encoder_inference elapsed_ms=235
2026-10-01T20:21:31.581273Z  INFO request{request_id=01a0f921-1a4c-77a3-a77a-5480bfc95c60 method=POST path=/v1/transcribe}: gigastt_core::inference::engine::file_stream: transcribe complete (streaming windows) audio_s=2.34 wall_s=0.24 rtf=0.103
2026-10-01T20:21:31.583799Z  INFO request{request_id=01a0f921-1b3f-74e5-959c-9cae4aeaea3f method=POST path=/v1/transcribe}: gigastt_core::inference::audio::wave: Audio (wave): 48000Hz, 2ch (streaming windows)
2026-10-01T20:21:31.711457Z  INFO request{request_id=01a0f921-1b12-71d2-9496-817496bcfd65 method=POST path=/v1/transcribe}: gigastt_core::inference::engine::infer: encoder_inference elapsed_ms=167
2026-10-01T20:21:31.711536Z  INFO request{request_id=01a0f921-1b12-71d2-9496-817496bcfd65 method=POST path=/v1/transcribe}: gigastt_core::inference::engine::file_stream: transcribe complete (streaming windows) audio_s=1.27 wall_s=0.17 rtf=0.135
2026-10-01T20:21:31.716903Z  INFO request{request_id=01a0f921-1bc4-7468-a66f-08bbe3dc0ba4 method=POST path=/v1/transcribe}: gigastt_core::inference::audio::wave: Audio (wave): 48000Hz, 2ch (streaming windows)
2026-10-01T20:21:31.731469Z  INFO request{request_id=01a0f921-1b3f-74e5-959c-9cae4aeaea3f method=POST path=/v1/transcribe}: gigastt_core::inference::engine::infer: encoder_inference elapsed_ms=144
2026-10-01T20:21:31.731523Z  INFO request{request_id=01a0f921-1b3f-74e5-959c-9cae4aeaea3f method=POST path=/v1/transcribe}: gigastt_core::inference::engine::file_stream: transcribe complete (streaming windows) audio_s=1.21 wall_s=0.15 rtf=0.122
2026-10-01T20:21:31.734026Z  INFO request{request_id=01a0f921-1bd5-757d-8815-2f26378708e4 method=POST path=/v1/transcribe}: gigastt_core::inference::audio::wave: Audio (wave): 48000Hz, 2ch (streaming windows)
2026-10-01T20:21:31.887737Z  INFO request{request_id=01a0f921-1bd5-757d-8815-2f26378708e4 method=POST path=/v1/transcribe}: gigastt_core::inference::engine::infer: encoder_inference elapsed_ms=150
2026-10-01T20:21:31.887814Z  INFO request{request_id=01a0f921-1bd5-757d-8815-2f26378708e4 method=POST path=/v1/transcribe}: gigastt_core::inference::engine::file_stream: transcribe complete (streaming windows) audio_s=1.23 wall_s=0.15 rtf=0.125
2026-10-01T20:21:31.893424Z  INFO request{request_id=01a0f921-1c75-7704-90c8-da18b6d98884 method=POST path=/v1/transcribe}: gigastt_core::inference::audio::wave: Audio (wave): 48000Hz, 2ch (streaming windows)
2026-10-01T20:21:31.914958Z  INFO request{request_id=01a0f921-1bc4-7468-a66f-08bbe3dc0ba4 method=POST path=/v1/transcribe}: gigastt_core::inference::engine::infer: encoder_inference elapsed_ms=193
2026-10-01T20:21:31.915044Z  INFO request{request_id=01a0f921-1bc4-7468-a66f-08bbe3dc0ba4 method=POST path=/v1/transcribe}: gigastt_core::inference::engine::file_stream: transcribe complete (streaming windows) audio_s=1.66 wall_s=0.20 rtf=0.120
2026-10-01T20:21:31.917640Z  INFO request{request_id=01a0f921-1c8d-729e-b926-911f901d9fe2 method=POST path=/v1/transcribe}: gigastt_core::inference::audio::wave: Audio (wave): 48000Hz, 2ch (streaming windows)
2026-10-01T20:21:32.032036Z  INFO request{request_id=01a0f921-1c75-7704-90c8-da18b6d98884 method=POST path=/v1/transcribe}: gigastt_core::inference::engine::infer: encoder_inference elapsed_ms=135
2026-10-01T20:21:32.032103Z  INFO request{request_id=01a0f921-1c75-7704-90c8-da18b6d98884 method=POST path=/v1/transcribe}: gigastt_core::inference::engine::file_stream: transcribe complete (streaming windows) audio_s=1.24 wall_s=0.14 rtf=0.112
2026-10-01T20:21:32.044961Z  INFO request{request_id=01a0f921-1d0c-75df-84e1-9ec838390ef2 method=POST path=/v1/transcribe}: gigastt_core::inference::audio::wave: Audio (wave): 48000Hz, 2ch (streaming windows)
2026-10-01T20:21:32.105451Z  INFO request{request_id=01a0f921-1c8d-729e-b926-911f901d9fe2 method=POST path=/v1/transcribe}: gigastt_core::inference::engine::infer: encoder_inference elapsed_ms=184
2026-10-01T20:21:32.105517Z  INFO request{request_id=01a0f921-1c8d-729e-b926-911f901d9fe2 method=POST path=/v1/transcribe}: gigastt_core::inference::engine::file_stream: transcribe complete (streaming windows) audio_s=1.47 wall_s=0.19 rtf=0.128
2026-10-01T20:21:32.111832Z  INFO request{request_id=01a0f921-1d4f-74f4-9a37-38d23e333098 method=POST path=/v1/transcribe}: gigastt_core::inference::audio::wave: Audio (wave): 48000Hz, 2ch (streaming windows)
2026-10-01T20:21:32.175270Z  INFO request{request_id=01a0f921-1d0c-75df-84e1-9ec838390ef2 method=POST path=/v1/transcribe}: gigastt_core::inference::engine::infer: encoder_inference elapsed_ms=127
2026-10-01T20:21:32.175337Z  INFO request{request_id=01a0f921-1d0c-75df-84e1-9ec838390ef2 method=POST path=/v1/transcribe}: gigastt_core::inference::engine::file_stream: transcribe complete (streaming windows) audio_s=1.29 wall_s=0.13 rtf=0.101
2026-10-01T20:21:32.179893Z  INFO request{request_id=01a0f921-1d93-7174-8093-fdab4b388c81 method=POST path=/v1/transcribe}: gigastt_core::inference::audio::wave: Audio (wave): 48000Hz, 2ch (streaming windows)
2026-10-01T20:21:32.255118Z  INFO request{request_id=01a0f921-1d4f-74f4-9a37-38d23e333098 method=POST path=/v1/transcribe}: gigastt_core::inference::engine::infer: encoder_inference elapsed_ms=140
2026-10-01T20:21:32.255186Z  INFO request{request_id=01a0f921-1d4f-74f4-9a37-38d23e333098 method=POST path=/v1/transcribe}: gigastt_core::inference::engine::file_stream: transcribe complete (streaming windows) audio_s=1.01 wall_s=0.14 rtf=0.142
2026-10-01T20:21:32.260671Z  INFO request{request_id=01a0f921-1de4-7341-9420-9e21fe95f10c method=POST path=/v1/transcribe}: gigastt_core::inference::audio::wave: Audio (wave): 48000Hz, 2ch (streaming windows)
2026-10-01T20:21:32.340808Z  INFO request{request_id=01a0f921-1d93-7174-8093-fdab4b388c81 method=POST path=/v1/transcribe}: gigastt_core::inference::engine::infer: encoder_inference elapsed_ms=156
2026-10-01T20:21:32.340886Z  INFO request{request_id=01a0f921-1d93-7174-8093-fdab4b388c81 method=POST path=/v1/transcribe}: gigastt_core::inference::engine::file_stream: transcribe complete (streaming windows) audio_s=1.14 wall_s=0.16 rtf=0.141
2026-10-01T20:21:32.350529Z  INFO request{request_id=01a0f921-1e3e-77d8-b720-b7e6479d07df method=POST path=/v1/transcribe}: gigastt_core::inference::audio::wave: Audio (wave): 48000Hz, 2ch (streaming windows)
2026-10-01T20:21:32.424528Z  INFO request{request_id=01a0f921-1de4-7341-9420-9e21fe95f10c method=POST path=/v1/transcribe}: gigastt_core::inference::engine::infer: encoder_inference elapsed_ms=160
2026-10-01T20:21:32.424615Z  INFO request{request_id=01a0f921-1de4-7341-9420-9e21fe95f10c method=POST path=/v1/transcribe}: gigastt_core::inference::engine::file_stream: transcribe complete (streaming windows) audio_s=1.28 wall_s=0.16 rtf=0.128
2026-10-01T20:21:32.428852Z  INFO request{request_id=01a0f921-1e8c-749d-b404-9e55081748e9 method=POST path=/v1/transcribe}: gigastt_core::inference::audio::wave: Audio (wave): 48000Hz, 2ch (streaming windows)
2026-10-01T20:21:32.478319Z  INFO request{request_id=01a0f921-1e3e-77d8-b720-b7e6479d07df method=POST path=/v1/transcribe}: gigastt_core::inference::engine::infer: encoder_inference elapsed_ms=124
2026-10-01T20:21:32.478388Z  INFO request{request_id=01a0f921-1e3e-77d8-b720-b7e6479d07df method=POST path=/v1/transcribe}: gigastt_core::inference::engine::file_stream: transcribe complete (streaming windows) audio_s=1.12 wall_s=0.13 rtf=0.114
2026-10-01T20:21:32.486253Z  INFO request{request_id=01a0f921-1ec5-732c-8001-bd67c65e4dc3 method=POST path=/v1/transcribe}: gigastt_core::inference::audio::wave: Audio (wave): 48000Hz, 2ch (streaming windows)
2026-10-01T20:21:32.580351Z  INFO request{request_id=01a0f921-1e8c-749d-b404-9e55081748e9 method=POST path=/v1/transcribe}: gigastt_core::inference::engine::infer: encoder_inference elapsed_ms=148
2026-10-01T20:21:32.580414Z  INFO request{request_id=01a0f921-1e8c-749d-b404-9e55081748e9 method=POST path=/v1/transcribe}: gigastt_core::inference::engine::file_stream: transcribe complete (streaming windows) audio_s=1.10 wall_s=0.15 rtf=0.137
2026-10-01T20:21:32.584433Z  INFO request{request_id=01a0f921-1f28-738d-a429-1ad2ee66b4a1 method=POST path=/v1/transcribe}: gigastt_core::inference::audio::wave: Audio (wave): 48000Hz, 2ch (streaming windows)
2026-10-01T20:21:32.632571Z  INFO request{request_id=01a0f921-1ec5-732c-8001-bd67c65e4dc3 method=POST path=/v1/transcribe}: gigastt_core::inference::engine::infer: encoder_inference elapsed_ms=143
2026-10-01T20:21:32.632651Z  INFO request{request_id=01a0f921-1ec5-732c-8001-bd67c65e4dc3 method=POST path=/v1/transcribe}: gigastt_core::inference::engine::file_stream: transcribe complete (streaming windows) audio_s=1.32 wall_s=0.15 rtf=0.111
2026-10-01T20:21:32.642975Z  INFO request{request_id=01a0f921-1f62-76c3-89f1-83d269f66679 method=POST path=/v1/transcribe}: gigastt_core::inference::audio::wave: Audio (wave): 48000Hz, 2ch (streaming windows)
2026-10-01T20:21:32.722828Z  INFO request{request_id=01a0f921-1f28-738d-a429-1ad2ee66b4a1 method=POST path=/v1/transcribe}: gigastt_core::inference::engine::infer: encoder_inference elapsed_ms=134
2026-10-01T20:21:32.722898Z  INFO request{request_id=01a0f921-1f28-738d-a429-1ad2ee66b4a1 method=POST path=/v1/transcribe}: gigastt_core::inference::engine::file_stream: transcribe complete (streaming windows) audio_s=1.01 wall_s=0.14 rtf=0.137
2026-10-01T20:21:32.734494Z  INFO request{request_id=01a0f921-1fbe-70f7-9cdf-bdcc8a13148e method=POST path=/v1/transcribe}: gigastt_core::inference::audio::wave: Audio (wave): 48000Hz, 2ch (streaming windows)
2026-10-01T20:21:32.894005Z  INFO request{request_id=01a0f921-1f62-76c3-89f1-83d269f66679 method=POST path=/v1/transcribe}: gigastt_core::inference::engine::infer: encoder_inference elapsed_ms=246
2026-10-01T20:21:32.894097Z  INFO request{request_id=01a0f921-1f62-76c3-89f1-83d269f66679 method=POST path=/v1/transcribe}: gigastt_core::inference::engine::file_stream: transcribe complete (streaming windows) audio_s=2.51 wall_s=0.25 rtf=0.100
2026-10-01T20:21:32.910587Z  INFO request{request_id=01a0f921-206e-730f-9b53-eb23000f304c method=POST path=/v1/transcribe}: gigastt_core::inference::audio::wave: Audio (wave): 48000Hz, 2ch (streaming windows)
2026-10-01T20:21:32.920655Z  INFO request{request_id=01a0f921-1fbe-70f7-9cdf-bdcc8a13148e method=POST path=/v1/transcribe}: gigastt_core::inference::engine::infer: encoder_inference elapsed_ms=183
2026-10-01T20:21:32.920725Z  INFO request{request_id=01a0f921-1fbe-70f7-9cdf-bdcc8a13148e method=POST path=/v1/transcribe}: gigastt_core::inference::engine::file_stream: transcribe complete (streaming windows) audio_s=1.42 wall_s=0.19 rtf=0.131
2026-10-01T20:21:32.927983Z  INFO request{request_id=01a0f921-207f-7078-86e1-91cc5ff7986f method=POST path=/v1/transcribe}: gigastt_core::inference::audio::wave: Audio (wave): 48000Hz, 2ch (streaming windows)
2026-10-01T20:21:33.114857Z  INFO request{request_id=01a0f921-206e-730f-9b53-eb23000f304c method=POST path=/v1/transcribe}: gigastt_core::inference::engine::infer: encoder_inference elapsed_ms=200
2026-10-01T20:21:33.114928Z  INFO request{request_id=01a0f921-206e-730f-9b53-eb23000f304c method=POST path=/v1/transcribe}: gigastt_core::inference::engine::file_stream: transcribe complete (streaming windows) audio_s=1.75 wall_s=0.20 rtf=0.117
2026-10-01T20:21:33.124139Z  INFO request{request_id=01a0f921-2143-726b-85e8-b85bce36af13 method=POST path=/v1/transcribe}: gigastt_core::inference::audio::wave: Audio (wave): 48000Hz, 2ch (streaming windows)
2026-10-01T20:21:33.134375Z  INFO request{request_id=01a0f921-207f-7078-86e1-91cc5ff7986f method=POST path=/v1/transcribe}: gigastt_core::inference::engine::infer: encoder_inference elapsed_ms=203
2026-10-01T20:21:33.134448Z  INFO request{request_id=01a0f921-207f-7078-86e1-91cc5ff7986f method=POST path=/v1/transcribe}: gigastt_core::inference::engine::file_stream: transcribe complete (streaming windows) audio_s=1.64 wall_s=0.21 rtf=0.126
2026-10-01T20:21:33.152879Z  INFO request{request_id=01a0f921-2160-75ed-97c9-a664e43d67cf method=POST path=/v1/transcribe}: gigastt_core::inference::audio::wave: Audio (wave): 48000Hz, 2ch (streaming windows)
2026-10-01T20:21:33.278505Z  INFO request{request_id=01a0f921-2143-726b-85e8-b85bce36af13 method=POST path=/v1/transcribe}: gigastt_core::inference::engine::infer: encoder_inference elapsed_ms=150
2026-10-01T20:21:33.278579Z  INFO request{request_id=01a0f921-2143-726b-85e8-b85bce36af13 method=POST path=/v1/transcribe}: gigastt_core::inference::engine::file_stream: transcribe complete (streaming windows) audio_s=1.27 wall_s=0.15 rtf=0.122
2026-10-01T20:21:33.285819Z  INFO request{request_id=01a0f921-21e5-760f-a8d7-2447faa87741 method=POST path=/v1/transcribe}: gigastt_core::inference::audio::wave: Audio (wave): 48000Hz, 2ch (streaming windows)
2026-10-01T20:21:33.295773Z  INFO request{request_id=01a0f921-2160-75ed-97c9-a664e43d67cf method=POST path=/v1/transcribe}: gigastt_core::inference::engine::infer: encoder_inference elapsed_ms=139
2026-10-01T20:21:33.295839Z  INFO request{request_id=01a0f921-2160-75ed-97c9-a664e43d67cf method=POST path=/v1/transcribe}: gigastt_core::inference::engine::file_stream: transcribe complete (streaming windows) audio_s=1.03 wall_s=0.14 rtf=0.138
2026-10-01T20:21:33.304859Z  INFO request{request_id=01a0f921-21f8-7575-9626-673bc876066c method=POST path=/v1/transcribe}: gigastt_core::inference::audio::wave: Audio (wave): 48000Hz, 2ch (streaming windows)
2026-10-01T20:21:33.439046Z  INFO request{request_id=01a0f921-21e5-760f-a8d7-2447faa87741 method=POST path=/v1/transcribe}: gigastt_core::inference::engine::infer: encoder_inference elapsed_ms=149
2026-10-01T20:21:33.439111Z  INFO request{request_id=01a0f921-21e5-760f-a8d7-2447faa87741 method=POST path=/v1/transcribe}: gigastt_core::inference::engine::file_stream: transcribe complete (streaming windows) audio_s=1.27 wall_s=0.15 rtf=0.121
2026-10-01T20:21:33.445388Z  INFO request{request_id=01a0f921-2285-742b-83fd-9645426bb1ef method=POST path=/v1/transcribe}: gigastt_core::inference::audio::wave: Audio (wave): 48000Hz, 2ch (streaming windows)
2026-10-01T20:21:33.451271Z  INFO request{request_id=01a0f921-21f8-7575-9626-673bc876066c method=POST path=/v1/transcribe}: gigastt_core::inference::engine::infer: encoder_inference elapsed_ms=142
2026-10-01T20:21:33.451333Z  INFO request{request_id=01a0f921-21f8-7575-9626-673bc876066c method=POST path=/v1/transcribe}: gigastt_core::inference::engine::file_stream: transcribe complete (streaming windows) audio_s=1.03 wall_s=0.15 rtf=0.142
2026-10-01T20:21:33.463012Z  INFO request{request_id=01a0f921-2296-7777-b12e-a5a395939ca5 method=POST path=/v1/transcribe}: gigastt_core::inference::audio::wave: Audio (wave): 48000Hz, 2ch (streaming windows)
2026-10-01T20:21:33.600785Z  INFO request{request_id=01a0f921-2296-7777-b12e-a5a395939ca5 method=POST path=/v1/transcribe}: gigastt_core::inference::engine::infer: encoder_inference elapsed_ms=134
2026-10-01T20:21:33.600854Z  INFO request{request_id=01a0f921-2296-7777-b12e-a5a395939ca5 method=POST path=/v1/transcribe}: gigastt_core::inference::engine::file_stream: transcribe complete (streaming windows) audio_s=1.02 wall_s=0.14 rtf=0.135
2026-10-01T20:21:33.617070Z  INFO request{request_id=01a0f921-2330-7562-b744-d56b3ad233a3 method=POST path=/v1/transcribe}: gigastt_core::inference::audio::wave: Audio (wave): 48000Hz, 2ch (streaming windows)
2026-10-01T20:21:33.659862Z  INFO request{request_id=01a0f921-2285-742b-83fd-9645426bb1ef method=POST path=/v1/transcribe}: gigastt_core::inference::engine::infer: encoder_inference elapsed_ms=210
2026-10-01T20:21:33.659952Z  INFO request{request_id=01a0f921-2285-742b-83fd-9645426bb1ef method=POST path=/v1/transcribe}: gigastt_core::inference::engine::file_stream: transcribe complete (streaming windows) audio_s=1.87 wall_s=0.21 rtf=0.115
2026-10-01T20:21:33.666923Z  INFO request{request_id=01a0f921-2362-72e5-a5e6-c723565e5f30 method=POST path=/v1/transcribe}: gigastt_core::inference::audio::wave: Audio (wave): 48000Hz, 2ch (streaming windows)
2026-10-01T20:21:33.825505Z  INFO request{request_id=01a0f921-2330-7562-b744-d56b3ad233a3 method=POST path=/v1/transcribe}: gigastt_core::inference::engine::infer: encoder_inference elapsed_ms=204
2026-10-01T20:21:33.825577Z  INFO request{request_id=01a0f921-2330-7562-b744-d56b3ad233a3 method=POST path=/v1/transcribe}: gigastt_core::inference::engine::file_stream: transcribe complete (streaming windows) audio_s=1.90 wall_s=0.21 rtf=0.109
2026-10-01T20:21:33.836923Z  INFO request{request_id=01a0f921-240c-7780-9dea-9b37ad018ff2 method=POST path=/v1/transcribe}: gigastt_core::inference::audio::wave: Audio (wave): 48000Hz, 2ch (streaming windows)
2026-10-01T20:21:33.877844Z  INFO request{request_id=01a0f921-2362-72e5-a5e6-c723565e5f30 method=POST path=/v1/transcribe}: gigastt_core::inference::engine::infer: encoder_inference elapsed_ms=206
2026-10-01T20:21:33.877914Z  INFO request{request_id=01a0f921-2362-72e5-a5e6-c723565e5f30 method=POST path=/v1/transcribe}: gigastt_core::inference::engine::file_stream: transcribe complete (streaming windows) audio_s=1.77 wall_s=0.21 rtf=0.119
2026-10-01T20:21:33.886256Z  INFO request{request_id=01a0f921-243d-72bb-a85a-5ff85679333a method=POST path=/v1/transcribe}: gigastt_core::inference::audio::wave: Audio (wave): 48000Hz, 2ch (streaming windows)
2026-10-01T20:21:34.022683Z  INFO request{request_id=01a0f921-240c-7780-9dea-9b37ad018ff2 method=POST path=/v1/transcribe}: gigastt_core::inference::engine::infer: encoder_inference elapsed_ms=181
2026-10-01T20:21:34.022755Z  INFO request{request_id=01a0f921-240c-7780-9dea-9b37ad018ff2 method=POST path=/v1/transcribe}: gigastt_core::inference::engine::file_stream: transcribe complete (streaming windows) audio_s=1.66 wall_s=0.19 rtf=0.112
2026-10-01T20:21:34.036357Z  INFO request{request_id=01a0f921-24d4-7090-835f-38bf36151601 method=POST path=/v1/transcribe}: gigastt_core::inference::audio::wave: Audio (wave): 48000Hz, 2ch (streaming windows)
2026-10-01T20:21:34.168419Z  INFO request{request_id=01a0f921-243d-72bb-a85a-5ff85679333a method=POST path=/v1/transcribe}: gigastt_core::inference::engine::infer: encoder_inference elapsed_ms=277
2026-10-01T20:21:34.168500Z  INFO request{request_id=01a0f921-243d-72bb-a85a-5ff85679333a method=POST path=/v1/transcribe}: gigastt_core::inference::engine::file_stream: transcribe complete (streaming windows) audio_s=2.47 wall_s=0.28 rtf=0.114
2026-10-01T20:21:34.177876Z  INFO request{request_id=01a0f921-2561-7646-aec2-a3f93405a94a method=POST path=/v1/transcribe}: gigastt_core::inference::audio::wave: Audio (wave): 48000Hz, 2ch (streaming windows)
2026-10-01T20:21:34.191490Z  INFO request{request_id=01a0f921-24d4-7090-835f-38bf36151601 method=POST path=/v1/transcribe}: gigastt_core::inference::engine::infer: encoder_inference elapsed_ms=151
2026-10-01T20:21:34.191559Z  INFO request{request_id=01a0f921-24d4-7090-835f-38bf36151601 method=POST path=/v1/transcribe}: gigastt_core::inference::engine::file_stream: transcribe complete (streaming windows) audio_s=1.30 wall_s=0.16 rtf=0.120
2026-10-01T20:21:34.195893Z  INFO request{request_id=01a0f921-2573-76a1-973c-0808443db63e method=POST path=/v1/transcribe}: gigastt_core::inference::audio::wave: Audio (wave): 48000Hz, 2ch (streaming windows)
2026-10-01T20:21:34.319622Z  INFO request{request_id=01a0f921-2561-7646-aec2-a3f93405a94a method=POST path=/v1/transcribe}: gigastt_core::inference::engine::infer: encoder_inference elapsed_ms=138
2026-10-01T20:21:34.319680Z  INFO request{request_id=01a0f921-2561-7646-aec2-a3f93405a94a method=POST path=/v1/transcribe}: gigastt_core::inference::engine::file_stream: transcribe complete (streaming windows) audio_s=1.03 wall_s=0.14 rtf=0.137
2026-10-01T20:21:34.325835Z  INFO request{request_id=01a0f921-25f5-7631-b36c-b21a6ad0c271 method=POST path=/v1/transcribe}: gigastt_core::inference::audio::wave: Audio (wave): 48000Hz, 2ch (streaming windows)
2026-10-01T20:21:34.339796Z  INFO request{request_id=01a0f921-2573-76a1-973c-0808443db63e method=POST path=/v1/transcribe}: gigastt_core::inference::engine::infer: encoder_inference elapsed_ms=140
2026-10-01T20:21:34.339891Z  INFO request{request_id=01a0f921-2573-76a1-973c-0808443db63e method=POST path=/v1/transcribe}: gigastt_core::inference::engine::file_stream: transcribe complete (streaming windows) audio_s=1.12 wall_s=0.14 rtf=0.129
2026-10-01T20:21:34.346778Z  INFO request{request_id=01a0f921-260a-77fa-9ba6-1c8026cfddd8 method=POST path=/v1/transcribe}: gigastt_core::inference::audio::wave: Audio (wave): 48000Hz, 2ch (streaming windows)
2026-10-01T20:21:34.482475Z  INFO request{request_id=01a0f921-25f5-7631-b36c-b21a6ad0c271 method=POST path=/v1/transcribe}: gigastt_core::inference::engine::infer: encoder_inference elapsed_ms=153
2026-10-01T20:21:34.482551Z  INFO request{request_id=01a0f921-25f5-7631-b36c-b21a6ad0c271 method=POST path=/v1/transcribe}: gigastt_core::inference::engine::file_stream: transcribe complete (streaming windows) audio_s=1.23 wall_s=0.16 rtf=0.127
2026-10-01T20:21:34.494713Z  INFO request{request_id=01a0f921-269e-7519-b414-4bee565c6a74 method=POST path=/v1/transcribe}: gigastt_core::inference::audio::wave: Audio (wave): 48000Hz, 2ch (streaming windows)
2026-10-01T20:21:34.512746Z  INFO request{request_id=01a0f921-260a-77fa-9ba6-1c8026cfddd8 method=POST path=/v1/transcribe}: gigastt_core::inference::engine::infer: encoder_inference elapsed_ms=162
2026-10-01T20:21:34.512826Z  INFO request{request_id=01a0f921-260a-77fa-9ba6-1c8026cfddd8 method=POST path=/v1/transcribe}: gigastt_core::inference::engine::file_stream: transcribe complete (streaming windows) audio_s=1.35 wall_s=0.17 rtf=0.123
2026-10-01T20:21:34.516868Z  INFO request{request_id=01a0f921-26b4-777c-a711-0a99843453e1 method=POST path=/v1/transcribe}: gigastt_core::inference::audio::wave: Audio (wave): 48000Hz, 2ch (streaming windows)
2026-10-01T20:21:34.684941Z  INFO request{request_id=01a0f921-269e-7519-b414-4bee565c6a74 method=POST path=/v1/transcribe}: gigastt_core::inference::engine::infer: encoder_inference elapsed_ms=185
2026-10-01T20:21:34.685016Z  INFO request{request_id=01a0f921-269e-7519-b414-4bee565c6a74 method=POST path=/v1/transcribe}: gigastt_core::inference::engine::file_stream: transcribe complete (streaming windows) audio_s=1.65 wall_s=0.19 rtf=0.115
2026-10-01T20:21:34.695546Z  INFO request{request_id=01a0f921-2767-72a1-865d-790c03ff3c33 method=POST path=/v1/transcribe}: gigastt_core::inference::audio::wave: Audio (wave): 48000Hz, 2ch (streaming windows)
2026-10-01T20:21:34.753809Z  INFO request{request_id=01a0f921-26b4-777c-a711-0a99843453e1 method=POST path=/v1/transcribe}: gigastt_core::inference::engine::infer: encoder_inference elapsed_ms=232
2026-10-01T20:21:34.753878Z  INFO request{request_id=01a0f921-26b4-777c-a711-0a99843453e1 method=POST path=/v1/transcribe}: gigastt_core::inference::engine::file_stream: transcribe complete (streaming windows) audio_s=2.11 wall_s=0.24 rtf=0.112
2026-10-01T20:21:34.766460Z  INFO request{request_id=01a0f921-27ae-71af-b549-d77c9be7f6dc method=POST path=/v1/transcribe}: gigastt_core::inference::audio::wave: Audio (wave): 48000Hz, 2ch (streaming windows)
2026-10-01T20:21:34.831895Z  INFO request{request_id=01a0f921-2767-72a1-865d-790c03ff3c33 method=POST path=/v1/transcribe}: gigastt_core::inference::engine::infer: encoder_inference elapsed_ms=132
2026-10-01T20:21:34.831956Z  INFO request{request_id=01a0f921-2767-72a1-865d-790c03ff3c33 method=POST path=/v1/transcribe}: gigastt_core::inference::engine::file_stream: transcribe complete (streaming windows) audio_s=1.12 wall_s=0.14 rtf=0.122
2026-10-01T20:21:34.847850Z  INFO request{request_id=01a0f921-27ff-738d-af1a-3d12ff22cdc8 method=POST path=/v1/transcribe}: gigastt_core::inference::audio::wave: Audio (wave): 48000Hz, 2ch (streaming windows)
2026-10-01T20:21:34.945645Z  INFO request{request_id=01a0f921-27ae-71af-b549-d77c9be7f6dc method=POST path=/v1/transcribe}: gigastt_core::inference::engine::infer: encoder_inference elapsed_ms=176
2026-10-01T20:21:34.945718Z  INFO request{request_id=01a0f921-27ae-71af-b549-d77c9be7f6dc method=POST path=/v1/transcribe}: gigastt_core::inference::engine::file_stream: transcribe complete (streaming windows) audio_s=1.39 wall_s=0.18 rtf=0.129
2026-10-01T20:21:34.949794Z  INFO request{request_id=01a0f921-2865-7757-b97d-c3927b74e0ce method=POST path=/v1/transcribe}: gigastt_core::inference::audio::wave: Audio (wave): 48000Hz, 2ch (streaming windows)
2026-10-01T20:21:35.120860Z  INFO request{request_id=01a0f921-27ff-738d-af1a-3d12ff22cdc8 method=POST path=/v1/transcribe}: gigastt_core::inference::engine::infer: encoder_inference elapsed_ms=269
2026-10-01T20:21:35.120941Z  INFO request{request_id=01a0f921-27ff-738d-af1a-3d12ff22cdc8 method=POST path=/v1/transcribe}: gigastt_core::inference::engine::file_stream: transcribe complete (streaming windows) audio_s=2.50 wall_s=0.27 rtf=0.109
2026-10-01T20:21:35.137183Z  INFO request{request_id=01a0f921-2865-7757-b97d-c3927b74e0ce method=POST path=/v1/transcribe}: gigastt_core::inference::engine::infer: encoder_inference elapsed_ms=184
2026-10-01T20:21:35.137240Z  INFO request{request_id=01a0f921-2865-7757-b97d-c3927b74e0ce method=POST path=/v1/transcribe}: gigastt_core::inference::engine::file_stream: transcribe complete (streaming windows) audio_s=1.56 wall_s=0.19 rtf=0.120
2026-10-01T20:21:35.137901Z  INFO request{request_id=01a0f921-2921-7276-9e80-5ad396a64730 method=POST path=/v1/transcribe}: gigastt_core::inference::audio::wave: Audio (wave): 48000Hz, 2ch (streaming windows)
2026-10-01T20:21:35.147812Z  INFO request{request_id=01a0f921-292b-7413-b4d6-de910ee6462b method=POST path=/v1/transcribe}: gigastt_core::inference::audio::wave: Audio (wave): 48000Hz, 2ch (streaming windows)
2026-10-01T20:21:35.322154Z  INFO request{request_id=01a0f921-2921-7276-9e80-5ad396a64730 method=POST path=/v1/transcribe}: gigastt_core::inference::engine::infer: encoder_inference elapsed_ms=180
2026-10-01T20:21:35.322237Z  INFO request{request_id=01a0f921-2921-7276-9e80-5ad396a64730 method=POST path=/v1/transcribe}: gigastt_core::inference::engine::file_stream: transcribe complete (streaming windows) audio_s=1.82 wall_s=0.18 rtf=0.101
2026-10-01T20:21:35.325852Z  INFO request{request_id=01a0f921-29dd-75b6-90c1-6c1c25b192e2 method=POST path=/v1/transcribe}: gigastt_core::inference::audio::wave: Audio (wave): 48000Hz, 2ch (streaming windows)
2026-10-01T20:21:35.329755Z  INFO request{request_id=01a0f921-292b-7413-b4d6-de910ee6462b method=POST path=/v1/transcribe}: gigastt_core::inference::engine::infer: encoder_inference elapsed_ms=178
2026-10-01T20:21:35.329843Z  INFO request{request_id=01a0f921-292b-7413-b4d6-de910ee6462b method=POST path=/v1/transcribe}: gigastt_core::inference::engine::file_stream: transcribe complete (streaming windows) audio_s=1.34 wall_s=0.18 rtf=0.136
2026-10-01T20:21:35.333477Z  INFO request{request_id=01a0f921-29e5-766b-a4ad-8be3df719956 method=POST path=/v1/transcribe}: gigastt_core::inference::audio::wave: Audio (wave): 48000Hz, 2ch (streaming windows)
2026-10-01T20:21:35.486339Z  INFO request{request_id=01a0f921-29dd-75b6-90c1-6c1c25b192e2 method=POST path=/v1/transcribe}: gigastt_core::inference::engine::infer: encoder_inference elapsed_ms=157
2026-10-01T20:21:35.486410Z  INFO request{request_id=01a0f921-29dd-75b6-90c1-6c1c25b192e2 method=POST path=/v1/transcribe}: gigastt_core::inference::engine::file_stream: transcribe complete (streaming windows) audio_s=1.18 wall_s=0.16 rtf=0.135
2026-10-01T20:21:35.489888Z  INFO request{request_id=01a0f921-2a81-73c2-96ca-3a66c9db4da4 method=POST path=/v1/transcribe}: gigastt_core::inference::audio::wave: Audio (wave): 32000Hz, 1ch (streaming windows)
2026-10-01T20:21:35.534350Z  INFO request{request_id=01a0f921-29e5-766b-a4ad-8be3df719956 method=POST path=/v1/transcribe}: gigastt_core::inference::engine::infer: encoder_inference elapsed_ms=196
2026-10-01T20:21:35.534449Z  INFO request{request_id=01a0f921-29e5-766b-a4ad-8be3df719956 method=POST path=/v1/transcribe}: gigastt_core::inference::engine::file_stream: transcribe complete (streaming windows) audio_s=1.45 wall_s=0.20 rtf=0.139
2026-10-01T20:21:35.548322Z  INFO request{request_id=01a0f921-2abc-7241-99a2-ce5a7e010d9e method=POST path=/v1/transcribe}: gigastt_core::inference::audio::wave: Audio (wave): 32000Hz, 1ch (streaming windows)
2026-10-01T20:21:35.660759Z  INFO request{request_id=01a0f921-2a81-73c2-96ca-3a66c9db4da4 method=POST path=/v1/transcribe}: gigastt_core::inference::engine::infer: encoder_inference elapsed_ms=167
2026-10-01T20:21:35.660850Z  INFO request{request_id=01a0f921-2a81-73c2-96ca-3a66c9db4da4 method=POST path=/v1/transcribe}: gigastt_core::inference::engine::file_stream: transcribe complete (streaming windows) audio_s=1.28 wall_s=0.17 rtf=0.134
2026-10-01T20:21:35.679878Z  INFO request{request_id=01a0f921-2b3f-77fa-a911-6b8e688cf814 method=POST path=/v1/transcribe}: gigastt_core::inference::audio::wave: Audio (wave): 32000Hz, 1ch (streaming windows)
2026-10-01T20:21:35.699487Z  INFO request{request_id=01a0f921-2abc-7241-99a2-ce5a7e010d9e method=POST path=/v1/transcribe}: gigastt_core::inference::engine::infer: encoder_inference elapsed_ms=147
2026-10-01T20:21:35.699559Z  INFO request{request_id=01a0f921-2abc-7241-99a2-ce5a7e010d9e method=POST path=/v1/transcribe}: gigastt_core::inference::engine::file_stream: transcribe complete (streaming windows) audio_s=1.03 wall_s=0.15 rtf=0.147
2026-10-01T20:21:35.712880Z  INFO request{request_id=01a0f921-2b60-7153-9e15-f37c4e2bc429 method=POST path=/v1/transcribe}: gigastt_core::inference::audio::wave: Audio (wave): 32000Hz, 1ch (streaming windows)
2026-10-01T20:21:35.875474Z  INFO request{request_id=01a0f921-2b3f-77fa-a911-6b8e688cf814 method=POST path=/v1/transcribe}: gigastt_core::inference::engine::infer: encoder_inference elapsed_ms=190
2026-10-01T20:21:35.875539Z  INFO request{request_id=01a0f921-2b3f-77fa-a911-6b8e688cf814 method=POST path=/v1/transcribe}: gigastt_core::inference::engine::file_stream: transcribe complete (streaming windows) audio_s=1.46 wall_s=0.20 rtf=0.134
2026-10-01T20:21:35.884812Z  INFO request{request_id=01a0f921-2c0c-75f2-87ce-7ef9ef3fe8b8 method=POST path=/v1/transcribe}: gigastt_core::inference::audio::wave: Audio (wave): 32000Hz, 1ch (streaming windows)
2026-10-01T20:21:35.989007Z  INFO request{request_id=01a0f921-2b60-7153-9e15-f37c4e2bc429 method=POST path=/v1/transcribe}: gigastt_core::inference::engine::infer: encoder_inference elapsed_ms=272
2026-10-01T20:21:35.989099Z  INFO request{request_id=01a0f921-2b60-7153-9e15-f37c4e2bc429 method=POST path=/v1/transcribe}: gigastt_core::inference::engine::file_stream: transcribe complete (streaming windows) audio_s=2.34 wall_s=0.28 rtf=0.118
2026-10-01T20:21:35.995761Z  INFO request{request_id=01a0f921-2c7b-72a0-aa15-4127f5893ac7 method=POST path=/v1/transcribe}: gigastt_core::inference::audio::wave: Audio (wave): 32000Hz, 1ch (streaming windows)
2026-10-01T20:21:36.075245Z  INFO request{request_id=01a0f921-2c0c-75f2-87ce-7ef9ef3fe8b8 method=POST path=/v1/transcribe}: gigastt_core::inference::engine::infer: encoder_inference elapsed_ms=185
2026-10-01T20:21:36.075313Z  INFO request{request_id=01a0f921-2c0c-75f2-87ce-7ef9ef3fe8b8 method=POST path=/v1/transcribe}: gigastt_core::inference::engine::file_stream: transcribe complete (streaming windows) audio_s=1.51 wall_s=0.19 rtf=0.126
2026-10-01T20:21:36.082631Z  INFO request{request_id=01a0f921-2cd2-7245-8faf-4618a7a5b982 method=POST path=/v1/transcribe}: gigastt_core::inference::audio::wave: Audio (wave): 32000Hz, 1ch (streaming windows)
2026-10-01T20:21:36.213398Z  INFO request{request_id=01a0f921-2c7b-72a0-aa15-4127f5893ac7 method=POST path=/v1/transcribe}: gigastt_core::inference::engine::infer: encoder_inference elapsed_ms=212
2026-10-01T20:21:36.213490Z  INFO request{request_id=01a0f921-2c7b-72a0-aa15-4127f5893ac7 method=POST path=/v1/transcribe}: gigastt_core::inference::engine::file_stream: transcribe complete (streaming windows) audio_s=1.72 wall_s=0.22 rtf=0.126
2026-10-01T20:21:36.219273Z  INFO request{request_id=01a0f921-2d5b-731a-a443-fbef79f2cee8 method=POST path=/v1/transcribe}: gigastt_core::inference::audio::wave: Audio (wave): 32000Hz, 1ch (streaming windows)
2026-10-01T20:21:36.301465Z  INFO request{request_id=01a0f921-2cd2-7245-8faf-4618a7a5b982 method=POST path=/v1/transcribe}: gigastt_core::inference::engine::infer: encoder_inference elapsed_ms=213
2026-10-01T20:21:36.301541Z  INFO request{request_id=01a0f921-2cd2-7245-8faf-4618a7a5b982 method=POST path=/v1/transcribe}: gigastt_core::inference::engine::file_stream: transcribe complete (streaming windows) audio_s=1.93 wall_s=0.22 rtf=0.113
2026-10-01T20:21:36.308963Z  INFO request{request_id=01a0f921-2db4-77b6-9c51-d166d30c13f6 method=POST path=/v1/transcribe}: gigastt_core::inference::audio::wave: Audio (wave): 32000Hz, 1ch (streaming windows)
2026-10-01T20:21:36.551103Z  INFO request{request_id=01a0f921-2d5b-731a-a443-fbef79f2cee8 method=POST path=/v1/transcribe}: gigastt_core::inference::engine::infer: encoder_inference elapsed_ms=325
2026-10-01T20:21:36.551198Z  INFO request{request_id=01a0f921-2d5b-731a-a443-fbef79f2cee8 method=POST path=/v1/transcribe}: gigastt_core::inference::engine::file_stream: transcribe complete (streaming windows) audio_s=2.95 wall_s=0.33 rtf=0.112
2026-10-01T20:21:36.565469Z  INFO request{request_id=01a0f921-2eb5-7572-86d3-d8456b5abe95 method=POST path=/v1/transcribe}: gigastt_core::inference::audio::wave: Audio (wave): 32000Hz, 1ch (streaming windows)
2026-10-01T20:21:36.624845Z  INFO request{request_id=01a0f921-2db4-77b6-9c51-d166d30c13f6 method=POST path=/v1/transcribe}: gigastt_core::inference::engine::infer: encoder_inference elapsed_ms=309
2026-10-01T20:21:36.624933Z  INFO request{request_id=01a0f921-2db4-77b6-9c51-d166d30c13f6 method=POST path=/v1/transcribe}: gigastt_core::inference::engine::file_stream: transcribe complete (streaming windows) audio_s=2.89 wall_s=0.32 rtf=0.109
2026-10-01T20:21:36.637485Z  INFO request{request_id=01a0f921-2efd-7207-98fe-3b845b635a8b method=POST path=/v1/transcribe}: gigastt_core::inference::audio::wave: Audio (wave): 32000Hz, 1ch (streaming windows)
2026-10-01T20:21:36.770868Z  INFO request{request_id=01a0f921-2eb5-7572-86d3-d8456b5abe95 method=POST path=/v1/transcribe}: gigastt_core::inference::engine::infer: encoder_inference elapsed_ms=201
2026-10-01T20:21:36.770952Z  INFO request{request_id=01a0f921-2eb5-7572-86d3-d8456b5abe95 method=POST path=/v1/transcribe}: gigastt_core::inference::engine::file_stream: transcribe complete (streaming windows) audio_s=1.73 wall_s=0.21 rtf=0.119
2026-10-01T20:21:36.773540Z  INFO request{request_id=01a0f921-2f85-7535-88f5-ea9e6a9865f0 method=POST path=/v1/transcribe}: gigastt_core::inference::audio::wave: Audio (wave): 32000Hz, 1ch (streaming windows)
2026-10-01T20:21:36.801343Z  INFO request{request_id=01a0f921-2efd-7207-98fe-3b845b635a8b method=POST path=/v1/transcribe}: gigastt_core::inference::engine::infer: encoder_inference elapsed_ms=160
2026-10-01T20:21:36.801416Z  INFO request{request_id=01a0f921-2efd-7207-98fe-3b845b635a8b method=POST path=/v1/transcribe}: gigastt_core::inference::engine::file_stream: transcribe complete (streaming windows) audio_s=1.14 wall_s=0.16 rtf=0.144
2026-10-01T20:21:36.804459Z  INFO request{request_id=01a0f921-2fa4-73b8-a867-2acfdc8b677d method=POST path=/v1/transcribe}: gigastt_core::inference::audio::wave: Audio (wave): 32000Hz, 1ch (streaming windows)
2026-10-01T20:21:36.950262Z  INFO request{request_id=01a0f921-2f85-7535-88f5-ea9e6a9865f0 method=POST path=/v1/transcribe}: gigastt_core::inference::engine::infer: encoder_inference elapsed_ms=172
2026-10-01T20:21:36.950335Z  INFO request{request_id=01a0f921-2f85-7535-88f5-ea9e6a9865f0 method=POST path=/v1/transcribe}: gigastt_core::inference::engine::file_stream: transcribe complete (streaming windows) audio_s=1.86 wall_s=0.18 rtf=0.095
2026-10-01T20:21:36.955907Z  INFO request{request_id=01a0f921-303b-76b9-b4e4-a2ae33e6bcc5 method=POST path=/v1/transcribe}: gigastt_core::inference::audio::wave: Audio (wave): 32000Hz, 1ch (streaming windows)
2026-10-01T20:21:36.980536Z  INFO request{request_id=01a0f921-2fa4-73b8-a867-2acfdc8b677d method=POST path=/v1/transcribe}: gigastt_core::inference::engine::infer: encoder_inference elapsed_ms=172
2026-10-01T20:21:36.980602Z  INFO request{request_id=01a0f921-2fa4-73b8-a867-2acfdc8b677d method=POST path=/v1/transcribe}: gigastt_core::inference::engine::file_stream: transcribe complete (streaming windows) audio_s=1.41 wall_s=0.18 rtf=0.125
2026-10-01T20:21:36.983102Z  INFO request{request_id=01a0f921-3056-74aa-9959-bfdc25a59a4b method=POST path=/v1/transcribe}: gigastt_core::inference::audio::wave: Audio (wave): 32000Hz, 1ch (streaming windows)
2026-10-01T20:21:37.159100Z  INFO request{request_id=01a0f921-303b-76b9-b4e4-a2ae33e6bcc5 method=POST path=/v1/transcribe}: gigastt_core::inference::engine::infer: encoder_inference elapsed_ms=199
2026-10-01T20:21:37.159178Z  INFO request{request_id=01a0f921-303b-76b9-b4e4-a2ae33e6bcc5 method=POST path=/v1/transcribe}: gigastt_core::inference::engine::file_stream: transcribe complete (streaming windows) audio_s=2.00 wall_s=0.20 rtf=0.102
2026-10-01T20:21:37.164592Z  INFO request{request_id=01a0f921-310c-75ac-b9c4-c67e3d57a119 method=POST path=/v1/transcribe}: gigastt_core::inference::audio::wave: Audio (wave): 32000Hz, 1ch (streaming windows)
2026-10-01T20:21:37.242294Z  INFO request{request_id=01a0f921-3056-74aa-9959-bfdc25a59a4b method=POST path=/v1/transcribe}: gigastt_core::inference::engine::infer: encoder_inference elapsed_ms=255
2026-10-01T20:21:37.242376Z  INFO request{request_id=01a0f921-3056-74aa-9959-bfdc25a59a4b method=POST path=/v1/transcribe}: gigastt_core::inference::engine::file_stream: transcribe complete (streaming windows) audio_s=2.61 wall_s=0.26 rtf=0.099
2026-10-01T20:21:37.245048Z  INFO request{request_id=01a0f921-315c-7028-8c38-04f1abe4fd8b method=POST path=/v1/transcribe}: gigastt_core::inference::audio::wave: Audio (wave): 32000Hz, 1ch (streaming windows)
2026-10-01T20:21:37.451614Z  INFO request{request_id=01a0f921-315c-7028-8c38-04f1abe4fd8b method=POST path=/v1/transcribe}: gigastt_core::inference::engine::infer: encoder_inference elapsed_ms=203
2026-10-01T20:21:37.451747Z  INFO request{request_id=01a0f921-315c-7028-8c38-04f1abe4fd8b method=POST path=/v1/transcribe}: gigastt_core::inference::engine::file_stream: transcribe complete (streaming windows) audio_s=1.67 wall_s=0.21 rtf=0.124
2026-10-01T20:21:37.456775Z  INFO request{request_id=01a0f921-3230-7184-ace4-03b5efdc8c3e method=POST path=/v1/transcribe}: gigastt_core::inference::audio::wave: Audio (wave): 32000Hz, 1ch (streaming windows)
2026-10-01T20:21:37.581723Z  INFO request{request_id=01a0f921-310c-75ac-b9c4-c67e3d57a119 method=POST path=/v1/transcribe}: gigastt_core::inference::engine::infer: encoder_inference elapsed_ms=412
2026-10-01T20:21:37.581819Z  INFO request{request_id=01a0f921-310c-75ac-b9c4-c67e3d57a119 method=POST path=/v1/transcribe}: gigastt_core::inference::engine::file_stream: transcribe complete (streaming windows) audio_s=3.90 wall_s=0.42 rtf=0.107
2026-10-01T20:21:37.585522Z  INFO request{request_id=01a0f921-32b1-72a2-b49f-42c260624eb7 method=POST path=/v1/transcribe}: gigastt_core::inference::audio::wave: Audio (wave): 32000Hz, 1ch (streaming windows)
2026-10-01T20:21:37.618172Z  INFO request{request_id=01a0f921-3230-7184-ace4-03b5efdc8c3e method=POST path=/v1/transcribe}: gigastt_core::inference::engine::infer: encoder_inference elapsed_ms=158
2026-10-01T20:21:37.618239Z  INFO request{request_id=01a0f921-3230-7184-ace4-03b5efdc8c3e method=POST path=/v1/transcribe}: gigastt_core::inference::engine::file_stream: transcribe complete (streaming windows) audio_s=1.25 wall_s=0.16 rtf=0.129
2026-10-01T20:21:37.620465Z  INFO request{request_id=01a0f921-32d4-72a3-b899-d3c9bb376d5a method=POST path=/v1/transcribe}: gigastt_core::inference::audio::wave: Audio (wave): 32000Hz, 1ch (streaming windows)
2026-10-01T20:21:37.757327Z  INFO request{request_id=01a0f921-32d4-72a3-b899-d3c9bb376d5a method=POST path=/v1/transcribe}: gigastt_core::inference::engine::infer: encoder_inference elapsed_ms=133
2026-10-01T20:21:37.757397Z  INFO request{request_id=01a0f921-32d4-72a3-b899-d3c9bb376d5a method=POST path=/v1/transcribe}: gigastt_core::inference::engine::file_stream: transcribe complete (streaming windows) audio_s=1.00 wall_s=0.14 rtf=0.137
2026-10-01T20:21:37.763229Z  INFO request{request_id=01a0f921-3363-7313-932b-f0b8440fcba1 method=POST path=/v1/transcribe}: gigastt_core::inference::audio::wave: Audio (wave): 32000Hz, 1ch (streaming windows)
2026-10-01T20:21:37.774925Z  INFO request{request_id=01a0f921-32b1-72a2-b49f-42c260624eb7 method=POST path=/v1/transcribe}: gigastt_core::inference::engine::infer: encoder_inference elapsed_ms=186
2026-10-01T20:21:37.774990Z  INFO request{request_id=01a0f921-32b1-72a2-b49f-42c260624eb7 method=POST path=/v1/transcribe}: gigastt_core::inference::engine::file_stream: transcribe complete (streaming windows) audio_s=1.51 wall_s=0.19 rtf=0.125
2026-10-01T20:21:37.777996Z  INFO request{request_id=01a0f921-3371-7035-9ccf-96e5d31e3d2a method=POST path=/v1/transcribe}: gigastt_core::inference::audio::wave: Audio (wave): 32000Hz, 1ch (streaming windows)
2026-10-01T20:21:37.918848Z  INFO request{request_id=01a0f921-3371-7035-9ccf-96e5d31e3d2a method=POST path=/v1/transcribe}: gigastt_core::inference::engine::infer: encoder_inference elapsed_ms=137
2026-10-01T20:21:37.918912Z  INFO request{request_id=01a0f921-3371-7035-9ccf-96e5d31e3d2a method=POST path=/v1/transcribe}: gigastt_core::inference::engine::file_stream: transcribe complete (streaming windows) audio_s=1.07 wall_s=0.14 rtf=0.132
2026-10-01T20:21:37.924372Z  INFO request{request_id=01a0f921-3404-7091-8c3d-6137e71c361b method=POST path=/v1/transcribe}: gigastt_core::inference::audio::wave: Audio (wave): 32000Hz, 1ch (streaming windows)
2026-10-01T20:21:37.976639Z  INFO request{request_id=01a0f921-3363-7313-932b-f0b8440fcba1 method=POST path=/v1/transcribe}: gigastt_core::inference::engine::infer: encoder_inference elapsed_ms=209
2026-10-01T20:21:37.976712Z  INFO request{request_id=01a0f921-3363-7313-932b-f0b8440fcba1 method=POST path=/v1/transcribe}: gigastt_core::inference::engine::file_stream: transcribe complete (streaming windows) audio_s=1.85 wall_s=0.21 rtf=0.115
2026-10-01T20:21:37.979397Z  INFO request{request_id=01a0f921-343b-7281-a2f5-c68be1f8ed34 method=POST path=/v1/transcribe}: gigastt_core::inference::audio::wave: Audio (wave): 32000Hz, 1ch (streaming windows)
2026-10-01T20:21:38.061523Z  INFO request{request_id=01a0f921-3404-7091-8c3d-6137e71c361b method=POST path=/v1/transcribe}: gigastt_core::inference::engine::infer: encoder_inference elapsed_ms=134
2026-10-01T20:21:38.061587Z  INFO request{request_id=01a0f921-3404-7091-8c3d-6137e71c361b method=POST path=/v1/transcribe}: gigastt_core::inference::engine::file_stream: transcribe complete (streaming windows) audio_s=1.40 wall_s=0.14 rtf=0.098
2026-10-01T20:21:38.064049Z  INFO request{request_id=01a0f921-348f-7048-9eb0-1b0dee709edb method=POST path=/v1/transcribe}: gigastt_core::inference::audio::wave: Audio (wave): 32000Hz, 1ch (streaming windows)
2026-10-01T20:21:38.195222Z  INFO request{request_id=01a0f921-343b-7281-a2f5-c68be1f8ed34 method=POST path=/v1/transcribe}: gigastt_core::inference::engine::infer: encoder_inference elapsed_ms=210
2026-10-01T20:21:38.195316Z  INFO request{request_id=01a0f921-343b-7281-a2f5-c68be1f8ed34 method=POST path=/v1/transcribe}: gigastt_core::inference::engine::file_stream: transcribe complete (streaming windows) audio_s=1.77 wall_s=0.22 rtf=0.122
2026-10-01T20:21:38.200947Z  INFO request{request_id=01a0f921-3518-7259-942a-77df0626190f method=POST path=/v1/transcribe}: gigastt_core::inference::audio::wave: Audio (wave): 32000Hz, 1ch (streaming windows)
2026-10-01T20:21:38.204012Z  INFO request{request_id=01a0f921-348f-7048-9eb0-1b0dee709edb method=POST path=/v1/transcribe}: gigastt_core::inference::engine::infer: encoder_inference elapsed_ms=137
2026-10-01T20:21:38.204047Z  INFO request{request_id=01a0f921-348f-7048-9eb0-1b0dee709edb method=POST path=/v1/transcribe}: gigastt_core::inference::engine::file_stream: transcribe complete (streaming windows) audio_s=1.04 wall_s=0.14 rtf=0.135
2026-10-01T20:21:38.206008Z  INFO request{request_id=01a0f921-351d-72e5-9fbd-8e158667b1a8 method=POST path=/v1/transcribe}: gigastt_core::inference::audio::wave: Audio (wave): 32000Hz, 1ch (streaming windows)
2026-10-01T20:21:38.353457Z  INFO request{request_id=01a0f921-351d-72e5-9fbd-8e158667b1a8 method=POST path=/v1/transcribe}: gigastt_core::inference::engine::infer: encoder_inference elapsed_ms=144
2026-10-01T20:21:38.353530Z  INFO request{request_id=01a0f921-351d-72e5-9fbd-8e158667b1a8 method=POST path=/v1/transcribe}: gigastt_core::inference::engine::file_stream: transcribe complete (streaming windows) audio_s=1.15 wall_s=0.15 rtf=0.128
2026-10-01T20:21:38.359257Z  INFO request{request_id=01a0f921-35b7-7222-86ee-71d45711b4ca method=POST path=/v1/transcribe}: gigastt_core::inference::audio::wave: Audio (wave): 32000Hz, 1ch (streaming windows)
2026-10-01T20:21:38.397736Z  INFO request{request_id=01a0f921-3518-7259-942a-77df0626190f method=POST path=/v1/transcribe}: gigastt_core::inference::engine::infer: encoder_inference elapsed_ms=193
2026-10-01T20:21:38.397797Z  INFO request{request_id=01a0f921-3518-7259-942a-77df0626190f method=POST path=/v1/transcribe}: gigastt_core::inference::engine::file_stream: transcribe complete (streaming windows) audio_s=1.67 wall_s=0.20 rtf=0.118
2026-10-01T20:21:38.400676Z  INFO request{request_id=01a0f921-35e0-7268-8d85-e30ac4e202cb method=POST path=/v1/transcribe}: gigastt_core::inference::audio::wave: Audio (wave): 32000Hz, 1ch (streaming windows)
2026-10-01T20:21:38.514529Z  INFO request{request_id=01a0f921-35b7-7222-86ee-71d45711b4ca method=POST path=/v1/transcribe}: gigastt_core::inference::engine::infer: encoder_inference elapsed_ms=152
2026-10-01T20:21:38.514601Z  INFO request{request_id=01a0f921-35b7-7222-86ee-71d45711b4ca method=POST path=/v1/transcribe}: gigastt_core::inference::engine::file_stream: transcribe complete (streaming windows) audio_s=1.24 wall_s=0.16 rtf=0.125
2026-10-01T20:21:38.519971Z  INFO request{request_id=01a0f921-3657-7566-a665-01fb67cc83bb method=POST path=/v1/transcribe}: gigastt_core::inference::audio::wave: Audio (wave): 32000Hz, 1ch (streaming windows)
2026-10-01T20:21:38.743405Z  INFO request{request_id=01a0f921-35e0-7268-8d85-e30ac4e202cb method=POST path=/v1/transcribe}: gigastt_core::inference::engine::infer: encoder_inference elapsed_ms=338
2026-10-01T20:21:38.743502Z  INFO request{request_id=01a0f921-35e0-7268-8d85-e30ac4e202cb method=POST path=/v1/transcribe}: gigastt_core::inference::engine::file_stream: transcribe complete (streaming windows) audio_s=3.59 wall_s=0.34 rtf=0.095
2026-10-01T20:21:38.748891Z  INFO request{request_id=01a0f921-373c-726c-9c18-12809763dad7 method=POST path=/v1/transcribe}: gigastt_core::inference::audio::wave: Audio (wave): 32000Hz, 1ch (streaming windows)
2026-10-01T20:21:38.751158Z  INFO request{request_id=01a0f921-3657-7566-a665-01fb67cc83bb method=POST path=/v1/transcribe}: gigastt_core::inference::engine::infer: encoder_inference elapsed_ms=227
2026-10-01T20:21:38.751208Z  INFO request{request_id=01a0f921-3657-7566-a665-01fb67cc83bb method=POST path=/v1/transcribe}: gigastt_core::inference::engine::file_stream: transcribe complete (streaming windows) audio_s=2.05 wall_s=0.23 rtf=0.113
2026-10-01T20:21:38.753204Z  INFO request{request_id=01a0f921-3741-7376-b2c3-674f205c0997 method=POST path=/v1/transcribe}: gigastt_core::inference::audio::wave: Audio (wave): 32000Hz, 1ch (streaming windows)
2026-10-01T20:21:38.886794Z  INFO request{request_id=01a0f921-3741-7376-b2c3-674f205c0997 method=POST path=/v1/transcribe}: gigastt_core::inference::engine::infer: encoder_inference elapsed_ms=130
2026-10-01T20:21:38.886857Z  INFO request{request_id=01a0f921-3741-7376-b2c3-674f205c0997 method=POST path=/v1/transcribe}: gigastt_core::inference::engine::file_stream: transcribe complete (streaming windows) audio_s=1.09 wall_s=0.13 rtf=0.123
2026-10-01T20:21:38.895909Z  INFO request{request_id=01a0f921-37cf-77b7-84fc-4efa3aec5865 method=POST path=/v1/transcribe}: gigastt_core::inference::audio::wave: Audio (wave): 32000Hz, 1ch (streaming windows)
2026-10-01T20:21:38.973252Z  INFO request{request_id=01a0f921-373c-726c-9c18-12809763dad7 method=POST path=/v1/transcribe}: gigastt_core::inference::engine::infer: encoder_inference elapsed_ms=220
2026-10-01T20:21:38.973326Z  INFO request{request_id=01a0f921-373c-726c-9c18-12809763dad7 method=POST path=/v1/transcribe}: gigastt_core::inference::engine::file_stream: transcribe complete (streaming windows) audio_s=1.98 wall_s=0.22 rtf=0.113
2026-10-01T20:21:38.979556Z  INFO request{request_id=01a0f921-3823-7182-9209-f23fec16bd6d method=POST path=/v1/transcribe}: gigastt_core::inference::audio::wave: Audio (wave): 32000Hz, 1ch (streaming windows)
2026-10-01T20:21:39.202358Z  INFO request{request_id=01a0f921-37cf-77b7-84fc-4efa3aec5865 method=POST path=/v1/transcribe}: gigastt_core::inference::engine::infer: encoder_inference elapsed_ms=302
2026-10-01T20:21:39.202434Z  INFO request{request_id=01a0f921-37cf-77b7-84fc-4efa3aec5865 method=POST path=/v1/transcribe}: gigastt_core::inference::engine::file_stream: transcribe complete (streaming windows) audio_s=2.68 wall_s=0.31 rtf=0.114
2026-10-01T20:21:39.210637Z  INFO request{request_id=01a0f921-390a-707f-947f-445dcc480a76 method=POST path=/v1/transcribe}: gigastt_core::inference::audio::wave: Audio (wave): 32000Hz, 1ch (streaming windows)
2026-10-01T20:21:39.245962Z  INFO request{request_id=01a0f921-3823-7182-9209-f23fec16bd6d method=POST path=/v1/transcribe}: gigastt_core::inference::engine::infer: encoder_inference elapsed_ms=261
2026-10-01T20:21:39.246047Z  INFO request{request_id=01a0f921-3823-7182-9209-f23fec16bd6d method=POST path=/v1/transcribe}: gigastt_core::inference::engine::file_stream: transcribe complete (streaming windows) audio_s=2.45 wall_s=0.27 rtf=0.109
2026-10-01T20:21:39.254656Z  INFO request{request_id=01a0f921-3936-74fb-bdf8-d3cda35fe7ad method=POST path=/v1/transcribe}: gigastt_core::inference::audio::wave: Audio (wave): 32000Hz, 1ch (streaming windows)
2026-10-01T20:21:39.404432Z  INFO request{request_id=01a0f921-3936-74fb-bdf8-d3cda35fe7ad method=POST path=/v1/transcribe}: gigastt_core::inference::engine::infer: encoder_inference elapsed_ms=146
2026-10-01T20:21:39.404497Z  INFO request{request_id=01a0f921-3936-74fb-bdf8-d3cda35fe7ad method=POST path=/v1/transcribe}: gigastt_core::inference::engine::file_stream: transcribe complete (streaming windows) audio_s=1.27 wall_s=0.15 rtf=0.118
2026-10-01T20:21:39.410283Z  INFO request{request_id=01a0f921-39d2-7520-8be8-1478cf0204ae method=POST path=/v1/transcribe}: gigastt_core::inference::audio::wave: Audio (wave): 32000Hz, 1ch (streaming windows)
2026-10-01T20:21:39.580769Z  INFO request{request_id=01a0f921-390a-707f-947f-445dcc480a76 method=POST path=/v1/transcribe}: gigastt_core::inference::engine::infer: encoder_inference elapsed_ms=363
2026-10-01T20:21:39.580877Z  INFO request{request_id=01a0f921-390a-707f-947f-445dcc480a76 method=POST path=/v1/transcribe}: gigastt_core::inference::engine::file_stream: transcribe complete (streaming windows) audio_s=3.50 wall_s=0.37 rtf=0.106
2026-10-01T20:21:39.588538Z  INFO request{request_id=01a0f921-3a84-7277-a7c0-0c0ee80e7b93 method=POST path=/v1/transcribe}: gigastt_core::inference::audio::wave: Audio (wave): 32000Hz, 1ch (streaming windows)
2026-10-01T20:21:39.624996Z  INFO request{request_id=01a0f921-39d2-7520-8be8-1478cf0204ae method=POST path=/v1/transcribe}: gigastt_core::inference::engine::infer: encoder_inference elapsed_ms=211
2026-10-01T20:21:39.625091Z  INFO request{request_id=01a0f921-39d2-7520-8be8-1478cf0204ae method=POST path=/v1/transcribe}: gigastt_core::inference::engine::file_stream: transcribe complete (streaming windows) audio_s=1.91 wall_s=0.21 rtf=0.112
2026-10-01T20:21:39.629579Z  INFO request{request_id=01a0f921-3aad-739c-af9e-c095307f5c5b method=POST path=/v1/transcribe}: gigastt_core::inference::audio::wave: Audio (wave): 32000Hz, 1ch (streaming windows)
2026-10-01T20:21:39.762343Z  INFO request{request_id=01a0f921-3a84-7277-a7c0-0c0ee80e7b93 method=POST path=/v1/transcribe}: gigastt_core::inference::engine::infer: encoder_inference elapsed_ms=170
2026-10-01T20:21:39.762426Z  INFO request{request_id=01a0f921-3a84-7277-a7c0-0c0ee80e7b93 method=POST path=/v1/transcribe}: gigastt_core::inference::engine::file_stream: transcribe complete (streaming windows) audio_s=1.31 wall_s=0.17 rtf=0.133
2026-10-01T20:21:39.768256Z  INFO request{request_id=01a0f921-3b38-7491-83c3-3a3c0864b24d method=POST path=/v1/transcribe}: gigastt_core::inference::audio::wave: Audio (wave): 32000Hz, 1ch (streaming windows)
2026-10-01T20:21:39.837591Z  INFO request{request_id=01a0f921-3aad-739c-af9e-c095307f5c5b method=POST path=/v1/transcribe}: gigastt_core::inference::engine::infer: encoder_inference elapsed_ms=204
2026-10-01T20:21:39.837668Z  INFO request{request_id=01a0f921-3aad-739c-af9e-c095307f5c5b method=POST path=/v1/transcribe}: gigastt_core::inference::engine::file_stream: transcribe complete (streaming windows) audio_s=1.80 wall_s=0.21 rtf=0.116
2026-10-01T20:21:39.849137Z  INFO request{request_id=01a0f921-3b88-7512-8e5f-e14e3f82887a method=POST path=/v1/transcribe}: gigastt_core::inference::audio::wave: Audio (wave): 32000Hz, 1ch (streaming windows)
2026-10-01T20:21:39.955730Z  INFO request{request_id=01a0f921-3b38-7491-83c3-3a3c0864b24d method=POST path=/v1/transcribe}: gigastt_core::inference::engine::infer: encoder_inference elapsed_ms=184
2026-10-01T20:21:39.955799Z  INFO request{request_id=01a0f921-3b38-7491-83c3-3a3c0864b24d method=POST path=/v1/transcribe}: gigastt_core::inference::engine::file_stream: transcribe complete (streaming windows) audio_s=1.51 wall_s=0.19 rtf=0.124
2026-10-01T20:21:39.962466Z  INFO request{request_id=01a0f921-3bfa-75dd-8d41-15a2f491dd19 method=POST path=/v1/transcribe}: gigastt_core::inference::audio::wave: Audio (wave): 32000Hz, 1ch (streaming windows)
2026-10-01T20:21:40.080517Z  INFO request{request_id=01a0f921-3b88-7512-8e5f-e14e3f82887a method=POST path=/v1/transcribe}: gigastt_core::inference::engine::infer: encoder_inference elapsed_ms=227
2026-10-01T20:21:40.080614Z  INFO request{request_id=01a0f921-3b88-7512-8e5f-e14e3f82887a method=POST path=/v1/transcribe}: gigastt_core::inference::engine::file_stream: transcribe complete (streaming windows) audio_s=2.11 wall_s=0.23 rtf=0.110
2026-10-01T20:21:40.089420Z  INFO request{request_id=01a0f921-3c79-72d5-8ce8-684b38f8b12e method=POST path=/v1/transcribe}: gigastt_core::inference::audio::wave: Audio (wave): 32000Hz, 1ch (streaming windows)
2026-10-01T20:21:40.122991Z  INFO request{request_id=01a0f921-3bfa-75dd-8d41-15a2f491dd19 method=POST path=/v1/transcribe}: gigastt_core::inference::engine::infer: encoder_inference elapsed_ms=157
2026-10-01T20:21:40.123074Z  INFO request{request_id=01a0f921-3bfa-75dd-8d41-15a2f491dd19 method=POST path=/v1/transcribe}: gigastt_core::inference::engine::file_stream: transcribe complete (streaming windows) audio_s=1.24 wall_s=0.16 rtf=0.129
2026-10-01T20:21:40.134177Z  INFO request{request_id=01a0f921-3ca6-700a-a8aa-f9e6dbe2a9b7 method=POST path=/v1/transcribe}: gigastt_core::inference::audio::wave: Audio (wave): 32000Hz, 1ch (streaming windows)
2026-10-01T20:21:40.250786Z  INFO request{request_id=01a0f921-3c79-72d5-8ce8-684b38f8b12e method=POST path=/v1/transcribe}: gigastt_core::inference::engine::infer: encoder_inference elapsed_ms=157
2026-10-01T20:21:40.250862Z  INFO request{request_id=01a0f921-3c79-72d5-8ce8-684b38f8b12e method=POST path=/v1/transcribe}: gigastt_core::inference::engine::file_stream: transcribe complete (streaming windows) audio_s=1.24 wall_s=0.16 rtf=0.130
2026-10-01T20:21:40.262729Z  INFO request{request_id=01a0f921-3d26-7308-b03e-9ecb3bbff90c method=POST path=/v1/transcribe}: gigastt_core::inference::audio::wave: Audio (wave): 32000Hz, 1ch (streaming windows)
2026-10-01T20:21:40.333866Z  INFO request{request_id=01a0f921-3ca6-700a-a8aa-f9e6dbe2a9b7 method=POST path=/v1/transcribe}: gigastt_core::inference::engine::infer: encoder_inference elapsed_ms=194
2026-10-01T20:21:40.333934Z  INFO request{request_id=01a0f921-3ca6-700a-a8aa-f9e6dbe2a9b7 method=POST path=/v1/transcribe}: gigastt_core::inference::engine::file_stream: transcribe complete (streaming windows) audio_s=1.74 wall_s=0.20 rtf=0.115
2026-10-01T20:21:40.337446Z  INFO request{request_id=01a0f921-3d71-714a-a0e6-743e59548d1d method=POST path=/v1/transcribe}: gigastt_core::inference::audio::wave: Audio (wave): 32000Hz, 1ch (streaming windows)
2026-10-01T20:21:40.450754Z  INFO request{request_id=01a0f921-3d26-7308-b03e-9ecb3bbff90c method=POST path=/v1/transcribe}: gigastt_core::inference::engine::infer: encoder_inference elapsed_ms=184
2026-10-01T20:21:40.450838Z  INFO request{request_id=01a0f921-3d26-7308-b03e-9ecb3bbff90c method=POST path=/v1/transcribe}: gigastt_core::inference::engine::file_stream: transcribe complete (streaming windows) audio_s=1.44 wall_s=0.19 rtf=0.131
2026-10-01T20:21:40.455281Z  INFO request{request_id=01a0f921-3de7-7181-b709-a27cc9ea9bf4 method=POST path=/v1/transcribe}: gigastt_core::inference::audio::wave: Audio (wave): 32000Hz, 1ch (streaming windows)
2026-10-01T20:21:40.566596Z  INFO request{request_id=01a0f921-3d71-714a-a0e6-743e59548d1d method=POST path=/v1/transcribe}: gigastt_core::inference::engine::infer: encoder_inference elapsed_ms=225
2026-10-01T20:21:40.566664Z  INFO request{request_id=01a0f921-3d71-714a-a0e6-743e59548d1d method=POST path=/v1/transcribe}: gigastt_core::inference::engine::file_stream: transcribe complete (streaming windows) audio_s=2.08 wall_s=0.23 rtf=0.110
2026-10-01T20:21:40.571008Z  INFO request{request_id=01a0f921-3e5a-76b9-9ac9-6faf575a1e7b method=POST path=/v1/transcribe}: gigastt_core::inference::audio::wave: Audio (wave): 32000Hz, 1ch (streaming windows)
2026-10-01T20:21:40.716871Z  INFO request{request_id=01a0f921-3e5a-76b9-9ac9-6faf575a1e7b method=POST path=/v1/transcribe}: gigastt_core::inference::engine::infer: encoder_inference elapsed_ms=142
2026-10-01T20:21:40.716946Z  INFO request{request_id=01a0f921-3e5a-76b9-9ac9-6faf575a1e7b method=POST path=/v1/transcribe}: gigastt_core::inference::engine::file_stream: transcribe complete (streaming windows) audio_s=1.17 wall_s=0.15 rtf=0.124
2026-10-01T20:21:40.720815Z  INFO request{request_id=01a0f921-3ef0-739a-a1a0-0baa357c17ab method=POST path=/v1/transcribe}: gigastt_core::inference::audio::wave: Audio (wave): 32000Hz, 1ch (streaming windows)
2026-10-01T20:21:40.779448Z  INFO request{request_id=01a0f921-3de7-7181-b709-a27cc9ea9bf4 method=POST path=/v1/transcribe}: gigastt_core::inference::engine::infer: encoder_inference elapsed_ms=318
2026-10-01T20:21:40.779545Z  INFO request{request_id=01a0f921-3de7-7181-b709-a27cc9ea9bf4 method=POST path=/v1/transcribe}: gigastt_core::inference::engine::file_stream: transcribe complete (streaming windows) audio_s=2.78 wall_s=0.32 rtf=0.116
2026-10-01T20:21:40.786285Z  INFO request{request_id=01a0f921-3f32-7361-9830-404453b34468 method=POST path=/v1/transcribe}: gigastt_core::inference::audio::wave: Audio (wave): 32000Hz, 1ch (streaming windows)
2026-10-01T20:21:40.879129Z  INFO request{request_id=01a0f921-3ef0-739a-a1a0-0baa357c17ab method=POST path=/v1/transcribe}: gigastt_core::inference::engine::infer: encoder_inference elapsed_ms=154
2026-10-01T20:21:40.879202Z  INFO request{request_id=01a0f921-3ef0-739a-a1a0-0baa357c17ab method=POST path=/v1/transcribe}: gigastt_core::inference::engine::file_stream: transcribe complete (streaming windows) audio_s=1.59 wall_s=0.16 rtf=0.100
2026-10-01T20:21:40.888148Z  INFO request{request_id=01a0f921-3f98-76b8-8400-ba286325e2fd method=POST path=/v1/transcribe}: gigastt_core::inference::audio::wave: Audio (wave): 32000Hz, 1ch (streaming windows)
2026-10-01T20:21:41.152026Z  INFO request{request_id=01a0f921-3f98-76b8-8400-ba286325e2fd method=POST path=/v1/transcribe}: gigastt_core::inference::engine::infer: encoder_inference elapsed_ms=258
2026-10-01T20:21:41.152111Z  INFO request{request_id=01a0f921-3f98-76b8-8400-ba286325e2fd method=POST path=/v1/transcribe}: gigastt_core::inference::engine::file_stream: transcribe complete (streaming windows) audio_s=2.15 wall_s=0.26 rtf=0.123
2026-10-01T20:21:41.162861Z  INFO request{request_id=01a0f921-40aa-7277-9383-5271ddd04c42 method=POST path=/v1/transcribe}: gigastt_core::inference::audio::wave: Audio (wave): 32000Hz, 1ch (streaming windows)
2026-10-01T20:21:41.312544Z  INFO request{request_id=01a0f921-3f32-7361-9830-404453b34468 method=POST path=/v1/transcribe}: gigastt_core::inference::engine::infer: encoder_inference elapsed_ms=518
2026-10-01T20:21:41.312673Z  INFO request{request_id=01a0f921-3f32-7361-9830-404453b34468 method=POST path=/v1/transcribe}: gigastt_core::inference::engine::file_stream: transcribe complete (streaming windows) audio_s=5.15 wall_s=0.53 rtf=0.102
2026-10-01T20:21:41.321203Z  INFO request{request_id=01a0f921-4149-72aa-8c97-f5fe40208562 method=POST path=/v1/transcribe}: gigastt_core::inference::audio::wave: Audio (wave): 32000Hz, 1ch (streaming windows)
2026-10-01T20:21:41.422736Z  INFO request{request_id=01a0f921-40aa-7277-9383-5271ddd04c42 method=POST path=/v1/transcribe}: gigastt_core::inference::engine::infer: encoder_inference elapsed_ms=256
2026-10-01T20:21:41.422810Z  INFO request{request_id=01a0f921-40aa-7277-9383-5271ddd04c42 method=POST path=/v1/transcribe}: gigastt_core::inference::engine::file_stream: transcribe complete (streaming windows) audio_s=2.50 wall_s=0.26 rtf=0.104
2026-10-01T20:21:41.427059Z  INFO request{request_id=01a0f921-41b2-70dc-b1b0-6cbf460af318 method=POST path=/v1/transcribe}: gigastt_core::inference::audio::wave: Audio (wave): 32000Hz, 1ch (streaming windows)
2026-10-01T20:21:41.515836Z  INFO request{request_id=01a0f921-4149-72aa-8c97-f5fe40208562 method=POST path=/v1/transcribe}: gigastt_core::inference::engine::infer: encoder_inference elapsed_ms=189
2026-10-01T20:21:41.515918Z  INFO request{request_id=01a0f921-4149-72aa-8c97-f5fe40208562 method=POST path=/v1/transcribe}: gigastt_core::inference::engine::file_stream: transcribe complete (streaming windows) audio_s=1.67 wall_s=0.19 rtf=0.117
2026-10-01T20:21:41.526952Z  INFO request{request_id=01a0f921-4216-713d-8a66-e35fc4db954d method=POST path=/v1/transcribe}: gigastt_core::inference::audio::wave: Audio (wave): 32000Hz, 1ch (streaming windows)
2026-10-01T20:21:41.618288Z  INFO request{request_id=01a0f921-41b2-70dc-b1b0-6cbf460af318 method=POST path=/v1/transcribe}: gigastt_core::inference::engine::infer: encoder_inference elapsed_ms=187
2026-10-01T20:21:41.618368Z  INFO request{request_id=01a0f921-41b2-70dc-b1b0-6cbf460af318 method=POST path=/v1/transcribe}: gigastt_core::inference::engine::file_stream: transcribe complete (streaming windows) audio_s=1.60 wall_s=0.19 rtf=0.120
2026-10-01T20:21:41.630140Z  INFO request{request_id=01a0f921-427d-74b7-8a9b-c441d8bc43ce method=POST path=/v1/transcribe}: gigastt_core::inference::audio::wave: Audio (wave): 32000Hz, 1ch (streaming windows)
2026-10-01T20:21:41.736640Z  INFO request{request_id=01a0f921-4216-713d-8a66-e35fc4db954d method=POST path=/v1/transcribe}: gigastt_core::inference::engine::infer: encoder_inference elapsed_ms=206
2026-10-01T20:21:41.736718Z  INFO request{request_id=01a0f921-4216-713d-8a66-e35fc4db954d method=POST path=/v1/transcribe}: gigastt_core::inference::engine::file_stream: transcribe complete (streaming windows) audio_s=1.85 wall_s=0.21 rtf=0.113
2026-10-01T20:21:41.747655Z  INFO request{request_id=01a0f921-42f3-735f-87dc-52bc35914b7d method=POST path=/v1/transcribe}: gigastt_core::inference::audio::wave: Audio (wave): 32000Hz, 1ch (streaming windows)
2026-10-01T20:21:41.864465Z  INFO request{request_id=01a0f921-427d-74b7-8a9b-c441d8bc43ce method=POST path=/v1/transcribe}: gigastt_core::inference::engine::infer: encoder_inference elapsed_ms=230
2026-10-01T20:21:41.864544Z  INFO request{request_id=01a0f921-427d-74b7-8a9b-c441d8bc43ce method=POST path=/v1/transcribe}: gigastt_core::inference::engine::file_stream: transcribe complete (streaming windows) audio_s=2.17 wall_s=0.23 rtf=0.108
2026-10-01T20:21:41.870495Z  INFO request{request_id=01a0f921-436e-77ba-8fc4-922403e750da method=POST path=/v1/transcribe}: gigastt_core::inference::audio::wave: Audio (wave): 32000Hz, 1ch (streaming windows)
2026-10-01T20:21:42.017576Z  INFO request{request_id=01a0f921-42f3-735f-87dc-52bc35914b7d method=POST path=/v1/transcribe}: gigastt_core::inference::engine::infer: encoder_inference elapsed_ms=265
2026-10-01T20:21:42.017651Z  INFO request{request_id=01a0f921-42f3-735f-87dc-52bc35914b7d method=POST path=/v1/transcribe}: gigastt_core::inference::engine::file_stream: transcribe complete (streaming windows) audio_s=2.50 wall_s=0.27 rtf=0.108
2026-10-01T20:21:42.029104Z  INFO request{request_id=01a0f921-440c-74a4-8213-44e9983e2456 method=POST path=/v1/transcribe}: gigastt_core::inference::audio::wave: Audio (wave): 32000Hz, 1ch (streaming windows)
2026-10-01T20:21:42.063322Z  INFO request{request_id=01a0f921-436e-77ba-8fc4-922403e750da method=POST path=/v1/transcribe}: gigastt_core::inference::engine::infer: encoder_inference elapsed_ms=189
2026-10-01T20:21:42.063390Z  INFO request{request_id=01a0f921-436e-77ba-8fc4-922403e750da method=POST path=/v1/transcribe}: gigastt_core::inference::engine::file_stream: transcribe complete (streaming windows) audio_s=1.65 wall_s=0.19 rtf=0.117
2026-10-01T20:21:42.070496Z  INFO request{request_id=01a0f921-4436-732f-9834-07e522888649 method=POST path=/v1/transcribe}: gigastt_core::inference::audio::wave: Audio (wave): 32000Hz, 1ch (streaming windows)
2026-10-01T20:21:42.192522Z  INFO request{request_id=01a0f921-440c-74a4-8213-44e9983e2456 method=POST path=/v1/transcribe}: gigastt_core::inference::engine::infer: encoder_inference elapsed_ms=159
2026-10-01T20:21:42.192589Z  INFO request{request_id=01a0f921-440c-74a4-8213-44e9983e2456 method=POST path=/v1/transcribe}: gigastt_core::inference::engine::file_stream: transcribe complete (streaming windows) audio_s=1.49 wall_s=0.16 rtf=0.110
2026-10-01T20:21:42.198609Z  INFO request{request_id=01a0f921-44b6-75fd-af10-65fe5e41a2f2 method=POST path=/v1/transcribe}: gigastt_core::inference::audio::wave: Audio (wave): 32000Hz, 1ch (streaming windows)
2026-10-01T20:21:42.259526Z  INFO request{request_id=01a0f921-4436-732f-9834-07e522888649 method=POST path=/v1/transcribe}: gigastt_core::inference::engine::infer: encoder_inference elapsed_ms=185
2026-10-01T20:21:42.259607Z  INFO request{request_id=01a0f921-4436-732f-9834-07e522888649 method=POST path=/v1/transcribe}: gigastt_core::inference::engine::file_stream: transcribe complete (streaming windows) audio_s=1.69 wall_s=0.19 rtf=0.112
2026-10-01T20:21:42.263418Z  INFO request{request_id=01a0f921-44f7-7413-a52f-c14409ba114e method=POST path=/v1/transcribe}: gigastt_core::inference::audio::wave: Audio (wave): 32000Hz, 1ch (streaming windows)
2026-10-01T20:21:42.353462Z  INFO request{request_id=01a0f921-44b6-75fd-af10-65fe5e41a2f2 method=POST path=/v1/transcribe}: gigastt_core::inference::engine::infer: encoder_inference elapsed_ms=151
2026-10-01T20:21:42.353528Z  INFO request{request_id=01a0f921-44b6-75fd-af10-65fe5e41a2f2 method=POST path=/v1/transcribe}: gigastt_core::inference::engine::file_stream: transcribe complete (streaming windows) audio_s=1.21 wall_s=0.15 rtf=0.128
2026-10-01T20:21:42.360061Z  INFO request{request_id=01a0f921-4557-721d-bb82-13dd588257f7 method=POST path=/v1/transcribe}: gigastt_core::inference::audio::wave: Audio (wave): 32000Hz, 1ch (streaming windows)
2026-10-01T20:21:42.413991Z  INFO request{request_id=01a0f921-44f7-7413-a52f-c14409ba114e method=POST path=/v1/transcribe}: gigastt_core::inference::engine::infer: encoder_inference elapsed_ms=146
2026-10-01T20:21:42.414063Z  INFO request{request_id=01a0f921-44f7-7413-a52f-c14409ba114e method=POST path=/v1/transcribe}: gigastt_core::inference::engine::file_stream: transcribe complete (streaming windows) audio_s=1.10 wall_s=0.15 rtf=0.136
2026-10-01T20:21:42.428421Z  INFO request{request_id=01a0f921-459c-721e-bd5a-0d3abf1fa683 method=POST path=/v1/transcribe}: gigastt_core::inference::audio::wave: Audio (wave): 32000Hz, 1ch (streaming windows)
2026-10-01T20:21:42.491145Z  INFO request{request_id=01a0f921-4557-721d-bb82-13dd588257f7 method=POST path=/v1/transcribe}: gigastt_core::inference::engine::infer: encoder_inference elapsed_ms=128
2026-10-01T20:21:42.491218Z  INFO request{request_id=01a0f921-4557-721d-bb82-13dd588257f7 method=POST path=/v1/transcribe}: gigastt_core::inference::engine::file_stream: transcribe complete (streaming windows) audio_s=1.06 wall_s=0.13 rtf=0.124
2026-10-01T20:21:42.494353Z  INFO request{request_id=01a0f921-45de-75cc-a270-610f0ecceaea method=POST path=/v1/transcribe}: gigastt_core::inference::audio::wave: Audio (wave): 32000Hz, 1ch (streaming windows)
2026-10-01T20:21:42.593323Z  INFO request{request_id=01a0f921-459c-721e-bd5a-0d3abf1fa683 method=POST path=/v1/transcribe}: gigastt_core::inference::engine::infer: encoder_inference elapsed_ms=160
2026-10-01T20:21:42.593391Z  INFO request{request_id=01a0f921-459c-721e-bd5a-0d3abf1fa683 method=POST path=/v1/transcribe}: gigastt_core::inference::engine::file_stream: transcribe complete (streaming windows) audio_s=1.31 wall_s=0.16 rtf=0.126
2026-10-01T20:21:42.597529Z  INFO request{request_id=01a0f921-4645-76b9-a012-96b0bc484fd2 method=POST path=/v1/transcribe}: gigastt_core::inference::audio::wave: Audio (wave): 32000Hz, 1ch (streaming windows)
2026-10-01T20:21:42.758676Z  INFO request{request_id=01a0f921-4645-76b9-a012-96b0bc484fd2 method=POST path=/v1/transcribe}: gigastt_core::inference::engine::infer: encoder_inference elapsed_ms=157
2026-10-01T20:21:42.758750Z  INFO request{request_id=01a0f921-4645-76b9-a012-96b0bc484fd2 method=POST path=/v1/transcribe}: gigastt_core::inference::engine::file_stream: transcribe complete (streaming windows) audio_s=1.19 wall_s=0.16 rtf=0.135
2026-10-01T20:21:42.769521Z  INFO request{request_id=01a0f921-46f1-72e0-a6e0-f65b85429654 method=POST path=/v1/transcribe}: gigastt_core::inference::audio::wave: Audio (wave): 32000Hz, 1ch (streaming windows)
2026-10-01T20:21:42.788720Z  INFO request{request_id=01a0f921-45de-75cc-a270-610f0ecceaea method=POST path=/v1/transcribe}: gigastt_core::inference::engine::infer: encoder_inference elapsed_ms=290
2026-10-01T20:21:42.788802Z  INFO request{request_id=01a0f921-45de-75cc-a270-610f0ecceaea method=POST path=/v1/transcribe}: gigastt_core::inference::engine::file_stream: transcribe complete (streaming windows) audio_s=2.65 wall_s=0.29 rtf=0.111
2026-10-01T20:21:42.794406Z  INFO request{request_id=01a0f921-470a-73a4-b4ed-945e4273a49a method=POST path=/v1/transcribe}: gigastt_core::inference::audio::wave: Audio (wave): 32000Hz, 1ch (streaming windows)
2026-10-01T20:21:42.925369Z  INFO request{request_id=01a0f921-46f1-72e0-a6e0-f65b85429654 method=POST path=/v1/transcribe}: gigastt_core::inference::engine::infer: encoder_inference elapsed_ms=152
2026-10-01T20:21:42.925440Z  INFO request{request_id=01a0f921-46f1-72e0-a6e0-f65b85429654 method=POST path=/v1/transcribe}: gigastt_core::inference::engine::file_stream: transcribe complete (streaming windows) audio_s=1.17 wall_s=0.16 rtf=0.133
2026-10-01T20:21:42.931893Z  INFO request{request_id=01a0f921-4793-729b-b8f8-9bebd42cdb53 method=POST path=/v1/transcribe}: gigastt_core::inference::audio::wave: Audio (wave): 32000Hz, 1ch (streaming windows)
2026-10-01T20:21:42.985027Z  INFO request{request_id=01a0f921-470a-73a4-b4ed-945e4273a49a method=POST path=/v1/transcribe}: gigastt_core::inference::engine::infer: encoder_inference elapsed_ms=187
2026-10-01T20:21:42.985095Z  INFO request{request_id=01a0f921-470a-73a4-b4ed-945e4273a49a method=POST path=/v1/transcribe}: gigastt_core::inference::engine::file_stream: transcribe complete (streaming windows) audio_s=1.64 wall_s=0.19 rtf=0.116
2026-10-01T20:21:42.995195Z  INFO request{request_id=01a0f921-47d2-7300-8608-20a2fc1633eb method=POST path=/v1/transcribe}: gigastt_core::inference::audio::wave: Audio (wave): 32000Hz, 1ch (streaming windows)
2026-10-01T20:21:43.055215Z  INFO request{request_id=01a0f921-4793-729b-b8f8-9bebd42cdb53 method=POST path=/v1/transcribe}: gigastt_core::inference::engine::infer: encoder_inference elapsed_ms=119
2026-10-01T20:21:43.055284Z  INFO request{request_id=01a0f921-4793-729b-b8f8-9bebd42cdb53 method=POST path=/v1/transcribe}: gigastt_core::inference::engine::file_stream: transcribe complete (streaming windows) audio_s=1.07 wall_s=0.12 rtf=0.115
2026-10-01T20:21:43.065344Z  INFO request{request_id=01a0f921-4819-749b-9828-4757f9ed7230 method=POST path=/v1/transcribe}: gigastt_core::inference::audio::wave: Audio (wave): 32000Hz, 1ch (streaming windows)
2026-10-01T20:21:43.271859Z  INFO request{request_id=01a0f921-47d2-7300-8608-20a2fc1633eb method=POST path=/v1/transcribe}: gigastt_core::inference::engine::infer: encoder_inference elapsed_ms=271
2026-10-01T20:21:43.271946Z  INFO request{request_id=01a0f921-47d2-7300-8608-20a2fc1633eb method=POST path=/v1/transcribe}: gigastt_core::inference::engine::file_stream: transcribe complete (streaming windows) audio_s=2.45 wall_s=0.28 rtf=0.113
2026-10-01T20:21:43.276952Z  INFO request{request_id=01a0f921-4819-749b-9828-4757f9ed7230 method=POST path=/v1/transcribe}: gigastt_core::inference::engine::infer: encoder_inference elapsed_ms=208
2026-10-01T20:21:43.277005Z  INFO request{request_id=01a0f921-4819-749b-9828-4757f9ed7230 method=POST path=/v1/transcribe}: gigastt_core::inference::engine::file_stream: transcribe complete (streaming windows) audio_s=1.78 wall_s=0.21 rtf=0.119
2026-10-01T20:21:43.278640Z  INFO request{request_id=01a0f921-48ee-714b-8447-0e79cafb28d1 method=POST path=/v1/transcribe}: gigastt_core::inference::audio::wave: Audio (wave): 32000Hz, 1ch (streaming windows)
2026-10-01T20:21:43.280919Z  INFO request{request_id=01a0f921-48f0-7000-a66a-d88a12c66d5c method=POST path=/v1/transcribe}: gigastt_core::inference::audio::wave: Audio (wave): 32000Hz, 1ch (streaming windows)
2026-10-01T20:21:43.439173Z  INFO request{request_id=01a0f921-48f0-7000-a66a-d88a12c66d5c method=POST path=/v1/transcribe}: gigastt_core::inference::engine::infer: encoder_inference elapsed_ms=155
2026-10-01T20:21:43.439239Z  INFO request{request_id=01a0f921-48f0-7000-a66a-d88a12c66d5c method=POST path=/v1/transcribe}: gigastt_core::inference::engine::file_stream: transcribe complete (streaming windows) audio_s=1.26 wall_s=0.16 rtf=0.126
2026-10-01T20:21:43.449030Z  INFO request{request_id=01a0f921-4998-7432-8351-3a5637a4fd12 method=POST path=/v1/transcribe}: gigastt_core::inference::audio::wave: Audio (wave): 32000Hz, 1ch (streaming windows)
2026-10-01T20:21:43.555760Z  INFO request{request_id=01a0f921-48ee-714b-8447-0e79cafb28d1 method=POST path=/v1/transcribe}: gigastt_core::inference::engine::infer: encoder_inference elapsed_ms=273
2026-10-01T20:21:43.555842Z  INFO request{request_id=01a0f921-48ee-714b-8447-0e79cafb28d1 method=POST path=/v1/transcribe}: gigastt_core::inference::engine::file_stream: transcribe complete (streaming windows) audio_s=2.52 wall_s=0.28 rtf=0.110
2026-10-01T20:21:43.562206Z  INFO request{request_id=01a0f921-4a09-7488-9b52-425f3e4b1a64 method=POST path=/v1/transcribe}: gigastt_core::inference::audio::wave: Audio (wave): 32000Hz, 1ch (streaming windows)
2026-10-01T20:21:43.600373Z  INFO request{request_id=01a0f921-4998-7432-8351-3a5637a4fd12 method=POST path=/v1/transcribe}: gigastt_core::inference::engine::infer: encoder_inference elapsed_ms=147
2026-10-01T20:21:43.600435Z  INFO request{request_id=01a0f921-4998-7432-8351-3a5637a4fd12 method=POST path=/v1/transcribe}: gigastt_core::inference::engine::file_stream: transcribe complete (streaming windows) audio_s=1.17 wall_s=0.15 rtf=0.130
2026-10-01T20:21:43.606607Z  INFO request{request_id=01a0f921-4a36-7530-b629-8c5b8da5913f method=POST path=/v1/transcribe}: gigastt_core::inference::audio::wave: Audio (wave): 32000Hz, 1ch (streaming windows)
2026-10-01T20:21:43.769774Z  INFO request{request_id=01a0f921-4a36-7530-b629-8c5b8da5913f method=POST path=/v1/transcribe}: gigastt_core::inference::engine::infer: encoder_inference elapsed_ms=159
2026-10-01T20:21:43.769837Z  INFO request{request_id=01a0f921-4a36-7530-b629-8c5b8da5913f method=POST path=/v1/transcribe}: gigastt_core::inference::engine::file_stream: transcribe complete (streaming windows) audio_s=1.28 wall_s=0.16 rtf=0.128
2026-10-01T20:21:43.777016Z  INFO request{request_id=01a0f921-4ae0-71ff-8239-52529f33d00a method=POST path=/v1/transcribe}: gigastt_core::inference::audio::wave: Audio (wave): 32000Hz, 1ch (streaming windows)
2026-10-01T20:21:43.800673Z  INFO request{request_id=01a0f921-4a09-7488-9b52-425f3e4b1a64 method=POST path=/v1/transcribe}: gigastt_core::inference::engine::infer: encoder_inference elapsed_ms=234
2026-10-01T20:21:43.800742Z  INFO request{request_id=01a0f921-4a09-7488-9b52-425f3e4b1a64 method=POST path=/v1/transcribe}: gigastt_core::inference::engine::file_stream: transcribe complete (streaming windows) audio_s=1.97 wall_s=0.24 rtf=0.121
2026-10-01T20:21:43.809546Z  INFO request{request_id=01a0f921-4b01-773d-82cd-a1e0aefe79c5 method=POST path=/v1/transcribe}: gigastt_core::inference::audio::wave: Audio (wave): 32000Hz, 1ch (streaming windows)
2026-10-01T20:21:43.955977Z  INFO request{request_id=01a0f921-4b01-773d-82cd-a1e0aefe79c5 method=POST path=/v1/transcribe}: gigastt_core::inference::engine::infer: encoder_inference elapsed_ms=143
2026-10-01T20:21:43.956097Z  INFO request{request_id=01a0f921-4b01-773d-82cd-a1e0aefe79c5 method=POST path=/v1/transcribe}: gigastt_core::inference::engine::file_stream: transcribe complete (streaming windows) audio_s=1.01 wall_s=0.15 rtf=0.145
2026-10-01T20:21:43.966089Z  INFO request{request_id=01a0f921-4b9d-75c6-b36d-162baac8e89c method=POST path=/v1/transcribe}: gigastt_core::inference::audio::wave: Audio (wave): 32000Hz, 1ch (streaming windows)
2026-10-01T20:21:43.987331Z  INFO request{request_id=01a0f921-4ae0-71ff-8239-52529f33d00a method=POST path=/v1/transcribe}: gigastt_core::inference::engine::infer: encoder_inference elapsed_ms=206
2026-10-01T20:21:43.987427Z  INFO request{request_id=01a0f921-4ae0-71ff-8239-52529f33d00a method=POST path=/v1/transcribe}: gigastt_core::inference::engine::file_stream: transcribe complete (streaming windows) audio_s=1.82 wall_s=0.21 rtf=0.116
2026-10-01T20:21:43.998746Z  INFO request{request_id=01a0f921-4bbe-7528-8def-abbc7a6638db method=POST path=/v1/transcribe}: gigastt_core::inference::audio::wave: Audio (wave): 32000Hz, 1ch (streaming windows)
2026-10-01T20:21:44.126403Z  INFO request{request_id=01a0f921-4b9d-75c6-b36d-162baac8e89c method=POST path=/v1/transcribe}: gigastt_core::inference::engine::infer: encoder_inference elapsed_ms=156
2026-10-01T20:21:44.126478Z  INFO request{request_id=01a0f921-4b9d-75c6-b36d-162baac8e89c method=POST path=/v1/transcribe}: gigastt_core::inference::engine::file_stream: transcribe complete (streaming windows) audio_s=1.11 wall_s=0.16 rtf=0.144
2026-10-01T20:21:44.133416Z  INFO request{request_id=01a0f921-4c45-7549-bde4-73e2bf3fc66b method=POST path=/v1/transcribe}: gigastt_core::inference::audio::wave: Audio (wave): 32000Hz, 1ch (streaming windows)
2026-10-01T20:21:44.227212Z  INFO request{request_id=01a0f921-4bbe-7528-8def-abbc7a6638db method=POST path=/v1/transcribe}: gigastt_core::inference::engine::infer: encoder_inference elapsed_ms=223
2026-10-01T20:21:44.227301Z  INFO request{request_id=01a0f921-4bbe-7528-8def-abbc7a6638db method=POST path=/v1/transcribe}: gigastt_core::inference::engine::file_stream: transcribe complete (streaming windows) audio_s=1.95 wall_s=0.23 rtf=0.117
2026-10-01T20:21:44.241291Z  INFO request{request_id=01a0f921-4cb1-7190-b589-63e3f5fe9579 method=POST path=/v1/transcribe}: gigastt_core::inference::audio::wave: Audio (wave): 32000Hz, 1ch (streaming windows)
2026-10-01T20:21:44.340576Z  INFO request{request_id=01a0f921-4c45-7549-bde4-73e2bf3fc66b method=POST path=/v1/transcribe}: gigastt_core::inference::engine::infer: encoder_inference elapsed_ms=202
2026-10-01T20:21:44.340654Z  INFO request{request_id=01a0f921-4c45-7549-bde4-73e2bf3fc66b method=POST path=/v1/transcribe}: gigastt_core::inference::engine::file_stream: transcribe complete (streaming windows) audio_s=1.69 wall_s=0.21 rtf=0.123
2026-10-01T20:21:44.343765Z  INFO request{request_id=01a0f921-4d17-74ff-bf19-c6e9ec8027df method=POST path=/v1/transcribe}: gigastt_core::inference::audio::wave: Audio (wave): 32000Hz, 1ch (streaming windows)
2026-10-01T20:21:44.522184Z  INFO request{request_id=01a0f921-4cb1-7190-b589-63e3f5fe9579 method=POST path=/v1/transcribe}: gigastt_core::inference::engine::infer: encoder_inference elapsed_ms=277
2026-10-01T20:21:44.522273Z  INFO request{request_id=01a0f921-4cb1-7190-b589-63e3f5fe9579 method=POST path=/v1/transcribe}: gigastt_core::inference::engine::file_stream: transcribe complete (streaming windows) audio_s=2.19 wall_s=0.28 rtf=0.128
2026-10-01T20:21:44.526035Z  INFO request{request_id=01a0f921-4dcd-7206-b15f-a501836c69ee method=POST path=/v1/transcribe}: gigastt_core::inference::audio::wave: Audio (wave): 32000Hz, 1ch (streaming windows)
2026-10-01T20:21:44.580061Z  INFO request{request_id=01a0f921-4d17-74ff-bf19-c6e9ec8027df method=POST path=/v1/transcribe}: gigastt_core::inference::engine::infer: encoder_inference elapsed_ms=232
2026-10-01T20:21:44.580145Z  INFO request{request_id=01a0f921-4d17-74ff-bf19-c6e9ec8027df method=POST path=/v1/transcribe}: gigastt_core::inference::engine::file_stream: transcribe complete (streaming windows) audio_s=1.94 wall_s=0.24 rtf=0.122
2026-10-01T20:21:44.582786Z  INFO request{request_id=01a0f921-4e06-715c-8bf0-709e7dfa31a5 method=POST path=/v1/transcribe}: gigastt_core::inference::audio::wave: Audio (wave): 32000Hz, 1ch (streaming windows)
2026-10-01T20:21:44.714926Z  INFO request{request_id=01a0f921-4e06-715c-8bf0-709e7dfa31a5 method=POST path=/v1/transcribe}: gigastt_core::inference::engine::infer: encoder_inference elapsed_ms=129
2026-10-01T20:21:44.714986Z  INFO request{request_id=01a0f921-4e06-715c-8bf0-709e7dfa31a5 method=POST path=/v1/transcribe}: gigastt_core::inference::engine::file_stream: transcribe complete (streaming windows) audio_s=1.04 wall_s=0.13 rtf=0.127
2026-10-01T20:21:44.720411Z  INFO request{request_id=01a0f921-4e90-73a6-99af-a2e134faa595 method=POST path=/v1/transcribe}: gigastt_core::inference::audio::wave: Audio (wave): 32000Hz, 1ch (streaming windows)
2026-10-01T20:21:44.785934Z  INFO request{request_id=01a0f921-4dcd-7206-b15f-a501836c69ee method=POST path=/v1/transcribe}: gigastt_core::inference::engine::infer: encoder_inference elapsed_ms=256
2026-10-01T20:21:44.786027Z  INFO request{request_id=01a0f921-4dcd-7206-b15f-a501836c69ee method=POST path=/v1/transcribe}: gigastt_core::inference::engine::file_stream: transcribe complete (streaming windows) audio_s=2.17 wall_s=0.26 rtf=0.120
2026-10-01T20:21:44.788817Z  INFO request{request_id=01a0f921-4ed4-739b-8498-1d46228acbce method=POST path=/v1/transcribe}: gigastt_core::inference::audio::wave: Audio (wave): 32000Hz, 1ch (streaming windows)
2026-10-01T20:21:44.917788Z  INFO request{request_id=01a0f921-4e90-73a6-99af-a2e134faa595 method=POST path=/v1/transcribe}: gigastt_core::inference::engine::infer: encoder_inference elapsed_ms=194
2026-10-01T20:21:44.917860Z  INFO request{request_id=01a0f921-4e90-73a6-99af-a2e134faa595 method=POST path=/v1/transcribe}: gigastt_core::inference::engine::file_stream: transcribe complete (streaming windows) audio_s=1.69 wall_s=0.20 rtf=0.117
2026-10-01T20:21:44.923377Z  INFO request{request_id=01a0f921-4f5b-727f-8133-9af4e807b4c3 method=POST path=/v1/transcribe}: gigastt_core::inference::audio::wave: Audio (wave): 32000Hz, 1ch (streaming windows)
2026-10-01T20:21:44.964963Z  INFO request{request_id=01a0f921-4ed4-739b-8498-1d46228acbce method=POST path=/v1/transcribe}: gigastt_core::inference::engine::infer: encoder_inference elapsed_ms=173
2026-10-01T20:21:44.965043Z  INFO request{request_id=01a0f921-4ed4-739b-8498-1d46228acbce method=POST path=/v1/transcribe}: gigastt_core::inference::engine::file_stream: transcribe complete (streaming windows) audio_s=1.39 wall_s=0.18 rtf=0.127
2026-10-01T20:21:44.967853Z  INFO request{request_id=01a0f921-4f87-77e2-a021-ef2a3d1416ac method=POST path=/v1/transcribe}: gigastt_core::inference::audio::wave: Audio (wave): 32000Hz, 1ch (streaming windows)
2026-10-01T20:21:45.051453Z  INFO request{request_id=01a0f921-4f5b-727f-8133-9af4e807b4c3 method=POST path=/v1/transcribe}: gigastt_core::inference::engine::infer: encoder_inference elapsed_ms=124
2026-10-01T20:21:45.051517Z  INFO request{request_id=01a0f921-4f5b-727f-8133-9af4e807b4c3 method=POST path=/v1/transcribe}: gigastt_core::inference::engine::file_stream: transcribe complete (streaming windows) audio_s=1.25 wall_s=0.13 rtf=0.102
2026-10-01T20:21:45.054064Z  INFO request{request_id=01a0f921-4fdd-70b6-b80d-5456972f76ff method=POST path=/v1/transcribe}: gigastt_core::inference::audio::wave: Audio (wave): 32000Hz, 1ch (streaming windows)
2026-10-01T20:21:45.236499Z  INFO request{request_id=01a0f921-4f87-77e2-a021-ef2a3d1416ac method=POST path=/v1/transcribe}: gigastt_core::inference::engine::infer: encoder_inference elapsed_ms=262
2026-10-01T20:21:45.236607Z  INFO request{request_id=01a0f921-4f87-77e2-a021-ef2a3d1416ac method=POST path=/v1/transcribe}: gigastt_core::inference::engine::file_stream: transcribe complete (streaming windows) audio_s=2.25 wall_s=0.27 rtf=0.119
2026-10-01T20:21:45.242027Z  INFO request{request_id=01a0f921-5099-71d5-9cda-d16fbbd5d3f7 method=POST path=/v1/transcribe}: gigastt_core::inference::audio::wave: Audio (wave): 32000Hz, 1ch (streaming windows)
2026-10-01T20:21:45.332003Z  INFO request{request_id=01a0f921-4fdd-70b6-b80d-5456972f76ff method=POST path=/v1/transcribe}: gigastt_core::inference::engine::infer: encoder_inference elapsed_ms=273
2026-10-01T20:21:45.332086Z  INFO request{request_id=01a0f921-4fdd-70b6-b80d-5456972f76ff method=POST path=/v1/transcribe}: gigastt_core::inference::engine::file_stream: transcribe complete (streaming windows) audio_s=2.43 wall_s=0.28 rtf=0.114
2026-10-01T20:21:45.335223Z  INFO request{request_id=01a0f921-50f7-739c-bb89-f9dc4d3a10b6 method=POST path=/v1/transcribe}: gigastt_core::inference::audio::wave: Audio (wave): 32000Hz, 1ch (streaming windows)
2026-10-01T20:21:45.482690Z  INFO request{request_id=01a0f921-50f7-739c-bb89-f9dc4d3a10b6 method=POST path=/v1/transcribe}: gigastt_core::inference::engine::infer: encoder_inference elapsed_ms=143
2026-10-01T20:21:45.482755Z  INFO request{request_id=01a0f921-50f7-739c-bb89-f9dc4d3a10b6 method=POST path=/v1/transcribe}: gigastt_core::inference::engine::file_stream: transcribe complete (streaming windows) audio_s=1.25 wall_s=0.15 rtf=0.118
2026-10-01T20:21:45.493848Z  INFO request{request_id=01a0f921-5099-71d5-9cda-d16fbbd5d3f7 method=POST path=/v1/transcribe}: gigastt_core::inference::engine::infer: encoder_inference elapsed_ms=246
2026-10-01T20:21:45.493918Z  INFO request{request_id=01a0f921-5099-71d5-9cda-d16fbbd5d3f7 method=POST path=/v1/transcribe}: gigastt_core::inference::engine::file_stream: transcribe complete (streaming windows) audio_s=2.14 wall_s=0.25 rtf=0.118
2026-10-01T20:21:45.495726Z  INFO request{request_id=01a0f921-5197-7412-8b88-3199bec4891c method=POST path=/v1/transcribe}: gigastt_core::inference::audio::wave: Audio (wave): 32000Hz, 1ch (streaming windows)
2026-10-01T20:21:45.496975Z  INFO request{request_id=01a0f921-5198-7625-b66e-0c0a90562e53 method=POST path=/v1/transcribe}: gigastt_core::inference::audio::wave: Audio (wave): 32000Hz, 1ch (streaming windows)
2026-10-01T20:21:45.655498Z  INFO request{request_id=01a0f921-5197-7412-8b88-3199bec4891c method=POST path=/v1/transcribe}: gigastt_core::inference::engine::infer: encoder_inference elapsed_ms=156
2026-10-01T20:21:45.655559Z  INFO request{request_id=01a0f921-5197-7412-8b88-3199bec4891c method=POST path=/v1/transcribe}: gigastt_core::inference::engine::file_stream: transcribe complete (streaming windows) audio_s=1.29 wall_s=0.16 rtf=0.124
2026-10-01T20:21:45.661669Z  INFO request{request_id=01a0f921-523d-7707-973b-8aa455984b45 method=POST path=/v1/transcribe}: gigastt_core::inference::audio::wave: Audio (wave): 32000Hz, 1ch (streaming windows)
2026-10-01T20:21:45.687634Z  INFO request{request_id=01a0f921-5198-7625-b66e-0c0a90562e53 method=POST path=/v1/transcribe}: gigastt_core::inference::engine::infer: encoder_inference elapsed_ms=187
2026-10-01T20:21:45.687707Z  INFO request{request_id=01a0f921-5198-7625-b66e-0c0a90562e53 method=POST path=/v1/transcribe}: gigastt_core::inference::engine::file_stream: transcribe complete (streaming windows) audio_s=1.67 wall_s=0.19 rtf=0.114
2026-10-01T20:21:45.689929Z  INFO request{request_id=01a0f921-5259-758a-bc8b-dae5deb04b91 method=POST path=/v1/transcribe}: gigastt_core::inference::audio::wave: Audio (wave): 32000Hz, 1ch (streaming windows)
2026-10-01T20:21:45.812948Z  INFO request{request_id=01a0f921-5259-758a-bc8b-dae5deb04b91 method=POST path=/v1/transcribe}: gigastt_core::inference::engine::infer: encoder_inference elapsed_ms=120
2026-10-01T20:21:45.813020Z  INFO request{request_id=01a0f921-5259-758a-bc8b-dae5deb04b91 method=POST path=/v1/transcribe}: gigastt_core::inference::engine::file_stream: transcribe complete (streaming windows) audio_s=1.05 wall_s=0.12 rtf=0.117
2026-10-01T20:21:45.815407Z  INFO request{request_id=01a0f921-52d7-72de-b002-db0e0464108c method=POST path=/v1/transcribe}: gigastt_core::inference::audio::wave: Audio (wave): 32000Hz, 1ch (streaming windows)
2026-10-01T20:21:45.914175Z  INFO request{request_id=01a0f921-523d-7707-973b-8aa455984b45 method=POST path=/v1/transcribe}: gigastt_core::inference::engine::infer: encoder_inference elapsed_ms=248
2026-10-01T20:21:45.914247Z  INFO request{request_id=01a0f921-523d-7707-973b-8aa455984b45 method=POST path=/v1/transcribe}: gigastt_core::inference::engine::file_stream: transcribe complete (streaming windows) audio_s=2.25 wall_s=0.25 rtf=0.112
2026-10-01T20:21:45.917123Z  INFO request{request_id=01a0f921-533c-76bc-9094-7ec359c9abd9 method=POST path=/v1/transcribe}: gigastt_core::inference::audio::wave: Audio (wave): 32000Hz, 1ch (streaming windows)
2026-10-01T20:21:46.009834Z  INFO request{request_id=01a0f921-52d7-72de-b002-db0e0464108c method=POST path=/v1/transcribe}: gigastt_core::inference::engine::infer: encoder_inference elapsed_ms=190
2026-10-01T20:21:46.009908Z  INFO request{request_id=01a0f921-52d7-72de-b002-db0e0464108c method=POST path=/v1/transcribe}: gigastt_core::inference::engine::file_stream: transcribe complete (streaming windows) audio_s=1.80 wall_s=0.19 rtf=0.108
2026-10-01T20:21:46.012567Z  INFO request{request_id=01a0f921-539c-718e-be88-fb98277c323e method=POST path=/v1/transcribe}: gigastt_core::inference::audio::wave: Audio (wave): 32000Hz, 1ch (streaming windows)
2026-10-01T20:21:46.089820Z  INFO request{request_id=01a0f921-533c-76bc-9094-7ec359c9abd9 method=POST path=/v1/transcribe}: gigastt_core::inference::engine::infer: encoder_inference elapsed_ms=169
2026-10-01T20:21:46.089899Z  INFO request{request_id=01a0f921-533c-76bc-9094-7ec359c9abd9 method=POST path=/v1/transcribe}: gigastt_core::inference::engine::file_stream: transcribe complete (streaming windows) audio_s=1.24 wall_s=0.17 rtf=0.139
2026-10-01T20:21:46.092492Z  INFO request{request_id=01a0f921-53ec-7297-8278-e64a88fd6d52 method=POST path=/v1/transcribe}: gigastt_core::inference::audio::wave: Audio (wave): 32000Hz, 1ch (streaming windows)
2026-10-01T20:21:46.267396Z  INFO request{request_id=01a0f921-539c-718e-be88-fb98277c323e method=POST path=/v1/transcribe}: gigastt_core::inference::engine::infer: encoder_inference elapsed_ms=251
2026-10-01T20:21:46.267472Z  INFO request{request_id=01a0f921-539c-718e-be88-fb98277c323e method=POST path=/v1/transcribe}: gigastt_core::inference::engine::file_stream: transcribe complete (streaming windows) audio_s=2.37 wall_s=0.25 rtf=0.107
2026-10-01T20:21:46.273630Z  INFO request{request_id=01a0f921-54a1-7159-889b-8ca5319bb31c method=POST path=/v1/transcribe}: gigastt_core::inference::audio::wave: Audio (wave): 32000Hz, 1ch (streaming windows)
2026-10-01T20:21:46.408439Z  INFO request{request_id=01a0f921-53ec-7297-8278-e64a88fd6d52 method=POST path=/v1/transcribe}: gigastt_core::inference::engine::infer: encoder_inference elapsed_ms=311
2026-10-01T20:21:46.408536Z  INFO request{request_id=01a0f921-53ec-7297-8278-e64a88fd6d52 method=POST path=/v1/transcribe}: gigastt_core::inference::engine::file_stream: transcribe complete (streaming windows) audio_s=2.69 wall_s=0.32 rtf=0.118
2026-10-01T20:21:46.414585Z  INFO request{request_id=01a0f921-552e-7259-9898-006580a1f6fe method=POST path=/v1/transcribe}: gigastt_core::inference::audio::wave: Audio (wave): 32000Hz, 1ch (streaming windows)
2026-10-01T20:21:46.467988Z  INFO request{request_id=01a0f921-54a1-7159-889b-8ca5319bb31c method=POST path=/v1/transcribe}: gigastt_core::inference::engine::infer: encoder_inference elapsed_ms=191
2026-10-01T20:21:46.468062Z  INFO request{request_id=01a0f921-54a1-7159-889b-8ca5319bb31c method=POST path=/v1/transcribe}: gigastt_core::inference::engine::file_stream: transcribe complete (streaming windows) audio_s=1.79 wall_s=0.19 rtf=0.109
2026-10-01T20:21:46.470352Z  INFO request{request_id=01a0f921-5566-75d5-ab1f-658d387c34ac method=POST path=/v1/transcribe}: gigastt_core::inference::audio::wave: Audio (wave): 32000Hz, 1ch (streaming windows)
2026-10-01T20:21:46.608367Z  INFO request{request_id=01a0f921-5566-75d5-ab1f-658d387c34ac method=POST path=/v1/transcribe}: gigastt_core::inference::engine::infer: encoder_inference elapsed_ms=135
2026-10-01T20:21:46.608438Z  INFO request{request_id=01a0f921-5566-75d5-ab1f-658d387c34ac method=POST path=/v1/transcribe}: gigastt_core::inference::engine::file_stream: transcribe complete (streaming windows) audio_s=1.09 wall_s=0.14 rtf=0.126
2026-10-01T20:21:46.613935Z  INFO request{request_id=01a0f921-55f5-70e6-a9ad-12e7df6727aa method=POST path=/v1/transcribe}: gigastt_core::inference::audio::wave: Audio (wave): 32000Hz, 1ch (streaming windows)
2026-10-01T20:21:46.631420Z  INFO request{request_id=01a0f921-552e-7259-9898-006580a1f6fe method=POST path=/v1/transcribe}: gigastt_core::inference::engine::infer: encoder_inference elapsed_ms=213
2026-10-01T20:21:46.631502Z  INFO request{request_id=01a0f921-552e-7259-9898-006580a1f6fe method=POST path=/v1/transcribe}: gigastt_core::inference::engine::file_stream: transcribe complete (streaming windows) audio_s=1.75 wall_s=0.22 rtf=0.124
2026-10-01T20:21:46.634118Z  INFO request{request_id=01a0f921-5609-75d8-abde-e1717f7ef451 method=POST path=/v1/transcribe}: gigastt_core::inference::audio::wave: Audio (wave): 32000Hz, 1ch (streaming windows)
2026-10-01T20:21:46.755693Z  INFO request{request_id=01a0f921-55f5-70e6-a9ad-12e7df6727aa method=POST path=/v1/transcribe}: gigastt_core::inference::engine::infer: encoder_inference elapsed_ms=138
2026-10-01T20:21:46.755769Z  INFO request{request_id=01a0f921-55f5-70e6-a9ad-12e7df6727aa method=POST path=/v1/transcribe}: gigastt_core::inference::engine::file_stream: transcribe complete (streaming windows) audio_s=1.05 wall_s=0.14 rtf=0.135
2026-10-01T20:21:46.761085Z  INFO request{request_id=01a0f921-5688-77eb-94b0-2f3054b98196 method=POST path=/v1/transcribe}: gigastt_core::inference::audio::wave: Audio (wave): 32000Hz, 1ch (streaming windows)
2026-10-01T20:21:46.781797Z  INFO request{request_id=01a0f921-5609-75d8-abde-e1717f7ef451 method=POST path=/v1/transcribe}: gigastt_core::inference::engine::infer: encoder_inference elapsed_ms=144
2026-10-01T20:21:46.781864Z  INFO request{request_id=01a0f921-5609-75d8-abde-e1717f7ef451 method=POST path=/v1/transcribe}: gigastt_core::inference::engine::file_stream: transcribe complete (streaming windows) audio_s=1.08 wall_s=0.15 rtf=0.137
2026-10-01T20:21:46.784448Z  INFO request{request_id=01a0f921-56a0-71b1-8830-1a83d0cb9d23 method=POST path=/v1/transcribe}: gigastt_core::inference::audio::wave: Audio (wave): 32000Hz, 1ch (streaming windows)
2026-10-01T20:21:46.908168Z  INFO request{request_id=01a0f921-5688-77eb-94b0-2f3054b98196 method=POST path=/v1/transcribe}: gigastt_core::inference::engine::infer: encoder_inference elapsed_ms=143
2026-10-01T20:21:46.908233Z  INFO request{request_id=01a0f921-5688-77eb-94b0-2f3054b98196 method=POST path=/v1/transcribe}: gigastt_core::inference::engine::file_stream: transcribe complete (streaming windows) audio_s=1.55 wall_s=0.15 rtf=0.095
2026-10-01T20:21:46.911185Z  INFO request{request_id=01a0f921-571f-70c2-a554-b78a15a425ca method=POST path=/v1/transcribe}: gigastt_core::inference::audio::wave: Audio (wave): 32000Hz, 1ch (streaming windows)
2026-10-01T20:21:46.981199Z  INFO request{request_id=01a0f921-56a0-71b1-8830-1a83d0cb9d23 method=POST path=/v1/transcribe}: gigastt_core::inference::engine::infer: encoder_inference elapsed_ms=192
2026-10-01T20:21:46.981275Z  INFO request{request_id=01a0f921-56a0-71b1-8830-1a83d0cb9d23 method=POST path=/v1/transcribe}: gigastt_core::inference::engine::file_stream: transcribe complete (streaming windows) audio_s=1.61 wall_s=0.20 rtf=0.122
2026-10-01T20:21:46.983675Z  INFO request{request_id=01a0f921-5767-709a-9b4e-eac5bd473d53 method=POST path=/v1/transcribe}: gigastt_core::inference::audio::wave: Audio (wave): 32000Hz, 1ch (streaming windows)
2026-10-01T20:21:47.061881Z  INFO request{request_id=01a0f921-571f-70c2-a554-b78a15a425ca method=POST path=/v1/transcribe}: gigastt_core::inference::engine::infer: encoder_inference elapsed_ms=147
2026-10-01T20:21:47.061946Z  INFO request{request_id=01a0f921-571f-70c2-a554-b78a15a425ca method=POST path=/v1/transcribe}: gigastt_core::inference::engine::file_stream: transcribe complete (streaming windows) audio_s=1.20 wall_s=0.15 rtf=0.126
2026-10-01T20:21:47.064390Z  INFO request{request_id=01a0f921-57b8-74a9-893b-2866c8c8802f method=POST path=/v1/transcribe}: gigastt_core::inference::audio::wave: Audio (wave): 32000Hz, 1ch (streaming windows)
2026-10-01T20:21:47.139224Z  INFO request{request_id=01a0f921-5767-709a-9b4e-eac5bd473d53 method=POST path=/v1/transcribe}: gigastt_core::inference::engine::infer: encoder_inference elapsed_ms=152
2026-10-01T20:21:47.139301Z  INFO request{request_id=01a0f921-5767-709a-9b4e-eac5bd473d53 method=POST path=/v1/transcribe}: gigastt_core::inference::engine::file_stream: transcribe complete (streaming windows) audio_s=1.24 wall_s=0.16 rtf=0.125
2026-10-01T20:21:47.141680Z  INFO request{request_id=01a0f921-5805-70dd-bd61-75ade829ae91 method=POST path=/v1/transcribe}: gigastt_core::inference::audio::wave: Audio (wave): 32000Hz, 1ch (streaming windows)
2026-10-01T20:21:47.231297Z  INFO request{request_id=01a0f921-57b8-74a9-893b-2866c8c8802f method=POST path=/v1/transcribe}: gigastt_core::inference::engine::infer: encoder_inference elapsed_ms=162
2026-10-01T20:21:47.231365Z  INFO request{request_id=01a0f921-57b8-74a9-893b-2866c8c8802f method=POST path=/v1/transcribe}: gigastt_core::inference::engine::file_stream: transcribe complete (streaming windows) audio_s=1.23 wall_s=0.17 rtf=0.136
2026-10-01T20:21:47.234068Z  INFO request{request_id=01a0f921-5861-7604-9349-691038860583 method=POST path=/v1/transcribe}: gigastt_core::inference::audio::wave: Audio (wave): 32000Hz, 1ch (streaming windows)
2026-10-01T20:21:47.337874Z  INFO request{request_id=01a0f921-5805-70dd-bd61-75ade829ae91 method=POST path=/v1/transcribe}: gigastt_core::inference::engine::infer: encoder_inference elapsed_ms=191
2026-10-01T20:21:47.337956Z  INFO request{request_id=01a0f921-5805-70dd-bd61-75ade829ae91 method=POST path=/v1/transcribe}: gigastt_core::inference::engine::file_stream: transcribe complete (streaming windows) audio_s=1.86 wall_s=0.20 rtf=0.106
2026-10-01T20:21:47.343095Z  INFO request{request_id=01a0f921-58ce-723b-8410-cbb1c1855fbe method=POST path=/v1/transcribe}: gigastt_core::inference::audio::wave: Audio (wave): 32000Hz, 1ch (streaming windows)
2026-10-01T20:21:47.386567Z  INFO request{request_id=01a0f921-5861-7604-9349-691038860583 method=POST path=/v1/transcribe}: gigastt_core::inference::engine::infer: encoder_inference elapsed_ms=147
2026-10-01T20:21:47.386631Z  INFO request{request_id=01a0f921-5861-7604-9349-691038860583 method=POST path=/v1/transcribe}: gigastt_core::inference::engine::file_stream: transcribe complete (streaming windows) audio_s=1.15 wall_s=0.15 rtf=0.132
2026-10-01T20:21:47.389406Z  INFO request{request_id=01a0f921-58fd-7327-83cf-e73eff61a41a method=POST path=/v1/transcribe}: gigastt_core::inference::audio::wave: Audio (wave): 32000Hz, 1ch (streaming windows)
2026-10-01T20:21:47.547140Z  INFO request{request_id=01a0f921-58ce-723b-8410-cbb1c1855fbe method=POST path=/v1/transcribe}: gigastt_core::inference::engine::infer: encoder_inference elapsed_ms=200
2026-10-01T20:21:47.547218Z  INFO request{request_id=01a0f921-58ce-723b-8410-cbb1c1855fbe method=POST path=/v1/transcribe}: gigastt_core::inference::engine::file_stream: transcribe complete (streaming windows) audio_s=1.77 wall_s=0.20 rtf=0.115
2026-10-01T20:21:47.552842Z  INFO request{request_id=01a0f921-59a0-7166-90de-156e45cd4dec method=POST path=/v1/transcribe}: gigastt_core::inference::audio::wave: Audio (wave): 32000Hz, 1ch (streaming windows)
2026-10-01T20:21:47.589527Z  INFO request{request_id=01a0f921-58fd-7327-83cf-e73eff61a41a method=POST path=/v1/transcribe}: gigastt_core::inference::engine::infer: encoder_inference elapsed_ms=196
2026-10-01T20:21:47.589594Z  INFO request{request_id=01a0f921-58fd-7327-83cf-e73eff61a41a method=POST path=/v1/transcribe}: gigastt_core::inference::engine::file_stream: transcribe complete (streaming windows) audio_s=1.66 wall_s=0.20 rtf=0.121
2026-10-01T20:21:47.592246Z  INFO request{request_id=01a0f921-59c8-7326-9a96-a5533834fd03 method=POST path=/v1/transcribe}: gigastt_core::inference::audio::wave: Audio (wave): 32000Hz, 1ch (streaming windows)
2026-10-01T20:21:47.735301Z  INFO request{request_id=01a0f921-59c8-7326-9a96-a5533834fd03 method=POST path=/v1/transcribe}: gigastt_core::inference::engine::infer: encoder_inference elapsed_ms=139
2026-10-01T20:21:47.735359Z  INFO request{request_id=01a0f921-59c8-7326-9a96-a5533834fd03 method=POST path=/v1/transcribe}: gigastt_core::inference::engine::file_stream: transcribe complete (streaming windows) audio_s=1.17 wall_s=0.14 rtf=0.122
2026-10-01T20:21:47.743037Z  INFO request{request_id=01a0f921-5a5e-76ee-95d5-dbdcfc90ae92 method=POST path=/v1/transcribe}: gigastt_core::inference::audio::wave: Audio (wave): 32000Hz, 1ch (streaming windows)
2026-10-01T20:21:47.868807Z  INFO request{request_id=01a0f921-59a0-7166-90de-156e45cd4dec method=POST path=/v1/transcribe}: gigastt_core::inference::engine::infer: encoder_inference elapsed_ms=311
2026-10-01T20:21:47.868888Z  INFO request{request_id=01a0f921-59a0-7166-90de-156e45cd4dec method=POST path=/v1/transcribe}: gigastt_core::inference::engine::file_stream: transcribe complete (streaming windows) audio_s=2.90 wall_s=0.32 rtf=0.109
2026-10-01T20:21:47.878101Z  INFO request{request_id=01a0f921-5ae5-7350-b0a9-9ab21552e6c9 method=POST path=/v1/transcribe}: gigastt_core::inference::audio::wave: Audio (wave): 32000Hz, 1ch (streaming windows)
2026-10-01T20:21:47.995238Z  INFO request{request_id=01a0f921-5a5e-76ee-95d5-dbdcfc90ae92 method=POST path=/v1/transcribe}: gigastt_core::inference::engine::infer: encoder_inference elapsed_ms=248
2026-10-01T20:21:47.995312Z  INFO request{request_id=01a0f921-5a5e-76ee-95d5-dbdcfc90ae92 method=POST path=/v1/transcribe}: gigastt_core::inference::engine::file_stream: transcribe complete (streaming windows) audio_s=2.23 wall_s=0.25 rtf=0.113
2026-10-01T20:21:48.005520Z  INFO request{request_id=01a0f921-5b65-7381-921a-4ca2fe91b54c method=POST path=/v1/transcribe}: gigastt_core::inference::audio::wave: Audio (wave): 32000Hz, 1ch (streaming windows)
2026-10-01T20:21:48.148630Z  INFO request{request_id=01a0f921-5ae5-7350-b0a9-9ab21552e6c9 method=POST path=/v1/transcribe}: gigastt_core::inference::engine::infer: encoder_inference elapsed_ms=266
2026-10-01T20:21:48.148714Z  INFO request{request_id=01a0f921-5ae5-7350-b0a9-9ab21552e6c9 method=POST path=/v1/transcribe}: gigastt_core::inference::engine::file_stream: transcribe complete (streaming windows) audio_s=2.44 wall_s=0.27 rtf=0.111
2026-10-01T20:21:48.161835Z  INFO request{request_id=01a0f921-5c01-7722-86f1-12c107803f53 method=POST path=/v1/transcribe}: gigastt_core::inference::audio::wave: Audio (wave): 32000Hz, 1ch (streaming windows)
2026-10-01T20:21:48.171511Z  INFO request{request_id=01a0f921-5b65-7381-921a-4ca2fe91b54c method=POST path=/v1/transcribe}: gigastt_core::inference::engine::infer: encoder_inference elapsed_ms=162
2026-10-01T20:21:48.171595Z  INFO request{request_id=01a0f921-5b65-7381-921a-4ca2fe91b54c method=POST path=/v1/transcribe}: gigastt_core::inference::engine::file_stream: transcribe complete (streaming windows) audio_s=1.27 wall_s=0.17 rtf=0.131
2026-10-01T20:21:48.180585Z  INFO request{request_id=01a0f921-5c14-71a0-a152-81b052d15e98 method=POST path=/v1/transcribe}: gigastt_core::inference::audio::wave: Audio (wave): 32000Hz, 1ch (streaming windows)
2026-10-01T20:21:48.336579Z  INFO request{request_id=01a0f921-5c01-7722-86f1-12c107803f53 method=POST path=/v1/transcribe}: gigastt_core::inference::engine::infer: encoder_inference elapsed_ms=170
2026-10-01T20:21:48.336656Z  INFO request{request_id=01a0f921-5c01-7722-86f1-12c107803f53 method=POST path=/v1/transcribe}: gigastt_core::inference::engine::file_stream: transcribe complete (streaming windows) audio_s=1.22 wall_s=0.17 rtf=0.143
2026-10-01T20:21:48.345493Z  INFO request{request_id=01a0f921-5cb9-7330-97e4-5fd84008e9d8 method=POST path=/v1/transcribe}: gigastt_core::inference::audio::wave: Audio (wave): 32000Hz, 1ch (streaming windows)
2026-10-01T20:21:48.353562Z  INFO request{request_id=01a0f921-5c14-71a0-a152-81b052d15e98 method=POST path=/v1/transcribe}: gigastt_core::inference::engine::infer: encoder_inference elapsed_ms=168
2026-10-01T20:21:48.353628Z  INFO request{request_id=01a0f921-5c14-71a0-a152-81b052d15e98 method=POST path=/v1/transcribe}: gigastt_core::inference::engine::file_stream: transcribe complete (streaming windows) audio_s=1.29 wall_s=0.17 rtf=0.134
2026-10-01T20:21:48.361732Z  INFO request{request_id=01a0f921-5cc9-7592-a267-7af55e7366f8 method=POST path=/v1/transcribe}: gigastt_core::inference::audio::wave: Audio (wave): 32000Hz, 1ch (streaming windows)
2026-10-01T20:21:48.492182Z  INFO request{request_id=01a0f921-5cb9-7330-97e4-5fd84008e9d8 method=POST path=/v1/transcribe}: gigastt_core::inference::engine::infer: encoder_inference elapsed_ms=143
2026-10-01T20:21:48.492260Z  INFO request{request_id=01a0f921-5cb9-7330-97e4-5fd84008e9d8 method=POST path=/v1/transcribe}: gigastt_core::inference::engine::file_stream: transcribe complete (streaming windows) audio_s=1.05 wall_s=0.15 rtf=0.140
2026-10-01T20:21:48.504269Z  INFO request{request_id=01a0f921-5d58-77b3-8424-1e6ab4c4bf14 method=POST path=/v1/transcribe}: gigastt_core::inference::audio::wave: Audio (wave): 32000Hz, 1ch (streaming windows)
2026-10-01T20:21:48.537515Z  INFO request{request_id=01a0f921-5cc9-7592-a267-7af55e7366f8 method=POST path=/v1/transcribe}: gigastt_core::inference::engine::infer: encoder_inference elapsed_ms=172
2026-10-01T20:21:48.537595Z  INFO request{request_id=01a0f921-5cc9-7592-a267-7af55e7366f8 method=POST path=/v1/transcribe}: gigastt_core::inference::engine::file_stream: transcribe complete (streaming windows) audio_s=1.33 wall_s=0.18 rtf=0.132
2026-10-01T20:21:48.547631Z  INFO request{request_id=01a0f921-5d83-741e-80ae-852817af2576 method=POST path=/v1/transcribe}: gigastt_core::inference::audio::wave: Audio (wave): 32000Hz, 1ch (streaming windows)
2026-10-01T20:21:48.685467Z  INFO request{request_id=01a0f921-5d83-741e-80ae-852817af2576 method=POST path=/v1/transcribe}: gigastt_core::inference::engine::infer: encoder_inference elapsed_ms=134
2026-10-01T20:21:48.685557Z  INFO request{request_id=01a0f921-5d83-741e-80ae-852817af2576 method=POST path=/v1/transcribe}: gigastt_core::inference::engine::file_stream: transcribe complete (streaming windows) audio_s=1.14 wall_s=0.14 rtf=0.121
2026-10-01T20:21:48.694197Z  INFO request{request_id=01a0f921-5e16-7624-9c21-8f7702ca918c method=POST path=/v1/transcribe}: gigastt_core::inference::audio::wave: Audio (wave): 32000Hz, 1ch (streaming windows)
2026-10-01T20:21:48.822622Z  INFO request{request_id=01a0f921-5e16-7624-9c21-8f7702ca918c method=POST path=/v1/transcribe}: gigastt_core::inference::engine::infer: encoder_inference elapsed_ms=125
2026-10-01T20:21:48.822681Z  INFO request{request_id=01a0f921-5e16-7624-9c21-8f7702ca918c method=POST path=/v1/transcribe}: gigastt_core::inference::engine::file_stream: transcribe complete (streaming windows) audio_s=1.23 wall_s=0.13 rtf=0.104
2026-10-01T20:21:48.833154Z  INFO request{request_id=01a0f921-5ea1-7758-ba7e-ca764783cd4b method=POST path=/v1/transcribe}: gigastt_core::inference::audio::wave: Audio (wave): 32000Hz, 1ch (streaming windows)
2026-10-01T20:21:48.866535Z  INFO request{request_id=01a0f921-5d58-77b3-8424-1e6ab4c4bf14 method=POST path=/v1/transcribe}: gigastt_core::inference::engine::infer: encoder_inference elapsed_ms=356
2026-10-01T20:21:48.866629Z  INFO request{request_id=01a0f921-5d58-77b3-8424-1e6ab4c4bf14 method=POST path=/v1/transcribe}: gigastt_core::inference::engine::file_stream: transcribe complete (streaming windows) audio_s=3.48 wall_s=0.36 rtf=0.104
2026-10-01T20:21:48.874593Z  INFO request{request_id=01a0f921-5eca-750c-a9e7-2d4fface3ba3 method=POST path=/v1/transcribe}: gigastt_core::inference::audio::wave: Audio (wave): 32000Hz, 1ch (streaming windows)
2026-10-01T20:21:48.986836Z  INFO request{request_id=01a0f921-5ea1-7758-ba7e-ca764783cd4b method=POST path=/v1/transcribe}: gigastt_core::inference::engine::infer: encoder_inference elapsed_ms=148
2026-10-01T20:21:48.986909Z  INFO request{request_id=01a0f921-5ea1-7758-ba7e-ca764783cd4b method=POST path=/v1/transcribe}: gigastt_core::inference::engine::file_stream: transcribe complete (streaming windows) audio_s=1.18 wall_s=0.15 rtf=0.130
2026-10-01T20:21:48.993136Z  INFO request{request_id=01a0f921-5f41-7460-858a-eb6f2cd6c47b method=POST path=/v1/transcribe}: gigastt_core::inference::audio::wave: Audio (wave): 32000Hz, 1ch (streaming windows)
2026-10-01T20:21:49.035789Z  INFO request{request_id=01a0f921-5eca-750c-a9e7-2d4fface3ba3 method=POST path=/v1/transcribe}: gigastt_core::inference::engine::infer: encoder_inference elapsed_ms=157
2026-10-01T20:21:49.035854Z  INFO request{request_id=01a0f921-5eca-750c-a9e7-2d4fface3ba3 method=POST path=/v1/transcribe}: gigastt_core::inference::engine::file_stream: transcribe complete (streaming windows) audio_s=1.26 wall_s=0.16 rtf=0.128
2026-10-01T20:21:49.049427Z  INFO request{request_id=01a0f921-5f79-7021-8d62-daa2b3af3cf2 method=POST path=/v1/transcribe}: gigastt_core::inference::audio::wave: Audio (wave): 32000Hz, 1ch (streaming windows)
2026-10-01T20:21:49.165289Z  INFO request{request_id=01a0f921-5f41-7460-858a-eb6f2cd6c47b method=POST path=/v1/transcribe}: gigastt_core::inference::engine::infer: encoder_inference elapsed_ms=167
2026-10-01T20:21:49.165361Z  INFO request{request_id=01a0f921-5f41-7460-858a-eb6f2cd6c47b method=POST path=/v1/transcribe}: gigastt_core::inference::engine::file_stream: transcribe complete (streaming windows) audio_s=1.33 wall_s=0.17 rtf=0.129
2026-10-01T20:21:49.171441Z  INFO request{request_id=01a0f921-5ff3-7117-a5e7-bf1074b6d324 method=POST path=/v1/transcribe}: gigastt_core::inference::audio::wave: Audio (wave): 32000Hz, 1ch (streaming windows)
2026-10-01T20:21:49.239212Z  INFO request{request_id=01a0f921-5f79-7021-8d62-daa2b3af3cf2 method=POST path=/v1/transcribe}: gigastt_core::inference::engine::infer: encoder_inference elapsed_ms=186
2026-10-01T20:21:49.239285Z  INFO request{request_id=01a0f921-5f79-7021-8d62-daa2b3af3cf2 method=POST path=/v1/transcribe}: gigastt_core::inference::engine::file_stream: transcribe complete (streaming windows) audio_s=1.86 wall_s=0.19 rtf=0.102
2026-10-01T20:21:49.246874Z  INFO request{request_id=01a0f921-603e-7487-872a-f29d9f6823c0 method=POST path=/v1/transcribe}: gigastt_core::inference::audio::wave: Audio (wave): 32000Hz, 1ch (streaming windows)
2026-10-01T20:21:49.373714Z  INFO request{request_id=01a0f921-5ff3-7117-a5e7-bf1074b6d324 method=POST path=/v1/transcribe}: gigastt_core::inference::engine::infer: encoder_inference elapsed_ms=197
2026-10-01T20:21:49.373784Z  INFO request{request_id=01a0f921-5ff3-7117-a5e7-bf1074b6d324 method=POST path=/v1/transcribe}: gigastt_core::inference::engine::file_stream: transcribe complete (streaming windows) audio_s=1.68 wall_s=0.20 rtf=0.120
2026-10-01T20:21:49.382388Z  INFO request{request_id=01a0f921-60c6-7093-9920-d85eecc6399d method=POST path=/v1/transcribe}: gigastt_core::inference::audio::wave: Audio (wave): 32000Hz, 1ch (streaming windows)
2026-10-01T20:21:49.394173Z  INFO request{request_id=01a0f921-603e-7487-872a-f29d9f6823c0 method=POST path=/v1/transcribe}: gigastt_core::inference::engine::infer: encoder_inference elapsed_ms=144
2026-10-01T20:21:49.394246Z  INFO request{request_id=01a0f921-603e-7487-872a-f29d9f6823c0 method=POST path=/v1/transcribe}: gigastt_core::inference::engine::file_stream: transcribe complete (streaming windows) audio_s=1.07 wall_s=0.15 rtf=0.138
2026-10-01T20:21:49.406560Z  INFO request{request_id=01a0f921-60de-70a0-b221-7277633da5b5 method=POST path=/v1/transcribe}: gigastt_core::inference::audio::wave: Audio (wave): 32000Hz, 1ch (streaming windows)
2026-10-01T20:21:49.544565Z  INFO request{request_id=01a0f921-60de-70a0-b221-7277633da5b5 method=POST path=/v1/transcribe}: gigastt_core::inference::engine::infer: encoder_inference elapsed_ms=135
2026-10-01T20:21:49.544635Z  INFO request{request_id=01a0f921-60de-70a0-b221-7277633da5b5 method=POST path=/v1/transcribe}: gigastt_core::inference::engine::file_stream: transcribe complete (streaming windows) audio_s=1.08 wall_s=0.14 rtf=0.128
2026-10-01T20:21:49.549996Z  INFO request{request_id=01a0f921-616d-7552-8f67-1e9beecb5eac method=POST path=/v1/transcribe}: gigastt_core::inference::audio::wave: Audio (wave): 32000Hz, 1ch (streaming windows)
2026-10-01T20:21:49.601476Z  INFO request{request_id=01a0f921-60c6-7093-9920-d85eecc6399d method=POST path=/v1/transcribe}: gigastt_core::inference::engine::infer: encoder_inference elapsed_ms=214
2026-10-01T20:21:49.601554Z  INFO request{request_id=01a0f921-60c6-7093-9920-d85eecc6399d method=POST path=/v1/transcribe}: gigastt_core::inference::engine::file_stream: transcribe complete (streaming windows) audio_s=1.85 wall_s=0.22 rtf=0.119
2026-10-01T20:21:49.613346Z  INFO request{request_id=01a0f921-61ad-70ed-8501-2c784fc7159a method=POST path=/v1/transcribe}: gigastt_core::inference::audio::wave: Audio (wave): 32000Hz, 1ch (streaming windows)
2026-10-01T20:21:49.757102Z  INFO request{request_id=01a0f921-616d-7552-8f67-1e9beecb5eac method=POST path=/v1/transcribe}: gigastt_core::inference::engine::infer: encoder_inference elapsed_ms=202
2026-10-01T20:21:49.757416Z  INFO request{request_id=01a0f921-616d-7552-8f67-1e9beecb5eac method=POST path=/v1/transcribe}: gigastt_core::inference::engine::file_stream: transcribe complete (streaming windows) audio_s=1.84 wall_s=0.21 rtf=0.113
2026-10-01T20:21:49.768176Z  INFO request{request_id=01a0f921-6248-708f-ad1c-67b8d2f54e97 method=POST path=/v1/transcribe}: gigastt_core::inference::audio::wave: Audio (wave): 32000Hz, 1ch (streaming windows)
2026-10-01T20:21:49.771064Z  INFO request{request_id=01a0f921-61ad-70ed-8501-2c784fc7159a method=POST path=/v1/transcribe}: gigastt_core::inference::engine::infer: encoder_inference elapsed_ms=153
2026-10-01T20:21:49.771113Z  INFO request{request_id=01a0f921-61ad-70ed-8501-2c784fc7159a method=POST path=/v1/transcribe}: gigastt_core::inference::engine::file_stream: transcribe complete (streaming windows) audio_s=1.32 wall_s=0.16 rtf=0.119
2026-10-01T20:21:49.774577Z  INFO request{request_id=01a0f921-624e-719d-808d-35bc0bfdb9c7 method=POST path=/v1/transcribe}: gigastt_core::inference::audio::wave: Audio (wave): 48000Hz, 1ch (streaming windows)
2026-10-01T20:21:49.962596Z  INFO request{request_id=01a0f921-624e-719d-808d-35bc0bfdb9c7 method=POST path=/v1/transcribe}: gigastt_core::inference::engine::infer: encoder_inference elapsed_ms=183
2026-10-01T20:21:49.962675Z  INFO request{request_id=01a0f921-624e-719d-808d-35bc0bfdb9c7 method=POST path=/v1/transcribe}: gigastt_core::inference::engine::file_stream: transcribe complete (streaming windows) audio_s=1.67 wall_s=0.19 rtf=0.113
2026-10-01T20:21:49.968594Z  INFO request{request_id=01a0f921-6310-7337-a760-473032b1166f method=POST path=/v1/transcribe}: gigastt_core::inference::audio::wave: Audio (wave): 48000Hz, 1ch (streaming windows)
2026-10-01T20:21:49.990675Z  INFO request{request_id=01a0f921-6248-708f-ad1c-67b8d2f54e97 method=POST path=/v1/transcribe}: gigastt_core::inference::engine::infer: encoder_inference elapsed_ms=218
2026-10-01T20:21:49.990769Z  INFO request{request_id=01a0f921-6248-708f-ad1c-67b8d2f54e97 method=POST path=/v1/transcribe}: gigastt_core::inference::engine::file_stream: transcribe complete (streaming windows) audio_s=1.91 wall_s=0.22 rtf=0.116
2026-10-01T20:21:50.000413Z  INFO request{request_id=01a0f921-6330-7507-9f93-d78c8a1d72fa method=POST path=/v1/transcribe}: gigastt_core::inference::audio::wave: Audio (wave): 48000Hz, 1ch (streaming windows)
2026-10-01T20:21:50.126115Z  INFO request{request_id=01a0f921-6310-7337-a760-473032b1166f method=POST path=/v1/transcribe}: gigastt_core::inference::engine::infer: encoder_inference elapsed_ms=152
2026-10-01T20:21:50.126189Z  INFO request{request_id=01a0f921-6310-7337-a760-473032b1166f method=POST path=/v1/transcribe}: gigastt_core::inference::engine::file_stream: transcribe complete (streaming windows) audio_s=1.19 wall_s=0.16 rtf=0.133
2026-10-01T20:21:50.131265Z  INFO request{request_id=01a0f921-63b3-73ee-8fe1-e78f576276d0 method=POST path=/v1/transcribe}: gigastt_core::inference::audio::wave: Audio (wave): 48000Hz, 1ch (streaming windows)
2026-10-01T20:21:50.149469Z  INFO request{request_id=01a0f921-6330-7507-9f93-d78c8a1d72fa method=POST path=/v1/transcribe}: gigastt_core::inference::engine::infer: encoder_inference elapsed_ms=145
2026-10-01T20:21:50.149540Z  INFO request{request_id=01a0f921-6330-7507-9f93-d78c8a1d72fa method=POST path=/v1/transcribe}: gigastt_core::inference::engine::file_stream: transcribe complete (streaming windows) audio_s=1.18 wall_s=0.15 rtf=0.126
2026-10-01T20:21:50.159573Z  INFO request{request_id=01a0f921-63cf-73f1-9c8f-de2876fae39c method=POST path=/v1/transcribe}: gigastt_core::inference::audio::wave: Audio (wave): 48000Hz, 1ch (streaming windows)
2026-10-01T20:21:50.313442Z  INFO request{request_id=01a0f921-63cf-73f1-9c8f-de2876fae39c method=POST path=/v1/transcribe}: gigastt_core::inference::engine::infer: encoder_inference elapsed_ms=149
2026-10-01T20:21:50.313529Z  INFO request{request_id=01a0f921-63cf-73f1-9c8f-de2876fae39c method=POST path=/v1/transcribe}: gigastt_core::inference::engine::file_stream: transcribe complete (streaming windows) audio_s=1.07 wall_s=0.15 rtf=0.143
2026-10-01T20:21:50.332310Z  INFO request{request_id=01a0f921-647c-77c4-9aa0-a716adb78c61 method=POST path=/v1/transcribe}: gigastt_core::inference::audio::wave: Audio (wave): 48000Hz, 1ch (streaming windows)
2026-10-01T20:21:50.358590Z  INFO request{request_id=01a0f921-63b3-73ee-8fe1-e78f576276d0 method=POST path=/v1/transcribe}: gigastt_core::inference::engine::infer: encoder_inference elapsed_ms=223
2026-10-01T20:21:50.358664Z  INFO request{request_id=01a0f921-63b3-73ee-8fe1-e78f576276d0 method=POST path=/v1/transcribe}: gigastt_core::inference::engine::file_stream: transcribe complete (streaming windows) audio_s=2.06 wall_s=0.23 rtf=0.110
2026-10-01T20:21:50.364584Z  INFO request{request_id=01a0f921-649c-705c-97d5-9f2118b065ca method=POST path=/v1/transcribe}: gigastt_core::inference::audio::wave: Audio (wave): 48000Hz, 1ch (streaming windows)
2026-10-01T20:21:50.499510Z  INFO request{request_id=01a0f921-647c-77c4-9aa0-a716adb78c61 method=POST path=/v1/transcribe}: gigastt_core::inference::engine::infer: encoder_inference elapsed_ms=162
2026-10-01T20:21:50.499620Z  INFO request{request_id=01a0f921-647c-77c4-9aa0-a716adb78c61 method=POST path=/v1/transcribe}: gigastt_core::inference::engine::file_stream: transcribe complete (streaming windows) audio_s=1.37 wall_s=0.17 rtf=0.122
2026-10-01T20:21:50.517264Z  INFO request{request_id=01a0f921-6535-7306-a48a-f1389b209fb7 method=POST path=/v1/transcribe}: gigastt_core::inference::audio::wave: Audio (wave): 48000Hz, 1ch (streaming windows)
2026-10-01T20:21:50.538121Z  INFO request{request_id=01a0f921-649c-705c-97d5-9f2118b065ca method=POST path=/v1/transcribe}: gigastt_core::inference::engine::infer: encoder_inference elapsed_ms=170
2026-10-01T20:21:50.538191Z  INFO request{request_id=01a0f921-649c-705c-97d5-9f2118b065ca method=POST path=/v1/transcribe}: gigastt_core::inference::engine::file_stream: transcribe complete (streaming windows) audio_s=1.37 wall_s=0.17 rtf=0.126
2026-10-01T20:21:50.556769Z  INFO request{request_id=01a0f921-655c-7465-a610-231d63a29b31 method=POST path=/v1/transcribe}: gigastt_core::inference::audio::wave: Audio (wave): 48000Hz, 1ch (streaming windows)
2026-10-01T20:21:50.676269Z  INFO request{request_id=01a0f921-6535-7306-a48a-f1389b209fb7 method=POST path=/v1/transcribe}: gigastt_core::inference::engine::infer: encoder_inference elapsed_ms=155
2026-10-01T20:21:50.676349Z  INFO request{request_id=01a0f921-6535-7306-a48a-f1389b209fb7 method=POST path=/v1/transcribe}: gigastt_core::inference::engine::file_stream: transcribe complete (streaming windows) audio_s=1.18 wall_s=0.16 rtf=0.135
2026-10-01T20:21:50.681935Z  INFO request{request_id=01a0f921-65d9-74d3-be49-c831a994f7d5 method=POST path=/v1/transcribe}: gigastt_core::inference::audio::wave: Audio (wave): 48000Hz, 1ch (streaming windows)
2026-10-01T20:21:50.822470Z  INFO request{request_id=01a0f921-655c-7465-a610-231d63a29b31 method=POST path=/v1/transcribe}: gigastt_core::inference::engine::infer: encoder_inference elapsed_ms=261
2026-10-01T20:21:50.822558Z  INFO request{request_id=01a0f921-655c-7465-a610-231d63a29b31 method=POST path=/v1/transcribe}: gigastt_core::inference::engine::file_stream: transcribe complete (streaming windows) audio_s=2.77 wall_s=0.27 rtf=0.096
2026-10-01T20:21:50.828996Z  INFO request{request_id=01a0f921-666c-75b5-8a6a-1ebc7145b3a8 method=POST path=/v1/transcribe}: gigastt_core::inference::audio::wave: Audio (wave): 48000Hz, 1ch (streaming windows)
2026-10-01T20:21:50.854083Z  INFO request{request_id=01a0f921-65d9-74d3-be49-c831a994f7d5 method=POST path=/v1/transcribe}: gigastt_core::inference::engine::infer: encoder_inference elapsed_ms=167
2026-10-01T20:21:50.854160Z  INFO request{request_id=01a0f921-65d9-74d3-be49-c831a994f7d5 method=POST path=/v1/transcribe}: gigastt_core::inference::engine::file_stream: transcribe complete (streaming windows) audio_s=1.26 wall_s=0.17 rtf=0.137
2026-10-01T20:21:50.857792Z  INFO request{request_id=01a0f921-6689-71b1-b672-121bb23ad5b0 method=POST path=/v1/transcribe}: gigastt_core::inference::audio::wave: Audio (wave): 48000Hz, 1ch (streaming windows)
2026-10-01T20:21:50.988347Z  INFO request{request_id=01a0f921-666c-75b5-8a6a-1ebc7145b3a8 method=POST path=/v1/transcribe}: gigastt_core::inference::engine::infer: encoder_inference elapsed_ms=156
2026-10-01T20:21:50.988423Z  INFO request{request_id=01a0f921-666c-75b5-8a6a-1ebc7145b3a8 method=POST path=/v1/transcribe}: gigastt_core::inference::engine::file_stream: transcribe complete (streaming windows) audio_s=1.23 wall_s=0.16 rtf=0.130
2026-10-01T20:21:50.994365Z  INFO request{request_id=01a0f921-6712-73bd-8992-35f5e462026c method=POST path=/v1/transcribe}: gigastt_core::inference::audio::wave: Audio (wave): 48000Hz, 1ch (streaming windows)
2026-10-01T20:21:50.998744Z  INFO request{request_id=01a0f921-6689-71b1-b672-121bb23ad5b0 method=POST path=/v1/transcribe}: gigastt_core::inference::engine::infer: encoder_inference elapsed_ms=137
2026-10-01T20:21:50.998808Z  INFO request{request_id=01a0f921-6689-71b1-b672-121bb23ad5b0 method=POST path=/v1/transcribe}: gigastt_core::inference::engine::file_stream: transcribe complete (streaming windows) audio_s=1.01 wall_s=0.14 rtf=0.140
2026-10-01T20:21:51.005697Z  INFO request{request_id=01a0f921-671d-71d0-8ce7-0916e6c15bdd method=POST path=/v1/transcribe}: gigastt_core::inference::audio::wave: Audio (wave): 48000Hz, 1ch (streaming windows)
2026-10-01T20:21:51.143507Z  INFO request{request_id=01a0f921-6712-73bd-8992-35f5e462026c method=POST path=/v1/transcribe}: gigastt_core::inference::engine::infer: encoder_inference elapsed_ms=144
2026-10-01T20:21:51.143570Z  INFO request{request_id=01a0f921-6712-73bd-8992-35f5e462026c method=POST path=/v1/transcribe}: gigastt_core::inference::engine::file_stream: transcribe complete (streaming windows) audio_s=1.03 wall_s=0.15 rtf=0.145
2026-10-01T20:21:51.163145Z  INFO request{request_id=01a0f921-67ba-745b-ae65-1a8c77200084 method=POST path=/v1/transcribe}: gigastt_core::inference::audio::wave: Audio (wave): 48000Hz, 1ch (streaming windows)
2026-10-01T20:21:51.164220Z  INFO request{request_id=01a0f921-671d-71d0-8ce7-0916e6c15bdd method=POST path=/v1/transcribe}: gigastt_core::inference::engine::infer: encoder_inference elapsed_ms=155
2026-10-01T20:21:51.164267Z  INFO request{request_id=01a0f921-671d-71d0-8ce7-0916e6c15bdd method=POST path=/v1/transcribe}: gigastt_core::inference::engine::file_stream: transcribe complete (streaming windows) audio_s=1.24 wall_s=0.16 rtf=0.128
2026-10-01T20:21:51.174378Z  INFO request{request_id=01a0f921-67c6-770a-a551-2a9669090922 method=POST path=/v1/transcribe}: gigastt_core::inference::audio::wave: Audio (wave): 48000Hz, 1ch (streaming windows)
2026-10-01T20:21:51.371634Z  INFO request{request_id=01a0f921-67ba-745b-ae65-1a8c77200084 method=POST path=/v1/transcribe}: gigastt_core::inference::engine::infer: encoder_inference elapsed_ms=204
2026-10-01T20:21:51.371715Z  INFO request{request_id=01a0f921-67ba-745b-ae65-1a8c77200084 method=POST path=/v1/transcribe}: gigastt_core::inference::engine::file_stream: transcribe complete (streaming windows) audio_s=1.56 wall_s=0.21 rtf=0.134
2026-10-01T20:21:51.385561Z  INFO request{request_id=01a0f921-6899-7240-896e-5d0b463e5e91 method=POST path=/v1/transcribe}: gigastt_core::inference::audio::wave: Audio (wave): 48000Hz, 1ch (streaming windows)
2026-10-01T20:21:51.468765Z  INFO request{request_id=01a0f921-67c6-770a-a551-2a9669090922 method=POST path=/v1/transcribe}: gigastt_core::inference::engine::infer: encoder_inference elapsed_ms=290
2026-10-01T20:21:51.468846Z  INFO request{request_id=01a0f921-67c6-770a-a551-2a9669090922 method=POST path=/v1/transcribe}: gigastt_core::inference::engine::file_stream: transcribe complete (streaming windows) audio_s=2.81 wall_s=0.29 rtf=0.105
2026-10-01T20:21:51.476603Z  INFO request{request_id=01a0f921-68f4-7330-84c5-be0d00a5c614 method=POST path=/v1/transcribe}: gigastt_core::inference::audio::wave: Audio (wave): 48000Hz, 1ch (streaming windows)
2026-10-01T20:21:51.657585Z  INFO request{request_id=01a0f921-68f4-7330-84c5-be0d00a5c614 method=POST path=/v1/transcribe}: gigastt_core::inference::engine::infer: encoder_inference elapsed_ms=177
2026-10-01T20:21:51.657658Z  INFO request{request_id=01a0f921-68f4-7330-84c5-be0d00a5c614 method=POST path=/v1/transcribe}: gigastt_core::inference::engine::file_stream: transcribe complete (streaming windows) audio_s=1.48 wall_s=0.18 rtf=0.122
2026-10-01T20:21:51.665756Z  INFO request{request_id=01a0f921-69b1-737f-aaec-966015840cbc method=POST path=/v1/transcribe}: gigastt_core::inference::audio::wave: Audio (wave): 48000Hz, 1ch (streaming windows)
2026-10-01T20:21:51.701487Z  INFO request{request_id=01a0f921-6899-7240-896e-5d0b463e5e91 method=POST path=/v1/transcribe}: gigastt_core::inference::engine::infer: encoder_inference elapsed_ms=310
2026-10-01T20:21:51.701598Z  INFO request{request_id=01a0f921-6899-7240-896e-5d0b463e5e91 method=POST path=/v1/transcribe}: gigastt_core::inference::engine::file_stream: transcribe complete (streaming windows) audio_s=2.67 wall_s=0.32 rtf=0.118
2026-10-01T20:21:51.706156Z  INFO request{request_id=01a0f921-69d9-74bd-8d84-26e1b53cf7be method=POST path=/v1/transcribe}: gigastt_core::inference::audio::wave: Audio (wave): 48000Hz, 1ch (streaming windows)
2026-10-01T20:21:51.784896Z  INFO request{request_id=01a0f921-69b1-737f-aaec-966015840cbc method=POST path=/v1/transcribe}: gigastt_core::inference::engine::infer: encoder_inference elapsed_ms=115
2026-10-01T20:21:51.784965Z  INFO request{request_id=01a0f921-69b1-737f-aaec-966015840cbc method=POST path=/v1/transcribe}: gigastt_core::inference::engine::file_stream: transcribe complete (streaming windows) audio_s=1.24 wall_s=0.12 rtf=0.096
2026-10-01T20:21:51.801666Z  INFO request{request_id=01a0f921-6a39-729c-bcbe-b1438379da5a method=POST path=/v1/transcribe}: gigastt_core::inference::audio::wave: Audio (wave): 48000Hz, 1ch (streaming windows)
2026-10-01T20:21:51.882195Z  INFO request{request_id=01a0f921-69d9-74bd-8d84-26e1b53cf7be method=POST path=/v1/transcribe}: gigastt_core::inference::engine::infer: encoder_inference elapsed_ms=171
2026-10-01T20:21:51.882265Z  INFO request{request_id=01a0f921-69d9-74bd-8d84-26e1b53cf7be method=POST path=/v1/transcribe}: gigastt_core::inference::engine::file_stream: transcribe complete (streaming windows) audio_s=1.36 wall_s=0.18 rtf=0.129
2026-10-01T20:21:51.898121Z  INFO request{request_id=01a0f921-6a99-709d-b2b8-6e7332b8ef1c method=POST path=/v1/transcribe}: gigastt_core::inference::audio::wave: Audio (wave): 48000Hz, 1ch (streaming windows)
2026-10-01T20:21:51.977509Z  INFO request{request_id=01a0f921-6a39-729c-bcbe-b1438379da5a method=POST path=/v1/transcribe}: gigastt_core::inference::engine::infer: encoder_inference elapsed_ms=172
2026-10-01T20:21:51.977576Z  INFO request{request_id=01a0f921-6a39-729c-bcbe-b1438379da5a method=POST path=/v1/transcribe}: gigastt_core::inference::engine::file_stream: transcribe complete (streaming windows) audio_s=1.22 wall_s=0.18 rtf=0.144
2026-10-01T20:21:51.980745Z  INFO request{request_id=01a0f921-6aec-76bf-beff-54b1d401cca7 method=POST path=/v1/transcribe}: gigastt_core::inference::audio::wave: Audio (wave): 48000Hz, 1ch (streaming windows)
2026-10-01T20:21:52.129116Z  INFO request{request_id=01a0f921-6a99-709d-b2b8-6e7332b8ef1c method=POST path=/v1/transcribe}: gigastt_core::inference::engine::infer: encoder_inference elapsed_ms=227
2026-10-01T20:21:52.129212Z  INFO request{request_id=01a0f921-6a99-709d-b2b8-6e7332b8ef1c method=POST path=/v1/transcribe}: gigastt_core::inference::engine::file_stream: transcribe complete (streaming windows) audio_s=1.70 wall_s=0.23 rtf=0.136
2026-10-01T20:21:52.132471Z  INFO request{request_id=01a0f921-6b84-7418-9efe-a4e7d6de2993 method=POST path=/v1/transcribe}: gigastt_core::inference::audio::wave: Audio (wave): 48000Hz, 1ch (streaming windows)
2026-10-01T20:21:52.190561Z  INFO request{request_id=01a0f921-6aec-76bf-beff-54b1d401cca7 method=POST path=/v1/transcribe}: gigastt_core::inference::engine::infer: encoder_inference elapsed_ms=206
2026-10-01T20:21:52.190638Z  INFO request{request_id=01a0f921-6aec-76bf-beff-54b1d401cca7 method=POST path=/v1/transcribe}: gigastt_core::inference::engine::file_stream: transcribe complete (streaming windows) audio_s=2.13 wall_s=0.21 rtf=0.099
2026-10-01T20:21:52.193356Z  INFO request{request_id=01a0f921-6bc1-73d3-8b17-fad1db1894a0 method=POST path=/v1/transcribe}: gigastt_core::inference::audio::wave: Audio (wave): 48000Hz, 1ch (streaming windows)
2026-10-01T20:21:52.304466Z  INFO request{request_id=01a0f921-6b84-7418-9efe-a4e7d6de2993 method=POST path=/v1/transcribe}: gigastt_core::inference::engine::infer: encoder_inference elapsed_ms=167
2026-10-01T20:21:52.304545Z  INFO request{request_id=01a0f921-6b84-7418-9efe-a4e7d6de2993 method=POST path=/v1/transcribe}: gigastt_core::inference::engine::file_stream: transcribe complete (streaming windows) audio_s=1.16 wall_s=0.17 rtf=0.148
2026-10-01T20:21:52.325273Z  INFO request{request_id=01a0f921-6bc1-73d3-8b17-fad1db1894a0 method=POST path=/v1/transcribe}: gigastt_core::inference::engine::infer: encoder_inference elapsed_ms=128
2026-10-01T20:21:52.325350Z  INFO request{request_id=01a0f921-6bc1-73d3-8b17-fad1db1894a0 method=POST path=/v1/transcribe}: gigastt_core::inference::engine::file_stream: transcribe complete (streaming windows) audio_s=1.23 wall_s=0.13 rtf=0.107
2026-10-01T20:21:52.327130Z  INFO request{request_id=01a0f921-6c47-7561-a3ab-7f711d18d4f2 method=POST path=/v1/transcribe}: gigastt_core::inference::audio::wave: Audio (wave): 48000Hz, 1ch (streaming windows)
2026-10-01T20:21:52.344703Z  INFO request{request_id=01a0f921-6c58-7762-aeab-7cf183765f3d method=POST path=/v1/transcribe}: gigastt_core::inference::audio::wave: Audio (wave): 48000Hz, 1ch (streaming windows)
2026-10-01T20:21:52.483002Z  INFO request{request_id=01a0f921-6c47-7561-a3ab-7f711d18d4f2 method=POST path=/v1/transcribe}: gigastt_core::inference::engine::infer: encoder_inference elapsed_ms=151
2026-10-01T20:21:52.483073Z  INFO request{request_id=01a0f921-6c47-7561-a3ab-7f711d18d4f2 method=POST path=/v1/transcribe}: gigastt_core::inference::engine::file_stream: transcribe complete (streaming windows) audio_s=1.00 wall_s=0.16 rtf=0.156
2026-10-01T20:21:52.488845Z  INFO request{request_id=01a0f921-6ce8-758a-ad1c-b0acc820b8e4 method=POST path=/v1/transcribe}: gigastt_core::inference::audio::wave: Audio (wave): 48000Hz, 1ch (streaming windows)
2026-10-01T20:21:52.511659Z  INFO request{request_id=01a0f921-6c58-7762-aeab-7cf183765f3d method=POST path=/v1/transcribe}: gigastt_core::inference::engine::infer: encoder_inference elapsed_ms=163
2026-10-01T20:21:52.511720Z  INFO request{request_id=01a0f921-6c58-7762-aeab-7cf183765f3d method=POST path=/v1/transcribe}: gigastt_core::inference::engine::file_stream: transcribe complete (streaming windows) audio_s=1.16 wall_s=0.17 rtf=0.144
2026-10-01T20:21:52.514662Z  INFO request{request_id=01a0f921-6d02-7553-b1c1-32ab14088c08 method=POST path=/v1/transcribe}: gigastt_core::inference::audio::wave: Audio (wave): 48000Hz, 1ch (streaming windows)
2026-10-01T20:21:52.709087Z  INFO request{request_id=01a0f921-6d02-7553-b1c1-32ab14088c08 method=POST path=/v1/transcribe}: gigastt_core::inference::engine::infer: encoder_inference elapsed_ms=189
2026-10-01T20:21:52.709176Z  INFO request{request_id=01a0f921-6d02-7553-b1c1-32ab14088c08 method=POST path=/v1/transcribe}: gigastt_core::inference::engine::file_stream: transcribe complete (streaming windows) audio_s=1.48 wall_s=0.19 rtf=0.131
2026-10-01T20:21:52.711260Z  INFO request{request_id=01a0f921-6ce8-758a-ad1c-b0acc820b8e4 method=POST path=/v1/transcribe}: gigastt_core::inference::engine::infer: encoder_inference elapsed_ms=217
2026-10-01T20:21:52.711332Z  INFO request{request_id=01a0f921-6ce8-758a-ad1c-b0acc820b8e4 method=POST path=/v1/transcribe}: gigastt_core::inference::engine::file_stream: transcribe complete (streaming windows) audio_s=2.09 wall_s=0.22 rtf=0.106
2026-10-01T20:21:52.715416Z  INFO request{request_id=01a0f921-6dcb-70c7-966d-7100f4d2e185 method=POST path=/v1/transcribe}: gigastt_core::inference::audio::wave: Audio (wave): 48000Hz, 1ch (streaming windows)
2026-10-01T20:21:52.716451Z  INFO request{request_id=01a0f921-6dcc-73f8-b83b-c71b0c072b11 method=POST path=/v1/transcribe}: gigastt_core::inference::audio::wave: Audio (wave): 48000Hz, 1ch (streaming windows)
2026-10-01T20:21:52.852859Z  INFO request{request_id=01a0f921-6dcc-73f8-b83b-c71b0c072b11 method=POST path=/v1/transcribe}: gigastt_core::inference::engine::infer: encoder_inference elapsed_ms=133
2026-10-01T20:21:52.852931Z  INFO request{request_id=01a0f921-6dcc-73f8-b83b-c71b0c072b11 method=POST path=/v1/transcribe}: gigastt_core::inference::engine::file_stream: transcribe complete (streaming windows) audio_s=1.06 wall_s=0.14 rtf=0.129
2026-10-01T20:21:52.858499Z  INFO request{request_id=01a0f921-6e5a-7101-a060-b07171b65b87 method=POST path=/v1/transcribe}: gigastt_core::inference::audio::wave: Audio (wave): 48000Hz, 1ch (streaming windows)
2026-10-01T20:21:52.917607Z  INFO request{request_id=01a0f921-6dcb-70c7-966d-7100f4d2e185 method=POST path=/v1/transcribe}: gigastt_core::inference::engine::infer: encoder_inference elapsed_ms=197
2026-10-01T20:21:52.917691Z  INFO request{request_id=01a0f921-6dcb-70c7-966d-7100f4d2e185 method=POST path=/v1/transcribe}: gigastt_core::inference::engine::file_stream: transcribe complete (streaming windows) audio_s=1.46 wall_s=0.20 rtf=0.139
2026-10-01T20:21:52.920609Z  INFO request{request_id=01a0f921-6e98-75e0-aa87-ffbfc73278e9 method=POST path=/v1/transcribe}: gigastt_core::inference::audio::wave: Audio (wave): 48000Hz, 1ch (streaming windows)
2026-10-01T20:21:53.006081Z  INFO request{request_id=01a0f921-6e5a-7101-a060-b07171b65b87 method=POST path=/v1/transcribe}: gigastt_core::inference::engine::infer: encoder_inference elapsed_ms=144
2026-10-01T20:21:53.006145Z  INFO request{request_id=01a0f921-6e5a-7101-a060-b07171b65b87 method=POST path=/v1/transcribe}: gigastt_core::inference::engine::file_stream: transcribe complete (streaming windows) audio_s=1.29 wall_s=0.15 rtf=0.114
2026-10-01T20:21:53.009005Z  INFO request{request_id=01a0f921-6ef0-766a-b310-f79933345d57 method=POST path=/v1/transcribe}: gigastt_core::inference::audio::wave: Audio (wave): 48000Hz, 1ch (streaming windows)
2026-10-01T20:21:53.110765Z  INFO request{request_id=01a0f921-6e98-75e0-aa87-ffbfc73278e9 method=POST path=/v1/transcribe}: gigastt_core::inference::engine::infer: encoder_inference elapsed_ms=185
2026-10-01T20:21:53.110834Z  INFO request{request_id=01a0f921-6e98-75e0-aa87-ffbfc73278e9 method=POST path=/v1/transcribe}: gigastt_core::inference::engine::file_stream: transcribe complete (streaming windows) audio_s=1.71 wall_s=0.19 rtf=0.111
2026-10-01T20:21:53.113826Z  INFO request{request_id=01a0f921-6f59-7099-ad9c-ac867e15de32 method=POST path=/v1/transcribe}: gigastt_core::inference::audio::wave: Audio (wave): 48000Hz, 1ch (streaming windows)
2026-10-01T20:21:53.197519Z  INFO request{request_id=01a0f921-6ef0-766a-b310-f79933345d57 method=POST path=/v1/transcribe}: gigastt_core::inference::engine::infer: encoder_inference elapsed_ms=185
2026-10-01T20:21:53.197584Z  INFO request{request_id=01a0f921-6ef0-766a-b310-f79933345d57 method=POST path=/v1/transcribe}: gigastt_core::inference::engine::file_stream: transcribe complete (streaming windows) audio_s=1.48 wall_s=0.19 rtf=0.127
2026-10-01T20:21:53.200506Z  INFO request{request_id=01a0f921-6fb0-73b6-a840-45b17fd14e50 method=POST path=/v1/transcribe}: gigastt_core::inference::audio::wave: Audio (wave): 48000Hz, 1ch (streaming windows)
2026-10-01T20:21:53.390225Z  INFO request{request_id=01a0f921-6f59-7099-ad9c-ac867e15de32 method=POST path=/v1/transcribe}: gigastt_core::inference::engine::infer: encoder_inference elapsed_ms=272
2026-10-01T20:21:53.390320Z  INFO request{request_id=01a0f921-6f59-7099-ad9c-ac867e15de32 method=POST path=/v1/transcribe}: gigastt_core::inference::engine::file_stream: transcribe complete (streaming windows) audio_s=2.60 wall_s=0.28 rtf=0.106
2026-10-01T20:21:53.393350Z  INFO request{request_id=01a0f921-7071-74a8-9183-5b316c92d00d method=POST path=/v1/transcribe}: gigastt_core::inference::audio::wave: Audio (wave): 48000Hz, 1ch (streaming windows)
2026-10-01T20:21:53.470892Z  INFO request{request_id=01a0f921-6fb0-73b6-a840-45b17fd14e50 method=POST path=/v1/transcribe}: gigastt_core::inference::engine::infer: encoder_inference elapsed_ms=266
2026-10-01T20:21:53.470968Z  INFO request{request_id=01a0f921-6fb0-73b6-a840-45b17fd14e50 method=POST path=/v1/transcribe}: gigastt_core::inference::engine::file_stream: transcribe complete (streaming windows) audio_s=2.45 wall_s=0.27 rtf=0.110
2026-10-01T20:21:53.474099Z  INFO request{request_id=01a0f921-70c1-7553-bf1e-7c3cfa4afc61 method=POST path=/v1/transcribe}: gigastt_core::inference::audio::wave: Audio (wave): 48000Hz, 1ch (streaming windows)
2026-10-01T20:21:53.543305Z  INFO request{request_id=01a0f921-7071-74a8-9183-5b316c92d00d method=POST path=/v1/transcribe}: gigastt_core::inference::engine::infer: encoder_inference elapsed_ms=146
2026-10-01T20:21:53.543372Z  INFO request{request_id=01a0f921-7071-74a8-9183-5b316c92d00d method=POST path=/v1/transcribe}: gigastt_core::inference::engine::file_stream: transcribe complete (streaming windows) audio_s=1.07 wall_s=0.15 rtf=0.140
2026-10-01T20:21:53.545800Z  INFO request{request_id=01a0f921-7109-755e-ab11-0dead67faab5 method=POST path=/v1/transcribe}: gigastt_core::inference::audio::wave: Audio (wave): 48000Hz, 1ch (streaming windows)
2026-10-01T20:21:53.686960Z  INFO request{request_id=01a0f921-7109-755e-ab11-0dead67faab5 method=POST path=/v1/transcribe}: gigastt_core::inference::engine::infer: encoder_inference elapsed_ms=138
2026-10-01T20:21:53.687026Z  INFO request{request_id=01a0f921-7109-755e-ab11-0dead67faab5 method=POST path=/v1/transcribe}: gigastt_core::inference::engine::file_stream: transcribe complete (streaming windows) audio_s=1.13 wall_s=0.14 rtf=0.125
2026-10-01T20:21:53.689835Z  INFO request{request_id=01a0f921-7199-758a-9945-e3fa1b9d65ca method=POST path=/v1/transcribe}: gigastt_core::inference::audio::wave: Audio (wave): 48000Hz, 1ch (streaming windows)
2026-10-01T20:21:53.865338Z  INFO request{request_id=01a0f921-70c1-7553-bf1e-7c3cfa4afc61 method=POST path=/v1/transcribe}: gigastt_core::inference::engine::infer: encoder_inference elapsed_ms=385
2026-10-01T20:21:53.865431Z  INFO request{request_id=01a0f921-70c1-7553-bf1e-7c3cfa4afc61 method=POST path=/v1/transcribe}: gigastt_core::inference::engine::file_stream: transcribe complete (streaming windows) audio_s=3.55 wall_s=0.39 rtf=0.110
2026-10-01T20:21:53.868352Z  INFO request{request_id=01a0f921-724c-74a0-a2ef-4d90916593e4 method=POST path=/v1/transcribe}: gigastt_core::inference::audio::wave: Audio (wave): 48000Hz, 1ch (streaming windows)
2026-10-01T20:21:53.921825Z  INFO request{request_id=01a0f921-7199-758a-9945-e3fa1b9d65ca method=POST path=/v1/transcribe}: gigastt_core::inference::engine::infer: encoder_inference elapsed_ms=228
2026-10-01T20:21:53.921907Z  INFO request{request_id=01a0f921-7199-758a-9945-e3fa1b9d65ca method=POST path=/v1/transcribe}: gigastt_core::inference::engine::file_stream: transcribe complete (streaming windows) audio_s=2.04 wall_s=0.23 rtf=0.113
2026-10-01T20:21:53.925045Z  INFO request{request_id=01a0f921-7284-700a-8d4b-cbe67a24d808 method=POST path=/v1/transcribe}: gigastt_core::inference::audio::wave: Audio (wave): 48000Hz, 1ch (streaming windows)
2026-10-01T20:21:54.015896Z  INFO request{request_id=01a0f921-724c-74a0-a2ef-4d90916593e4 method=POST path=/v1/transcribe}: gigastt_core::inference::engine::infer: encoder_inference elapsed_ms=144
2026-10-01T20:21:54.015959Z  INFO request{request_id=01a0f921-724c-74a0-a2ef-4d90916593e4 method=POST path=/v1/transcribe}: gigastt_core::inference::engine::file_stream: transcribe complete (streaming windows) audio_s=1.11 wall_s=0.15 rtf=0.133
2026-10-01T20:21:54.019180Z  INFO request{request_id=01a0f921-72e3-70c7-81df-defd8100484f method=POST path=/v1/transcribe}: gigastt_core::inference::audio::wave: Audio (wave): 48000Hz, 1ch (streaming windows)
2026-10-01T20:21:54.110582Z  INFO request{request_id=01a0f921-7284-700a-8d4b-cbe67a24d808 method=POST path=/v1/transcribe}: gigastt_core::inference::engine::infer: encoder_inference elapsed_ms=181
2026-10-01T20:21:54.110651Z  INFO request{request_id=01a0f921-7284-700a-8d4b-cbe67a24d808 method=POST path=/v1/transcribe}: gigastt_core::inference::engine::file_stream: transcribe complete (streaming windows) audio_s=1.59 wall_s=0.19 rtf=0.117
2026-10-01T20:21:54.113435Z  INFO request{request_id=01a0f921-7341-73d5-b235-e08fef2545a9 method=POST path=/v1/transcribe}: gigastt_core::inference::audio::wave: Audio (wave): 48000Hz, 1ch (streaming windows)
2026-10-01T20:21:54.211736Z  INFO request{request_id=01a0f921-72e3-70c7-81df-defd8100484f method=POST path=/v1/transcribe}: gigastt_core::inference::engine::infer: encoder_inference elapsed_ms=189
2026-10-01T20:21:54.211801Z  INFO request{request_id=01a0f921-72e3-70c7-81df-defd8100484f method=POST path=/v1/transcribe}: gigastt_core::inference::engine::file_stream: transcribe complete (streaming windows) audio_s=1.74 wall_s=0.19 rtf=0.111
2026-10-01T20:21:54.214744Z  INFO request{request_id=01a0f921-73a6-73d1-956c-8033ae75530e method=POST path=/v1/transcribe}: gigastt_core::inference::audio::wave: Audio (wave): 48000Hz, 1ch (streaming windows)
2026-10-01T20:21:54.267167Z  INFO request{request_id=01a0f921-7341-73d5-b235-e08fef2545a9 method=POST path=/v1/transcribe}: gigastt_core::inference::engine::infer: encoder_inference elapsed_ms=150
2026-10-01T20:21:54.267230Z  INFO request{request_id=01a0f921-7341-73d5-b235-e08fef2545a9 method=POST path=/v1/transcribe}: gigastt_core::inference::engine::file_stream: transcribe complete (streaming windows) audio_s=1.16 wall_s=0.15 rtf=0.133
2026-10-01T20:21:54.270312Z  INFO request{request_id=01a0f921-73dd-7219-ab34-7dea625adb14 method=POST path=/v1/transcribe}: gigastt_core::inference::audio::wave: Audio (wave): 48000Hz, 1ch (streaming windows)
2026-10-01T20:21:54.383432Z  INFO request{request_id=01a0f921-73a6-73d1-956c-8033ae75530e method=POST path=/v1/transcribe}: gigastt_core::inference::engine::infer: encoder_inference elapsed_ms=164
2026-10-01T20:21:54.383499Z  INFO request{request_id=01a0f921-73a6-73d1-956c-8033ae75530e method=POST path=/v1/transcribe}: gigastt_core::inference::engine::file_stream: transcribe complete (streaming windows) audio_s=1.40 wall_s=0.17 rtf=0.121
2026-10-01T20:21:54.389471Z  INFO request{request_id=01a0f921-7455-7322-ae16-bc9fce9fcd59 method=POST path=/v1/transcribe}: gigastt_core::inference::audio::wave: Audio (wave): 48000Hz, 1ch (streaming windows)
2026-10-01T20:21:54.624549Z  INFO request{request_id=01a0f921-7455-7322-ae16-bc9fce9fcd59 method=POST path=/v1/transcribe}: gigastt_core::inference::engine::infer: encoder_inference elapsed_ms=231
2026-10-01T20:21:54.624628Z  INFO request{request_id=01a0f921-7455-7322-ae16-bc9fce9fcd59 method=POST path=/v1/transcribe}: gigastt_core::inference::engine::file_stream: transcribe complete (streaming windows) audio_s=2.14 wall_s=0.24 rtf=0.110
2026-10-01T20:21:54.630537Z  INFO request{request_id=01a0f921-7546-7084-b784-ee23f38be4a1 method=POST path=/v1/transcribe}: gigastt_core::inference::audio::wave: Audio (wave): 48000Hz, 1ch (streaming windows)
2026-10-01T20:21:54.736383Z  INFO request{request_id=01a0f921-73dd-7219-ab34-7dea625adb14 method=POST path=/v1/transcribe}: gigastt_core::inference::engine::infer: encoder_inference elapsed_ms=461
2026-10-01T20:21:54.736481Z  INFO request{request_id=01a0f921-73dd-7219-ab34-7dea625adb14 method=POST path=/v1/transcribe}: gigastt_core::inference::engine::file_stream: transcribe complete (streaming windows) audio_s=4.82 wall_s=0.47 rtf=0.097
2026-10-01T20:21:54.739872Z  INFO request{request_id=01a0f921-75b3-76ff-8276-e82e4f6157ed method=POST path=/v1/transcribe}: gigastt_core::inference::audio::wave: Audio (wave): 48000Hz, 1ch (streaming windows)
2026-10-01T20:21:54.800702Z  INFO request{request_id=01a0f921-7546-7084-b784-ee23f38be4a1 method=POST path=/v1/transcribe}: gigastt_core::inference::engine::infer: encoder_inference elapsed_ms=165
2026-10-01T20:21:54.800771Z  INFO request{request_id=01a0f921-7546-7084-b784-ee23f38be4a1 method=POST path=/v1/transcribe}: gigastt_core::inference::engine::file_stream: transcribe complete (streaming windows) audio_s=1.35 wall_s=0.17 rtf=0.126
2026-10-01T20:21:54.803787Z  INFO request{request_id=01a0f921-75f3-72f1-b33a-8c04d3e37c27 method=POST path=/v1/transcribe}: gigastt_core::inference::audio::wave: Audio (wave): 48000Hz, 1ch (streaming windows)
2026-10-01T20:21:54.905024Z  INFO request{request_id=01a0f921-75b3-76ff-8276-e82e4f6157ed method=POST path=/v1/transcribe}: gigastt_core::inference::engine::infer: encoder_inference elapsed_ms=162
2026-10-01T20:21:54.905094Z  INFO request{request_id=01a0f921-75b3-76ff-8276-e82e4f6157ed method=POST path=/v1/transcribe}: gigastt_core::inference::engine::file_stream: transcribe complete (streaming windows) audio_s=1.33 wall_s=0.17 rtf=0.124
2026-10-01T20:21:54.907774Z  INFO request{request_id=01a0f921-765b-7359-8a3b-4a25ec5d1a9d method=POST path=/v1/transcribe}: gigastt_core::inference::audio::wave: Audio (wave): 48000Hz, 1ch (streaming windows)
2026-10-01T20:21:55.068406Z  INFO request{request_id=01a0f921-75f3-72f1-b33a-8c04d3e37c27 method=POST path=/v1/transcribe}: gigastt_core::inference::engine::infer: encoder_inference elapsed_ms=260
2026-10-01T20:21:55.068488Z  INFO request{request_id=01a0f921-75f3-72f1-b33a-8c04d3e37c27 method=POST path=/v1/transcribe}: gigastt_core::inference::engine::file_stream: transcribe complete (streaming windows) audio_s=2.53 wall_s=0.26 rtf=0.105
2026-10-01T20:21:55.071707Z  INFO request{request_id=01a0f921-76ff-7633-9052-c791d24084f4 method=POST path=/v1/transcribe}: gigastt_core::inference::audio::wave: Audio (wave): 48000Hz, 1ch (streaming windows)
2026-10-01T20:21:55.098752Z  INFO request{request_id=01a0f921-765b-7359-8a3b-4a25ec5d1a9d method=POST path=/v1/transcribe}: gigastt_core::inference::engine::infer: encoder_inference elapsed_ms=187
2026-10-01T20:21:55.098826Z  INFO request{request_id=01a0f921-765b-7359-8a3b-4a25ec5d1a9d method=POST path=/v1/transcribe}: gigastt_core::inference::engine::file_stream: transcribe complete (streaming windows) audio_s=1.57 wall_s=0.19 rtf=0.122
2026-10-01T20:21:55.101644Z  INFO request{request_id=01a0f921-771d-71eb-b3a8-1bf8e3842852 method=POST path=/v1/transcribe}: gigastt_core::inference::audio::wave: Audio (wave): 48000Hz, 1ch (streaming windows)
2026-10-01T20:21:55.235005Z  INFO request{request_id=01a0f921-771d-71eb-b3a8-1bf8e3842852 method=POST path=/v1/transcribe}: gigastt_core::inference::engine::infer: encoder_inference elapsed_ms=130
2026-10-01T20:21:55.235068Z  INFO request{request_id=01a0f921-771d-71eb-b3a8-1bf8e3842852 method=POST path=/v1/transcribe}: gigastt_core::inference::engine::file_stream: transcribe complete (streaming windows) audio_s=1.00 wall_s=0.13 rtf=0.133
2026-10-01T20:21:55.240386Z  INFO request{request_id=01a0f921-77a8-7192-9bab-a3b4232b2f8e method=POST path=/v1/transcribe}: gigastt_core::inference::audio::wave: Audio (wave): 48000Hz, 1ch (streaming windows)
2026-10-01T20:21:55.241730Z  INFO request{request_id=01a0f921-76ff-7633-9052-c791d24084f4 method=POST path=/v1/transcribe}: gigastt_core::inference::engine::infer: encoder_inference elapsed_ms=166
2026-10-01T20:21:55.241773Z  INFO request{request_id=01a0f921-76ff-7633-9052-c791d24084f4 method=POST path=/v1/transcribe}: gigastt_core::inference::engine::file_stream: transcribe complete (streaming windows) audio_s=1.33 wall_s=0.17 rtf=0.128
2026-10-01T20:21:55.243785Z  INFO request{request_id=01a0f921-77ab-73c9-b692-6445ef1daf47 method=POST path=/v1/transcribe}: gigastt_core::inference::audio::wave: Audio (wave): 48000Hz, 1ch (streaming windows)
2026-10-01T20:21:55.374297Z  INFO request{request_id=01a0f921-77a8-7192-9bab-a3b4232b2f8e method=POST path=/v1/transcribe}: gigastt_core::inference::engine::infer: encoder_inference elapsed_ms=131
2026-10-01T20:21:55.374362Z  INFO request{request_id=01a0f921-77a8-7192-9bab-a3b4232b2f8e method=POST path=/v1/transcribe}: gigastt_core::inference::engine::file_stream: transcribe complete (streaming windows) audio_s=1.05 wall_s=0.13 rtf=0.128
2026-10-01T20:21:55.380210Z  INFO request{request_id=01a0f921-7833-72fa-a0be-ffe0143cb942 method=POST path=/v1/transcribe}: gigastt_core::inference::audio::wave: Audio (wave): 48000Hz, 1ch (streaming windows)
2026-10-01T20:21:55.429805Z  INFO request{request_id=01a0f921-77ab-73c9-b692-6445ef1daf47 method=POST path=/v1/transcribe}: gigastt_core::inference::engine::infer: encoder_inference elapsed_ms=182
2026-10-01T20:21:55.429883Z  INFO request{request_id=01a0f921-77ab-73c9-b692-6445ef1daf47 method=POST path=/v1/transcribe}: gigastt_core::inference::engine::file_stream: transcribe complete (streaming windows) audio_s=1.58 wall_s=0.19 rtf=0.118
2026-10-01T20:21:55.432412Z  INFO request{request_id=01a0f921-7868-70ea-8455-caeea34ed087 method=POST path=/v1/transcribe}: gigastt_core::inference::audio::wave: Audio (wave): 48000Hz, 1ch (streaming windows)
2026-10-01T20:21:55.582452Z  INFO request{request_id=01a0f921-7868-70ea-8455-caeea34ed087 method=POST path=/v1/transcribe}: gigastt_core::inference::engine::infer: encoder_inference elapsed_ms=147
2026-10-01T20:21:55.582529Z  INFO request{request_id=01a0f921-7868-70ea-8455-caeea34ed087 method=POST path=/v1/transcribe}: gigastt_core::inference::engine::file_stream: transcribe complete (streaming windows) audio_s=1.11 wall_s=0.15 rtf=0.135
2026-10-01T20:21:55.588267Z  INFO request{request_id=01a0f921-7903-77e0-b576-7eae56273d46 method=POST path=/v1/transcribe}: gigastt_core::inference::audio::wave: Audio (wave): 48000Hz, 1ch (streaming windows)
2026-10-01T20:21:55.649277Z  INFO request{request_id=01a0f921-7833-72fa-a0be-ffe0143cb942 method=POST path=/v1/transcribe}: gigastt_core::inference::engine::infer: encoder_inference elapsed_ms=265
2026-10-01T20:21:55.649363Z  INFO request{request_id=01a0f921-7833-72fa-a0be-ffe0143cb942 method=POST path=/v1/transcribe}: gigastt_core::inference::engine::file_stream: transcribe complete (streaming windows) audio_s=2.68 wall_s=0.27 rtf=0.100
2026-10-01T20:21:55.652478Z  INFO request{request_id=01a0f921-7944-71f4-98a5-3138a85bdd58 method=POST path=/v1/transcribe}: gigastt_core::inference::audio::wave: Audio (wave): 48000Hz, 1ch (streaming windows)
2026-10-01T20:21:55.833200Z  INFO request{request_id=01a0f921-7944-71f4-98a5-3138a85bdd58 method=POST path=/v1/transcribe}: gigastt_core::inference::engine::infer: encoder_inference elapsed_ms=176
2026-10-01T20:21:55.833268Z  INFO request{request_id=01a0f921-7944-71f4-98a5-3138a85bdd58 method=POST path=/v1/transcribe}: gigastt_core::inference::engine::file_stream: transcribe complete (streaming windows) audio_s=1.44 wall_s=0.18 rtf=0.126
2026-10-01T20:21:55.843456Z  INFO request{request_id=01a0f921-7a03-7554-83fb-e233a904512b method=POST path=/v1/transcribe}: gigastt_core::inference::audio::wave: Audio (wave): 48000Hz, 1ch (streaming windows)
2026-10-01T20:21:55.924879Z  INFO request{request_id=01a0f921-7903-77e0-b576-7eae56273d46 method=POST path=/v1/transcribe}: gigastt_core::inference::engine::infer: encoder_inference elapsed_ms=331
2026-10-01T20:21:55.924987Z  INFO request{request_id=01a0f921-7903-77e0-b576-7eae56273d46 method=POST path=/v1/transcribe}: gigastt_core::inference::engine::file_stream: transcribe complete (streaming windows) audio_s=3.00 wall_s=0.34 rtf=0.112
2026-10-01T20:21:55.934193Z  INFO request{request_id=01a0f921-7a5e-74d9-83f1-54fd0fbbf335 method=POST path=/v1/transcribe}: gigastt_core::inference::audio::wave: Audio (wave): 48000Hz, 1ch (streaming windows)
2026-10-01T20:21:56.077627Z  INFO request{request_id=01a0f921-7a5e-74d9-83f1-54fd0fbbf335 method=POST path=/v1/transcribe}: gigastt_core::inference::engine::infer: encoder_inference elapsed_ms=138
2026-10-01T20:21:56.077713Z  INFO request{request_id=01a0f921-7a5e-74d9-83f1-54fd0fbbf335 method=POST path=/v1/transcribe}: gigastt_core::inference::engine::file_stream: transcribe complete (streaming windows) audio_s=1.07 wall_s=0.14 rtf=0.134
2026-10-01T20:21:56.079053Z  INFO request{request_id=01a0f921-7a03-7554-83fb-e233a904512b method=POST path=/v1/transcribe}: gigastt_core::inference::engine::infer: encoder_inference elapsed_ms=230
2026-10-01T20:21:56.079161Z  INFO request{request_id=01a0f921-7a03-7554-83fb-e233a904512b method=POST path=/v1/transcribe}: gigastt_core::inference::engine::file_stream: transcribe complete (streaming windows) audio_s=2.03 wall_s=0.24 rtf=0.116
2026-10-01T20:21:56.094437Z  INFO request{request_id=01a0f921-7afe-75dc-8754-48dfd37036b4 method=POST path=/v1/transcribe}: gigastt_core::inference::audio::wave: Audio (wave): 48000Hz, 1ch (streaming windows)
2026-10-01T20:21:56.098816Z  INFO request{request_id=01a0f921-7b02-7107-bc92-f3006cbf1a46 method=POST path=/v1/transcribe}: gigastt_core::inference::audio::wave: Audio (wave): 48000Hz, 1ch (streaming windows)
2026-10-01T20:21:56.285515Z  INFO request{request_id=01a0f921-7afe-75dc-8754-48dfd37036b4 method=POST path=/v1/transcribe}: gigastt_core::inference::engine::infer: encoder_inference elapsed_ms=187
2026-10-01T20:21:56.285596Z  INFO request{request_id=01a0f921-7afe-75dc-8754-48dfd37036b4 method=POST path=/v1/transcribe}: gigastt_core::inference::engine::file_stream: transcribe complete (streaming windows) audio_s=1.73 wall_s=0.19 rtf=0.111
2026-10-01T20:21:56.291316Z  INFO request{request_id=01a0f921-7b02-7107-bc92-f3006cbf1a46 method=POST path=/v1/transcribe}: gigastt_core::inference::engine::infer: encoder_inference elapsed_ms=189
2026-10-01T20:21:56.291378Z  INFO request{request_id=01a0f921-7b02-7107-bc92-f3006cbf1a46 method=POST path=/v1/transcribe}: gigastt_core::inference::engine::file_stream: transcribe complete (streaming windows) audio_s=1.52 wall_s=0.19 rtf=0.127
2026-10-01T20:21:56.293185Z  INFO request{request_id=01a0f921-7bc5-7266-b2ea-2999df1910dd method=POST path=/v1/transcribe}: gigastt_core::inference::audio::wave: Audio (wave): 48000Hz, 1ch (streaming windows)
2026-10-01T20:21:56.299689Z  INFO request{request_id=01a0f921-7bcb-7749-a685-74e3e2b612ea method=POST path=/v1/transcribe}: gigastt_core::inference::audio::wave: Audio (wave): 48000Hz, 1ch (streaming windows)
2026-10-01T20:21:56.478621Z  INFO request{request_id=01a0f921-7bc5-7266-b2ea-2999df1910dd method=POST path=/v1/transcribe}: gigastt_core::inference::engine::infer: encoder_inference elapsed_ms=182
2026-10-01T20:21:56.478709Z  INFO request{request_id=01a0f921-7bc5-7266-b2ea-2999df1910dd method=POST path=/v1/transcribe}: gigastt_core::inference::engine::file_stream: transcribe complete (streaming windows) audio_s=1.46 wall_s=0.19 rtf=0.127
2026-10-01T20:21:56.487142Z  INFO request{request_id=01a0f921-7c86-727d-9204-a24e9caf9734 method=POST path=/v1/transcribe}: gigastt_core::inference::audio::wave: Audio (wave): 48000Hz, 1ch (streaming windows)
2026-10-01T20:21:56.597780Z  INFO request{request_id=01a0f921-7bcb-7749-a685-74e3e2b612ea method=POST path=/v1/transcribe}: gigastt_core::inference::engine::infer: encoder_inference elapsed_ms=293
2026-10-01T20:21:56.597854Z  INFO request{request_id=01a0f921-7bcb-7749-a685-74e3e2b612ea method=POST path=/v1/transcribe}: gigastt_core::inference::engine::file_stream: transcribe complete (streaming windows) audio_s=2.62 wall_s=0.30 rtf=0.114
2026-10-01T20:21:56.602759Z  INFO request{request_id=01a0f921-7cfa-73a8-be9a-f8611dd28c7b method=POST path=/v1/transcribe}: gigastt_core::inference::audio::wave: Audio (wave): 48000Hz, 1ch (streaming windows)
2026-10-01T20:21:56.670591Z  INFO request{request_id=01a0f921-7c86-727d-9204-a24e9caf9734 method=POST path=/v1/transcribe}: gigastt_core::inference::engine::infer: encoder_inference elapsed_ms=179
2026-10-01T20:21:56.670680Z  INFO request{request_id=01a0f921-7c86-727d-9204-a24e9caf9734 method=POST path=/v1/transcribe}: gigastt_core::inference::engine::file_stream: transcribe complete (streaming windows) audio_s=1.34 wall_s=0.18 rtf=0.137
2026-10-01T20:21:56.684022Z  INFO request{request_id=01a0f921-7d4b-76a0-afcd-4145ac211cf4 method=POST path=/v1/transcribe}: gigastt_core::inference::audio::wave: Audio (wave): 48000Hz, 1ch (streaming windows)
2026-10-01T20:21:56.735718Z  INFO request{request_id=01a0f921-7cfa-73a8-be9a-f8611dd28c7b method=POST path=/v1/transcribe}: gigastt_core::inference::engine::infer: encoder_inference elapsed_ms=130
2026-10-01T20:21:56.735799Z  INFO request{request_id=01a0f921-7cfa-73a8-be9a-f8611dd28c7b method=POST path=/v1/transcribe}: gigastt_core::inference::engine::file_stream: transcribe complete (streaming windows) audio_s=1.12 wall_s=0.13 rtf=0.119
2026-10-01T20:21:56.742705Z  INFO request{request_id=01a0f921-7d86-70e9-8fff-82d9fe750de7 method=POST path=/v1/transcribe}: gigastt_core::inference::audio::wave: Audio (wave): 48000Hz, 1ch (streaming windows)
2026-10-01T20:21:56.833345Z  INFO request{request_id=01a0f921-7d4b-76a0-afcd-4145ac211cf4 method=POST path=/v1/transcribe}: gigastt_core::inference::engine::infer: encoder_inference elapsed_ms=144
2026-10-01T20:21:56.833414Z  INFO request{request_id=01a0f921-7d4b-76a0-afcd-4145ac211cf4 method=POST path=/v1/transcribe}: gigastt_core::inference::engine::file_stream: transcribe complete (streaming windows) audio_s=1.07 wall_s=0.15 rtf=0.140
2026-10-01T20:21:56.844922Z  INFO request{request_id=01a0f921-7dec-7496-8a53-de6534b48728 method=POST path=/v1/transcribe}: gigastt_core::inference::audio::wave: Audio (wave): 48000Hz, 1ch (streaming windows)
2026-10-01T20:21:56.889029Z  INFO request{request_id=01a0f921-7d86-70e9-8fff-82d9fe750de7 method=POST path=/v1/transcribe}: gigastt_core::inference::engine::infer: encoder_inference elapsed_ms=143
2026-10-01T20:21:56.889093Z  INFO request{request_id=01a0f921-7d86-70e9-8fff-82d9fe750de7 method=POST path=/v1/transcribe}: gigastt_core::inference::engine::file_stream: transcribe complete (streaming windows) audio_s=1.01 wall_s=0.15 rtf=0.145
2026-10-01T20:21:56.892718Z  INFO request{request_id=01a0f921-7e1c-7351-9b18-539418a5382f method=POST path=/v1/transcribe}: gigastt_core::inference::audio::wave: Audio (wave): 48000Hz, 1ch (streaming windows)
2026-10-01T20:21:56.992181Z  INFO request{request_id=01a0f921-7dec-7496-8a53-de6534b48728 method=POST path=/v1/transcribe}: gigastt_core::inference::engine::infer: encoder_inference elapsed_ms=144
2026-10-01T20:21:56.992249Z  INFO request{request_id=01a0f921-7dec-7496-8a53-de6534b48728 method=POST path=/v1/transcribe}: gigastt_core::inference::engine::file_stream: transcribe complete (streaming windows) audio_s=1.01 wall_s=0.15 rtf=0.146
2026-10-01T20:21:56.998963Z  INFO request{request_id=01a0f921-7e86-7254-a8d5-9aa0ce09d302 method=POST path=/v1/transcribe}: gigastt_core::inference::audio::wave: Audio (wave): 48000Hz, 1ch (streaming windows)
2026-10-01T20:21:57.047775Z  INFO request{request_id=01a0f921-7e1c-7351-9b18-539418a5382f method=POST path=/v1/transcribe}: gigastt_core::inference::engine::infer: encoder_inference elapsed_ms=152
2026-10-01T20:21:57.047843Z  INFO request{request_id=01a0f921-7e1c-7351-9b18-539418a5382f method=POST path=/v1/transcribe}: gigastt_core::inference::engine::file_stream: transcribe complete (streaming windows) audio_s=1.04 wall_s=0.16 rtf=0.150
2026-10-01T20:21:57.051766Z  INFO request{request_id=01a0f921-7ebb-74a3-81cf-2a04913c65cb method=POST path=/v1/transcribe}: gigastt_core::inference::audio::wave: Audio (wave): 48000Hz, 1ch (streaming windows)
2026-10-01T20:21:57.157828Z  INFO request{request_id=01a0f921-7e86-7254-a8d5-9aa0ce09d302 method=POST path=/v1/transcribe}: gigastt_core::inference::engine::infer: encoder_inference elapsed_ms=155
2026-10-01T20:21:57.157900Z  INFO request{request_id=01a0f921-7e86-7254-a8d5-9aa0ce09d302 method=POST path=/v1/transcribe}: gigastt_core::inference::engine::file_stream: transcribe complete (streaming windows) audio_s=1.12 wall_s=0.16 rtf=0.142
2026-10-01T20:21:57.182999Z  INFO request{request_id=01a0f921-7f3e-7366-b0ca-68d4c46627e5 method=POST path=/v1/transcribe}: gigastt_core::inference::audio::wave: Audio (wave): 48000Hz, 1ch (streaming windows)
2026-10-01T20:21:57.238860Z  INFO request{request_id=01a0f921-7ebb-74a3-81cf-2a04913c65cb method=POST path=/v1/transcribe}: gigastt_core::inference::engine::infer: encoder_inference elapsed_ms=183
2026-10-01T20:21:57.238932Z  INFO request{request_id=01a0f921-7ebb-74a3-81cf-2a04913c65cb method=POST path=/v1/transcribe}: gigastt_core::inference::engine::file_stream: transcribe complete (streaming windows) audio_s=1.34 wall_s=0.19 rtf=0.140
2026-10-01T20:21:57.251241Z  INFO request{request_id=01a0f921-7f81-71d2-8ae0-d8d38e7e000e method=POST path=/v1/transcribe}: gigastt_core::inference::audio::wave: Audio (wave): 48000Hz, 1ch (streaming windows)
2026-10-01T20:21:57.433081Z  INFO request{request_id=01a0f921-7f3e-7366-b0ca-68d4c46627e5 method=POST path=/v1/transcribe}: gigastt_core::inference::engine::infer: encoder_inference elapsed_ms=245
2026-10-01T20:21:57.433181Z  INFO request{request_id=01a0f921-7f3e-7366-b0ca-68d4c46627e5 method=POST path=/v1/transcribe}: gigastt_core::inference::engine::file_stream: transcribe complete (streaming windows) audio_s=1.95 wall_s=0.25 rtf=0.128
2026-10-01T20:21:57.443261Z  INFO request{request_id=01a0f921-8043-74b5-92a1-51d3c0b5e039 method=POST path=/v1/transcribe}: gigastt_core::inference::audio::wave: Audio (wave): 48000Hz, 1ch (streaming windows)
2026-10-01T20:21:57.544246Z  INFO request{request_id=01a0f921-7f81-71d2-8ae0-d8d38e7e000e method=POST path=/v1/transcribe}: gigastt_core::inference::engine::infer: encoder_inference elapsed_ms=288
2026-10-01T20:21:57.544320Z  INFO request{request_id=01a0f921-7f81-71d2-8ae0-d8d38e7e000e method=POST path=/v1/transcribe}: gigastt_core::inference::engine::file_stream: transcribe complete (streaming windows) audio_s=2.19 wall_s=0.29 rtf=0.134
2026-10-01T20:21:57.548592Z  INFO request{request_id=01a0f921-80ac-75bb-9889-c9503d44cbf5 method=POST path=/v1/transcribe}: gigastt_core::inference::audio::wave: Audio (wave): 48000Hz, 1ch (streaming windows)
2026-10-01T20:21:57.674108Z  INFO request{request_id=01a0f921-8043-74b5-92a1-51d3c0b5e039 method=POST path=/v1/transcribe}: gigastt_core::inference::engine::infer: encoder_inference elapsed_ms=227
2026-10-01T20:21:57.674200Z  INFO request{request_id=01a0f921-8043-74b5-92a1-51d3c0b5e039 method=POST path=/v1/transcribe}: gigastt_core::inference::engine::file_stream: transcribe complete (streaming windows) audio_s=1.64 wall_s=0.23 rtf=0.140
2026-10-01T20:21:57.693869Z  INFO request{request_id=01a0f921-813d-70ef-98b7-8fed19f411b5 method=POST path=/v1/transcribe}: gigastt_core::inference::audio::wave: Audio (wave): 48000Hz, 1ch (streaming windows)
2026-10-01T20:21:57.747215Z  INFO request{request_id=01a0f921-80ac-75bb-9889-c9503d44cbf5 method=POST path=/v1/transcribe}: gigastt_core::inference::engine::infer: encoder_inference elapsed_ms=195
2026-10-01T20:21:57.747287Z  INFO request{request_id=01a0f921-80ac-75bb-9889-c9503d44cbf5 method=POST path=/v1/transcribe}: gigastt_core::inference::engine::file_stream: transcribe complete (streaming windows) audio_s=1.52 wall_s=0.20 rtf=0.131
2026-10-01T20:21:57.751597Z  INFO request{request_id=01a0f921-8177-7587-ab2f-e1929db669af method=POST path=/v1/transcribe}: gigastt_core::inference::audio::wave: Audio (wave): 48000Hz, 1ch (streaming windows)
2026-10-01T20:21:57.906489Z  INFO request{request_id=01a0f921-8177-7587-ab2f-e1929db669af method=POST path=/v1/transcribe}: gigastt_core::inference::engine::infer: encoder_inference elapsed_ms=151
2026-10-01T20:21:57.906557Z  INFO request{request_id=01a0f921-8177-7587-ab2f-e1929db669af method=POST path=/v1/transcribe}: gigastt_core::inference::engine::file_stream: transcribe complete (streaming windows) audio_s=1.11 wall_s=0.15 rtf=0.139
2026-10-01T20:21:57.917426Z  INFO request{request_id=01a0f921-821d-734a-a5b2-b988eba2399c method=POST path=/v1/transcribe}: gigastt_core::inference::audio::wave: Audio (wave): 48000Hz, 1ch (streaming windows)
2026-10-01T20:21:57.989342Z  INFO request{request_id=01a0f921-813d-70ef-98b7-8fed19f411b5 method=POST path=/v1/transcribe}: gigastt_core::inference::engine::infer: encoder_inference elapsed_ms=291
2026-10-01T20:21:57.989440Z  INFO request{request_id=01a0f921-813d-70ef-98b7-8fed19f411b5 method=POST path=/v1/transcribe}: gigastt_core::inference::engine::file_stream: transcribe complete (streaming windows) audio_s=2.48 wall_s=0.30 rtf=0.119
2026-10-01T20:21:58.002700Z  INFO request{request_id=01a0f921-8272-70f1-8bf8-e1ca0a1bfee1 method=POST path=/v1/transcribe}: gigastt_core::inference::audio::wave: Audio (wave): 48000Hz, 1ch (streaming windows)
2026-10-01T20:21:58.073383Z  INFO request{request_id=01a0f921-821d-734a-a5b2-b988eba2399c method=POST path=/v1/transcribe}: gigastt_core::inference::engine::infer: encoder_inference elapsed_ms=152
2026-10-01T20:21:58.073466Z  INFO request{request_id=01a0f921-821d-734a-a5b2-b988eba2399c method=POST path=/v1/transcribe}: gigastt_core::inference::engine::file_stream: transcribe complete (streaming windows) audio_s=1.09 wall_s=0.16 rtf=0.143
2026-10-01T20:21:58.078245Z  INFO request{request_id=01a0f921-82bd-7449-96b0-aa229dacab0b method=POST path=/v1/transcribe}: gigastt_core::inference::audio::wave: Audio (wave): 48000Hz, 1ch (streaming windows)
2026-10-01T20:21:58.201927Z  INFO request{request_id=01a0f921-8272-70f1-8bf8-e1ca0a1bfee1 method=POST path=/v1/transcribe}: gigastt_core::inference::engine::infer: encoder_inference elapsed_ms=194
2026-10-01T20:21:58.202007Z  INFO request{request_id=01a0f921-8272-70f1-8bf8-e1ca0a1bfee1 method=POST path=/v1/transcribe}: gigastt_core::inference::engine::file_stream: transcribe complete (streaming windows) audio_s=1.36 wall_s=0.20 rtf=0.146
2026-10-01T20:21:58.208882Z  INFO request{request_id=01a0f921-8340-7215-9c84-66e7b0b49b36 method=POST path=/v1/transcribe}: gigastt_core::inference::audio::wave: Audio (wave): 48000Hz, 1ch (streaming windows)
2026-10-01T20:21:58.375567Z  INFO request{request_id=01a0f921-82bd-7449-96b0-aa229dacab0b method=POST path=/v1/transcribe}: gigastt_core::inference::engine::infer: encoder_inference elapsed_ms=293
2026-10-01T20:21:58.375648Z  INFO request{request_id=01a0f921-82bd-7449-96b0-aa229dacab0b method=POST path=/v1/transcribe}: gigastt_core::inference::engine::file_stream: transcribe complete (streaming windows) audio_s=2.65 wall_s=0.30 rtf=0.112
2026-10-01T20:21:58.383492Z  INFO request{request_id=01a0f921-83ef-770b-81b4-720cf53b62f9 method=POST path=/v1/transcribe}: gigastt_core::inference::audio::wave: Audio (wave): 48000Hz, 1ch (streaming windows)
2026-10-01T20:21:58.388953Z  INFO request{request_id=01a0f921-8340-7215-9c84-66e7b0b49b36 method=POST path=/v1/transcribe}: gigastt_core::inference::engine::infer: encoder_inference elapsed_ms=175
2026-10-01T20:21:58.389020Z  INFO request{request_id=01a0f921-8340-7215-9c84-66e7b0b49b36 method=POST path=/v1/transcribe}: gigastt_core::inference::engine::file_stream: transcribe complete (streaming windows) audio_s=1.32 wall_s=0.18 rtf=0.136
2026-10-01T20:21:58.393259Z  INFO request{request_id=01a0f921-83f9-771c-ba7d-45c5fef2852e method=POST path=/v1/transcribe}: gigastt_core::inference::audio::wave: Audio (wave): 48000Hz, 1ch (streaming windows)
2026-10-01T20:21:58.535695Z  INFO request{request_id=01a0f921-83ef-770b-81b4-720cf53b62f9 method=POST path=/v1/transcribe}: gigastt_core::inference::engine::infer: encoder_inference elapsed_ms=149
2026-10-01T20:21:58.535775Z  INFO request{request_id=01a0f921-83ef-770b-81b4-720cf53b62f9 method=POST path=/v1/transcribe}: gigastt_core::inference::engine::file_stream: transcribe complete (streaming windows) audio_s=1.03 wall_s=0.15 rtf=0.148
2026-10-01T20:21:58.548383Z  INFO request{request_id=01a0f921-8494-746e-8119-128ce5b8f24e method=POST path=/v1/transcribe}: gigastt_core::inference::audio::wave: Audio (wave): 48000Hz, 1ch (streaming windows)
2026-10-01T20:21:58.717886Z  INFO request{request_id=01a0f921-83f9-771c-ba7d-45c5fef2852e method=POST path=/v1/transcribe}: gigastt_core::inference::engine::infer: encoder_inference elapsed_ms=319
2026-10-01T20:21:58.717971Z  INFO request{request_id=01a0f921-83f9-771c-ba7d-45c5fef2852e method=POST path=/v1/transcribe}: gigastt_core::inference::engine::file_stream: transcribe complete (streaming windows) audio_s=2.95 wall_s=0.32 rtf=0.110
2026-10-01T20:21:58.719981Z  INFO request{request_id=01a0f921-8494-746e-8119-128ce5b8f24e method=POST path=/v1/transcribe}: gigastt_core::inference::engine::infer: encoder_inference elapsed_ms=166
2026-10-01T20:21:58.720032Z  INFO request{request_id=01a0f921-8494-746e-8119-128ce5b8f24e method=POST path=/v1/transcribe}: gigastt_core::inference::engine::file_stream: transcribe complete (streaming windows) audio_s=1.27 wall_s=0.17 rtf=0.135
2026-10-01T20:21:58.724735Z  INFO request{request_id=01a0f921-8544-7326-91b8-e92305bd4a9f method=POST path=/v1/transcribe}: gigastt_core::inference::audio::wave: Audio (wave): 48000Hz, 1ch (streaming windows)
2026-10-01T20:21:58.728925Z  INFO request{request_id=01a0f921-8548-734c-b6b2-48184912e933 method=POST path=/v1/transcribe}: gigastt_core::inference::audio::wave: Audio (wave): 48000Hz, 1ch (streaming windows)
2026-10-01T20:21:58.904154Z  INFO request{request_id=01a0f921-8544-7326-91b8-e92305bd4a9f method=POST path=/v1/transcribe}: gigastt_core::inference::engine::infer: encoder_inference elapsed_ms=176
2026-10-01T20:21:58.904227Z  INFO request{request_id=01a0f921-8544-7326-91b8-e92305bd4a9f method=POST path=/v1/transcribe}: gigastt_core::inference::engine::file_stream: transcribe complete (streaming windows) audio_s=1.28 wall_s=0.18 rtf=0.140
2026-10-01T20:21:58.908106Z  INFO request{request_id=01a0f921-85fb-74fc-bc3f-3b6f58259d97 method=POST path=/v1/transcribe}: gigastt_core::inference::audio::wave: Audio (wave): 48000Hz, 1ch (streaming windows)
2026-10-01T20:21:58.925734Z  INFO request{request_id=01a0f921-8548-734c-b6b2-48184912e933 method=POST path=/v1/transcribe}: gigastt_core::inference::engine::infer: encoder_inference elapsed_ms=193
2026-10-01T20:21:58.925804Z  INFO request{request_id=01a0f921-8548-734c-b6b2-48184912e933 method=POST path=/v1/transcribe}: gigastt_core::inference::engine::file_stream: transcribe complete (streaming windows) audio_s=1.39 wall_s=0.20 rtf=0.142
2026-10-01T20:21:58.933171Z  INFO request{request_id=01a0f921-8614-765f-a004-f3fcdf57071a method=POST path=/v1/transcribe}: gigastt_core::inference::audio::wave: Audio (wave): 48000Hz, 1ch (streaming windows)
2026-10-01T20:21:59.135626Z  INFO request{request_id=01a0f921-8614-765f-a004-f3fcdf57071a method=POST path=/v1/transcribe}: gigastt_core::inference::engine::infer: encoder_inference elapsed_ms=199
2026-10-01T20:21:59.135707Z  INFO request{request_id=01a0f921-8614-765f-a004-f3fcdf57071a method=POST path=/v1/transcribe}: gigastt_core::inference::engine::file_stream: transcribe complete (streaming windows) audio_s=1.34 wall_s=0.20 rtf=0.152
2026-10-01T20:21:59.142056Z  INFO request{request_id=01a0f921-86e5-70e0-957d-c56e9da1a346 method=POST path=/v1/transcribe}: gigastt_core::inference::audio::wave: Audio (wave): 48000Hz, 1ch (streaming windows)
2026-10-01T20:21:59.208452Z  INFO request{request_id=01a0f921-85fb-74fc-bc3f-3b6f58259d97 method=POST path=/v1/transcribe}: gigastt_core::inference::engine::infer: encoder_inference elapsed_ms=295
2026-10-01T20:21:59.208537Z  INFO request{request_id=01a0f921-85fb-74fc-bc3f-3b6f58259d97 method=POST path=/v1/transcribe}: gigastt_core::inference::engine::file_stream: transcribe complete (streaming windows) audio_s=2.17 wall_s=0.30 rtf=0.138
2026-10-01T20:21:59.225237Z  INFO request{request_id=01a0f921-8737-756c-9074-840b07bb522c method=POST path=/v1/transcribe}: gigastt_core::inference::audio::wave: Audio (wave): 48000Hz, 1ch (streaming windows)
2026-10-01T20:21:59.369441Z  INFO request{request_id=01a0f921-86e5-70e0-957d-c56e9da1a346 method=POST path=/v1/transcribe}: gigastt_core::inference::engine::infer: encoder_inference elapsed_ms=224
2026-10-01T20:21:59.369524Z  INFO request{request_id=01a0f921-86e5-70e0-957d-c56e9da1a346 method=POST path=/v1/transcribe}: gigastt_core::inference::engine::file_stream: transcribe complete (streaming windows) audio_s=1.51 wall_s=0.23 rtf=0.150
2026-10-01T20:21:59.383749Z  INFO request{request_id=01a0f921-87d7-760d-ae01-20bc7f56e69b method=POST path=/v1/transcribe}: gigastt_core::inference::audio::wave: Audio (wave): 48000Hz, 1ch (streaming windows)
2026-10-01T20:21:59.530136Z  INFO request{request_id=01a0f921-8737-756c-9074-840b07bb522c method=POST path=/v1/transcribe}: gigastt_core::inference::engine::infer: encoder_inference elapsed_ms=300
2026-10-01T20:21:59.530246Z  INFO request{request_id=01a0f921-8737-756c-9074-840b07bb522c method=POST path=/v1/transcribe}: gigastt_core::inference::engine::file_stream: transcribe complete (streaming windows) audio_s=2.19 wall_s=0.30 rtf=0.139
2026-10-01T20:21:59.533392Z  INFO request{request_id=01a0f921-886d-7505-9e26-ba05ad0bf084 method=POST path=/v1/transcribe}: gigastt_core::inference::audio::wave: Audio (wave): 48000Hz, 1ch (streaming windows)
2026-10-01T20:21:59.583599Z  INFO request{request_id=01a0f921-87d7-760d-ae01-20bc7f56e69b method=POST path=/v1/transcribe}: gigastt_core::inference::engine::infer: encoder_inference elapsed_ms=196
2026-10-01T20:21:59.583681Z  INFO request{request_id=01a0f921-87d7-760d-ae01-20bc7f56e69b method=POST path=/v1/transcribe}: gigastt_core::inference::engine::file_stream: transcribe complete (streaming windows) audio_s=1.41 wall_s=0.20 rtf=0.142
2026-10-01T20:21:59.586230Z  INFO request{request_id=01a0f921-88a2-74ac-a34a-ccebeb3b7ee0 method=POST path=/v1/transcribe}: gigastt_core::inference::audio::wave: Audio (wave): 48000Hz, 1ch (streaming windows)
2026-10-01T20:21:59.721728Z  INFO request{request_id=01a0f921-886d-7505-9e26-ba05ad0bf084 method=POST path=/v1/transcribe}: gigastt_core::inference::engine::infer: encoder_inference elapsed_ms=183
2026-10-01T20:21:59.721804Z  INFO request{request_id=01a0f921-886d-7505-9e26-ba05ad0bf084 method=POST path=/v1/transcribe}: gigastt_core::inference::engine::file_stream: transcribe complete (streaming windows) audio_s=1.26 wall_s=0.19 rtf=0.149
2026-10-01T20:21:59.725311Z  INFO request{request_id=01a0f921-892c-771f-80f9-a2a23c9840ce method=POST path=/v1/transcribe}: gigastt_core::inference::audio::wave: Audio (wave): 48000Hz, 1ch (streaming windows)
2026-10-01T20:21:59.804603Z  INFO request{request_id=01a0f921-88a2-74ac-a34a-ccebeb3b7ee0 method=POST path=/v1/transcribe}: gigastt_core::inference::engine::infer: encoder_inference elapsed_ms=215
2026-10-01T20:21:59.804671Z  INFO request{request_id=01a0f921-88a2-74ac-a34a-ccebeb3b7ee0 method=POST path=/v1/transcribe}: gigastt_core::inference::engine::file_stream: transcribe complete (streaming windows) audio_s=1.48 wall_s=0.22 rtf=0.148
2026-10-01T20:21:59.807502Z  INFO request{request_id=01a0f921-897f-76ef-aa0e-95fbe74c6b8b method=POST path=/v1/transcribe}: gigastt_core::inference::audio::wave: Audio (wave): 48000Hz, 1ch (streaming windows)
2026-10-01T20:21:59.965426Z  INFO request{request_id=01a0f921-892c-771f-80f9-a2a23c9840ce method=POST path=/v1/transcribe}: gigastt_core::inference::engine::infer: encoder_inference elapsed_ms=234
2026-10-01T20:21:59.965500Z  INFO request{request_id=01a0f921-892c-771f-80f9-a2a23c9840ce method=POST path=/v1/transcribe}: gigastt_core::inference::engine::file_stream: transcribe complete (streaming windows) audio_s=1.58 wall_s=0.24 rtf=0.152
2026-10-01T20:21:59.969042Z  INFO request{request_id=01a0f921-8a20-76cd-8394-9b4025dd8eb4 method=POST path=/v1/transcribe}: gigastt_core::inference::audio::wave: Audio (wave): 48000Hz, 1ch (streaming windows)
2026-10-01T20:22:00.064316Z  INFO request{request_id=01a0f921-897f-76ef-aa0e-95fbe74c6b8b method=POST path=/v1/transcribe}: gigastt_core::inference::engine::infer: encoder_inference elapsed_ms=250
2026-10-01T20:22:00.064398Z  INFO request{request_id=01a0f921-897f-76ef-aa0e-95fbe74c6b8b method=POST path=/v1/transcribe}: gigastt_core::inference::engine::file_stream: transcribe complete (streaming windows) audio_s=1.72 wall_s=0.26 rtf=0.149
2026-10-01T20:22:00.068143Z  INFO request{request_id=01a0f921-8a83-73f8-911d-11387f05ef4a method=POST path=/v1/transcribe}: gigastt_core::inference::audio::wave: Audio (wave): 48000Hz, 1ch (streaming windows)
2026-10-01T20:22:00.240392Z  INFO request{request_id=01a0f921-8a20-76cd-8394-9b4025dd8eb4 method=POST path=/v1/transcribe}: gigastt_core::inference::engine::infer: encoder_inference elapsed_ms=265
2026-10-01T20:22:00.240482Z  INFO request{request_id=01a0f921-8a20-76cd-8394-9b4025dd8eb4 method=POST path=/v1/transcribe}: gigastt_core::inference::engine::file_stream: transcribe complete (streaming windows) audio_s=1.73 wall_s=0.27 rtf=0.156
2026-10-01T20:22:00.243930Z  INFO request{request_id=01a0f921-8b33-77cf-82fd-e2c59c217b21 method=POST path=/v1/transcribe}: gigastt_core::inference::audio::wave: Audio (wave): 48000Hz, 1ch (streaming windows)
2026-10-01T20:22:00.565336Z  INFO request{request_id=01a0f921-8b33-77cf-82fd-e2c59c217b21 method=POST path=/v1/transcribe}: gigastt_core::inference::engine::infer: encoder_inference elapsed_ms=316
2026-10-01T20:22:00.565437Z  INFO request{request_id=01a0f921-8b33-77cf-82fd-e2c59c217b21 method=POST path=/v1/transcribe}: gigastt_core::inference::engine::file_stream: transcribe complete (streaming windows) audio_s=1.77 wall_s=0.32 rtf=0.181
2026-10-01T20:22:00.574382Z  INFO request{request_id=01a0f921-8c7e-7083-8632-a505ae14bc61 method=POST path=/v1/transcribe}: gigastt_core::inference::audio::wave: Audio (wave): 48000Hz, 1ch (streaming windows)
2026-10-01T20:22:00.587013Z  INFO request{request_id=01a0f921-8a83-73f8-911d-11387f05ef4a method=POST path=/v1/transcribe}: gigastt_core::inference::engine::infer: encoder_inference elapsed_ms=513
2026-10-01T20:22:00.587159Z  INFO request{request_id=01a0f921-8a83-73f8-911d-11387f05ef4a method=POST path=/v1/transcribe}: gigastt_core::inference::engine::file_stream: transcribe complete (streaming windows) audio_s=3.43 wall_s=0.52 rtf=0.151
2026-10-01T20:22:00.591311Z  INFO request{request_id=01a0f921-8c8f-7496-8292-e78657e33683 method=POST path=/v1/transcribe}: gigastt_core::inference::audio::wave: Audio (wave): 48000Hz, 1ch (streaming windows)
2026-10-01T20:22:00.896080Z  INFO request{request_id=01a0f921-8c7e-7083-8632-a505ae14bc61 method=POST path=/v1/transcribe}: gigastt_core::inference::engine::infer: encoder_inference elapsed_ms=315
2026-10-01T20:22:00.896178Z  INFO request{request_id=01a0f921-8c7e-7083-8632-a505ae14bc61 method=POST path=/v1/transcribe}: gigastt_core::inference::engine::file_stream: transcribe complete (streaming windows) audio_s=1.26 wall_s=0.32 rtf=0.255
2026-10-01T20:22:00.909679Z  INFO request{request_id=01a0f921-8dcd-70ad-aeeb-dc7e83603a23 method=POST path=/v1/transcribe}: gigastt_core::inference::audio::wave: Audio (wave): 48000Hz, 1ch (streaming windows)
2026-10-01T20:22:00.939235Z  INFO request{request_id=01a0f921-8c8f-7496-8292-e78657e33683 method=POST path=/v1/transcribe}: gigastt_core::inference::engine::infer: encoder_inference elapsed_ms=341
2026-10-01T20:22:00.939360Z  INFO request{request_id=01a0f921-8c8f-7496-8292-e78657e33683 method=POST path=/v1/transcribe}: gigastt_core::inference::engine::file_stream: transcribe complete (streaming windows) audio_s=1.37 wall_s=0.35 rtf=0.254
2026-10-01T20:22:00.948542Z  INFO request{request_id=01a0f921-8df3-7470-8a53-8791926baeda method=POST path=/v1/transcribe}: gigastt_core::inference::audio::wave: Audio (wave): 48000Hz, 1ch (streaming windows)
2026-10-01T20:22:01.228735Z  INFO request{request_id=01a0f921-8dcd-70ad-aeeb-dc7e83603a23 method=POST path=/v1/transcribe}: gigastt_core::inference::engine::infer: encoder_inference elapsed_ms=312
2026-10-01T20:22:01.228821Z  INFO request{request_id=01a0f921-8dcd-70ad-aeeb-dc7e83603a23 method=POST path=/v1/transcribe}: gigastt_core::inference::engine::file_stream: transcribe complete (streaming windows) audio_s=1.11 wall_s=0.32 rtf=0.286
2026-10-01T20:22:01.232675Z  INFO request{request_id=01a0f921-8f10-7744-a355-40d13fbd9417 method=POST path=/v1/transcribe}: gigastt_core::inference::audio::wave: Audio (wave): 48000Hz, 1ch (streaming windows)
2026-10-01T20:22:01.473016Z  INFO request{request_id=01a0f921-8f10-7744-a355-40d13fbd9417 method=POST path=/v1/transcribe}: gigastt_core::inference::engine::infer: encoder_inference elapsed_ms=233
2026-10-01T20:22:01.473085Z  INFO request{request_id=01a0f921-8f10-7744-a355-40d13fbd9417 method=POST path=/v1/transcribe}: gigastt_core::inference::engine::file_stream: transcribe complete (streaming windows) audio_s=1.74 wall_s=0.24 rtf=0.138
2026-10-01T20:22:01.474110Z  INFO request{request_id=01a0f921-8df3-7470-8a53-8791926baeda method=POST path=/v1/transcribe}: gigastt_core::inference::engine::infer: encoder_inference elapsed_ms=516
2026-10-01T20:22:01.474213Z  INFO request{request_id=01a0f921-8df3-7470-8a53-8791926baeda method=POST path=/v1/transcribe}: gigastt_core::inference::engine::file_stream: transcribe complete (streaming windows) audio_s=3.14 wall_s=0.53 rtf=0.168
2026-10-01T20:22:01.478853Z  INFO request{request_id=01a0f921-9006-730b-b342-36a5d153b5ea method=POST path=/v1/transcribe}: gigastt_core::inference::audio::wave: Audio (wave): 48000Hz, 1ch (streaming windows)
2026-10-01T20:22:01.479927Z  INFO request{request_id=01a0f921-9007-7265-ae7e-b06d60013c7b method=POST path=/v1/transcribe}: gigastt_core::inference::audio::wave: Audio (wave): 48000Hz, 1ch (streaming windows)
2026-10-01T20:22:01.627619Z  INFO request{request_id=01a0f921-9006-730b-b342-36a5d153b5ea method=POST path=/v1/transcribe}: gigastt_core::inference::engine::infer: encoder_inference elapsed_ms=145
2026-10-01T20:22:01.627697Z  INFO request{request_id=01a0f921-9006-730b-b342-36a5d153b5ea method=POST path=/v1/transcribe}: gigastt_core::inference::engine::file_stream: transcribe complete (streaming windows) audio_s=1.34 wall_s=0.15 rtf=0.111
2026-10-01T20:22:01.634127Z  INFO request{request_id=01a0f921-90a1-7293-a931-c45cfb74e98c method=POST path=/v1/transcribe}: gigastt_core::inference::audio::wave: Audio (wave): 48000Hz, 1ch (streaming windows)
2026-10-01T20:22:01.680903Z  INFO request{request_id=01a0f921-9007-7265-ae7e-b06d60013c7b method=POST path=/v1/transcribe}: gigastt_core::inference::engine::infer: encoder_inference elapsed_ms=196
2026-10-01T20:22:01.681040Z  INFO request{request_id=01a0f921-9007-7265-ae7e-b06d60013c7b method=POST path=/v1/transcribe}: gigastt_core::inference::engine::file_stream: transcribe complete (streaming windows) audio_s=1.29 wall_s=0.20 rtf=0.156
2026-10-01T20:22:01.685987Z  INFO request{request_id=01a0f921-90d5-7719-b914-dfc3995c22df method=POST path=/v1/transcribe}: gigastt_core::inference::audio::wave: Audio (wave): 48000Hz, 1ch (streaming windows)
2026-10-01T20:22:01.906307Z  INFO request{request_id=01a0f921-90a1-7293-a931-c45cfb74e98c method=POST path=/v1/transcribe}: gigastt_core::inference::engine::infer: encoder_inference elapsed_ms=269
2026-10-01T20:22:01.906439Z  INFO request{request_id=01a0f921-90a1-7293-a931-c45cfb74e98c method=POST path=/v1/transcribe}: gigastt_core::inference::engine::file_stream: transcribe complete (streaming windows) audio_s=1.28 wall_s=0.27 rtf=0.213
2026-10-01T20:22:01.915867Z  INFO request{request_id=01a0f921-91bb-766c-93ce-3bed228ccce2 method=POST path=/v1/transcribe}: gigastt_core::inference::audio::wave: Audio (wave): 48000Hz, 1ch (streaming windows)
2026-10-01T20:22:02.037141Z  INFO request{request_id=01a0f921-90d5-7719-b914-dfc3995c22df method=POST path=/v1/transcribe}: gigastt_core::inference::engine::infer: encoder_inference elapsed_ms=344
2026-10-01T20:22:02.037376Z  INFO request{request_id=01a0f921-90d5-7719-b914-dfc3995c22df method=POST path=/v1/transcribe}: gigastt_core::inference::engine::file_stream: transcribe complete (streaming windows) audio_s=1.30 wall_s=0.35 rtf=0.271
2026-10-01T20:22:02.045249Z  INFO request{request_id=01a0f921-923d-77da-8bda-a5e8992bf898 method=POST path=/v1/transcribe}: gigastt_core::inference::audio::wave: Audio (wave): 48000Hz, 1ch (streaming windows)
2026-10-01T20:22:02.320436Z  INFO request{request_id=01a0f921-91bb-766c-93ce-3bed228ccce2 method=POST path=/v1/transcribe}: gigastt_core::inference::engine::infer: encoder_inference elapsed_ms=397
2026-10-01T20:22:02.320732Z  INFO request{request_id=01a0f921-91bb-766c-93ce-3bed228ccce2 method=POST path=/v1/transcribe}: gigastt_core::inference::engine::file_stream: transcribe complete (streaming windows) audio_s=1.77 wall_s=0.40 rtf=0.229
2026-10-01T20:22:02.334485Z  INFO request{request_id=01a0f921-935e-747a-ab93-c2e6b2ab4d0a method=POST path=/v1/transcribe}: gigastt_core::inference::audio::wave: Audio (wave): 48000Hz, 1ch (streaming windows)
2026-10-01T20:22:02.393030Z  INFO request{request_id=01a0f921-923d-77da-8bda-a5e8992bf898 method=POST path=/v1/transcribe}: gigastt_core::inference::engine::infer: encoder_inference elapsed_ms=341
2026-10-01T20:22:02.393329Z  INFO request{request_id=01a0f921-923d-77da-8bda-a5e8992bf898 method=POST path=/v1/transcribe}: gigastt_core::inference::engine::file_stream: transcribe complete (streaming windows) audio_s=1.27 wall_s=0.35 rtf=0.274
2026-10-01T20:22:02.403968Z  INFO request{request_id=01a0f921-93a3-703b-b35e-d37f7574ab66 method=POST path=/v1/transcribe}: gigastt_core::inference::audio::wave: Audio (wave): 48000Hz, 1ch (streaming windows)
2026-10-01T20:22:02.551811Z  INFO request{request_id=01a0f921-935e-747a-ab93-c2e6b2ab4d0a method=POST path=/v1/transcribe}: gigastt_core::inference::engine::infer: encoder_inference elapsed_ms=211
2026-10-01T20:22:02.551877Z  INFO request{request_id=01a0f921-935e-747a-ab93-c2e6b2ab4d0a method=POST path=/v1/transcribe}: gigastt_core::inference::engine::file_stream: transcribe complete (streaming windows) audio_s=1.11 wall_s=0.22 rtf=0.196
2026-10-01T20:22:02.563675Z  INFO request{request_id=01a0f921-9443-77a1-8dd5-0619dcff8138 method=POST path=/v1/transcribe}: gigastt_core::inference::audio::wave: Audio (wave): 48000Hz, 1ch (streaming windows)
2026-10-01T20:22:02.687098Z  INFO request{request_id=01a0f921-93a3-703b-b35e-d37f7574ab66 method=POST path=/v1/transcribe}: gigastt_core::inference::engine::infer: encoder_inference elapsed_ms=276
2026-10-01T20:22:02.687234Z  INFO request{request_id=01a0f921-93a3-703b-b35e-d37f7574ab66 method=POST path=/v1/transcribe}: gigastt_core::inference::engine::file_stream: transcribe complete (streaming windows) audio_s=1.69 wall_s=0.28 rtf=0.167
2026-10-01T20:22:02.694020Z  INFO request{request_id=01a0f921-94c5-700d-be95-a4e0141c1ab6 method=POST path=/v1/transcribe}: gigastt_core::inference::audio::wave: Audio (wave): 48000Hz, 1ch (streaming windows)
2026-10-01T20:22:02.916417Z  INFO request{request_id=01a0f921-94c5-700d-be95-a4e0141c1ab6 method=POST path=/v1/transcribe}: gigastt_core::inference::engine::infer: encoder_inference elapsed_ms=216
2026-10-01T20:22:02.916493Z  INFO request{request_id=01a0f921-94c5-700d-be95-a4e0141c1ab6 method=POST path=/v1/transcribe}: gigastt_core::inference::engine::file_stream: transcribe complete (streaming windows) audio_s=1.68 wall_s=0.22 rtf=0.133
2026-10-01T20:22:02.927103Z  INFO request{request_id=01a0f921-95ae-70bc-ae61-15c2a9c82215 method=POST path=/v1/transcribe}: gigastt_core::inference::audio::wave: Audio (wave): 48000Hz, 1ch (streaming windows)
2026-10-01T20:22:02.942795Z  INFO request{request_id=01a0f921-9443-77a1-8dd5-0619dcff8138 method=POST path=/v1/transcribe}: gigastt_core::inference::engine::infer: encoder_inference elapsed_ms=371
2026-10-01T20:22:02.942874Z  INFO request{request_id=01a0f921-9443-77a1-8dd5-0619dcff8138 method=POST path=/v1/transcribe}: gigastt_core::inference::engine::file_stream: transcribe complete (streaming windows) audio_s=2.84 wall_s=0.38 rtf=0.134
2026-10-01T20:22:02.949936Z  INFO request{request_id=01a0f921-95c5-7487-8797-f995815746fd method=POST path=/v1/transcribe}: gigastt_core::inference::audio::wave: Audio (wave): 48000Hz, 1ch (streaming windows)
2026-10-01T20:22:03.087881Z  INFO request{request_id=01a0f921-95ae-70bc-ae61-15c2a9c82215 method=POST path=/v1/transcribe}: gigastt_core::inference::engine::infer: encoder_inference elapsed_ms=156
2026-10-01T20:22:03.087946Z  INFO request{request_id=01a0f921-95ae-70bc-ae61-15c2a9c82215 method=POST path=/v1/transcribe}: gigastt_core::inference::engine::file_stream: transcribe complete (streaming windows) audio_s=1.18 wall_s=0.16 rtf=0.137
2026-10-01T20:22:03.101074Z  INFO request{request_id=01a0f921-965c-74bd-ab0a-e77e420a15b4 method=POST path=/v1/transcribe}: gigastt_core::inference::audio::wave: Audio (wave): 48000Hz, 1ch (streaming windows)
2026-10-01T20:22:03.111970Z  INFO request{request_id=01a0f921-95c5-7487-8797-f995815746fd method=POST path=/v1/transcribe}: gigastt_core::inference::engine::infer: encoder_inference elapsed_ms=157
2026-10-01T20:22:03.112039Z  INFO request{request_id=01a0f921-95c5-7487-8797-f995815746fd method=POST path=/v1/transcribe}: gigastt_core::inference::engine::file_stream: transcribe complete (streaming windows) audio_s=1.18 wall_s=0.16 rtf=0.137
2026-10-01T20:22:03.119524Z  INFO request{request_id=01a0f921-966f-7084-bcb0-c9985872aad8 method=POST path=/v1/transcribe}: gigastt_core::inference::audio::wave: Audio (wave): 48000Hz, 1ch (streaming windows)
2026-10-01T20:22:03.293624Z  INFO request{request_id=01a0f921-965c-74bd-ab0a-e77e420a15b4 method=POST path=/v1/transcribe}: gigastt_core::inference::engine::infer: encoder_inference elapsed_ms=189
2026-10-01T20:22:03.293706Z  INFO request{request_id=01a0f921-965c-74bd-ab0a-e77e420a15b4 method=POST path=/v1/transcribe}: gigastt_core::inference::engine::file_stream: transcribe complete (streaming windows) audio_s=1.40 wall_s=0.19 rtf=0.138
2026-10-01T20:22:03.306245Z  INFO request{request_id=01a0f921-972a-74c3-8880-6260ee0c7f8b method=POST path=/v1/transcribe}: gigastt_core::inference::audio::wave: Audio (wave): 48000Hz, 1ch (streaming windows)
2026-10-01T20:22:03.470373Z  INFO request{request_id=01a0f921-972a-74c3-8880-6260ee0c7f8b method=POST path=/v1/transcribe}: gigastt_core::inference::engine::infer: encoder_inference elapsed_ms=160
2026-10-01T20:22:03.470437Z  INFO request{request_id=01a0f921-972a-74c3-8880-6260ee0c7f8b method=POST path=/v1/transcribe}: gigastt_core::inference::engine::file_stream: transcribe complete (streaming windows) audio_s=1.24 wall_s=0.16 rtf=0.132
2026-10-01T20:22:03.486127Z  INFO request{request_id=01a0f921-97dd-7228-8fd4-d846e793cdcf method=POST path=/v1/transcribe}: gigastt_core::inference::audio::wave: Audio (wave): 48000Hz, 1ch (streaming windows)
2026-10-01T20:22:03.617687Z  INFO request{request_id=01a0f921-966f-7084-bcb0-c9985872aad8 method=POST path=/v1/transcribe}: gigastt_core::inference::engine::infer: encoder_inference elapsed_ms=492
2026-10-01T20:22:03.617785Z  INFO request{request_id=01a0f921-966f-7084-bcb0-c9985872aad8 method=POST path=/v1/transcribe}: gigastt_core::inference::engine::file_stream: transcribe complete (streaming windows) audio_s=4.53 wall_s=0.50 rtf=0.110
2026-10-01T20:22:03.625420Z  INFO request{request_id=01a0f921-9869-72aa-a276-ee52f67a30cc method=POST path=/v1/transcribe}: gigastt_core::inference::audio::wave: Audio (wave): 48000Hz, 1ch (streaming windows)
2026-10-01T20:22:03.690678Z  INFO request{request_id=01a0f921-97dd-7228-8fd4-d846e793cdcf method=POST path=/v1/transcribe}: gigastt_core::inference::engine::infer: encoder_inference elapsed_ms=197
2026-10-01T20:22:03.690743Z  INFO request{request_id=01a0f921-97dd-7228-8fd4-d846e793cdcf method=POST path=/v1/transcribe}: gigastt_core::inference::engine::file_stream: transcribe complete (streaming windows) audio_s=1.53 wall_s=0.20 rtf=0.133
2026-10-01T20:22:03.698144Z  INFO request{request_id=01a0f921-98b1-726e-bed4-a1d292107d1d method=POST path=/v1/transcribe}: gigastt_core::inference::audio::wave: Audio (wave): 48000Hz, 1ch (streaming windows)
2026-10-01T20:22:03.790421Z  INFO request{request_id=01a0f921-9869-72aa-a276-ee52f67a30cc method=POST path=/v1/transcribe}: gigastt_core::inference::engine::infer: encoder_inference elapsed_ms=160
2026-10-01T20:22:03.790497Z  INFO request{request_id=01a0f921-9869-72aa-a276-ee52f67a30cc method=POST path=/v1/transcribe}: gigastt_core::inference::engine::file_stream: transcribe complete (streaming windows) audio_s=1.20 wall_s=0.17 rtf=0.137
2026-10-01T20:22:03.794636Z  INFO request{request_id=01a0f921-9912-755f-a2c2-3bf076bef94e method=POST path=/v1/transcribe}: gigastt_core::inference::audio::wave: Audio (wave): 48000Hz, 1ch (streaming windows)
2026-10-01T20:22:03.883163Z  INFO request{request_id=01a0f921-98b1-726e-bed4-a1d292107d1d method=POST path=/v1/transcribe}: gigastt_core::inference::engine::infer: encoder_inference elapsed_ms=181
2026-10-01T20:22:03.883253Z  INFO request{request_id=01a0f921-98b1-726e-bed4-a1d292107d1d method=POST path=/v1/transcribe}: gigastt_core::inference::engine::file_stream: transcribe complete (streaming windows) audio_s=1.40 wall_s=0.19 rtf=0.132
2026-10-01T20:22:03.893025Z  INFO request{request_id=01a0f921-9974-7465-b6a8-57b5fa317047 method=POST path=/v1/transcribe}: gigastt_core::inference::audio::wave: Audio (wave): 48000Hz, 1ch (streaming windows)
2026-10-01T20:22:03.976051Z  INFO request{request_id=01a0f921-9912-755f-a2c2-3bf076bef94e method=POST path=/v1/transcribe}: gigastt_core::inference::engine::infer: encoder_inference elapsed_ms=177
2026-10-01T20:22:03.976145Z  INFO request{request_id=01a0f921-9912-755f-a2c2-3bf076bef94e method=POST path=/v1/transcribe}: gigastt_core::inference::engine::file_stream: transcribe complete (streaming windows) audio_s=1.41 wall_s=0.18 rtf=0.129
2026-10-01T20:22:03.995202Z  INFO request{request_id=01a0f921-99da-7743-bd2b-5c05414fe5e1 method=POST path=/v1/transcribe}: gigastt_core::inference::audio::wave: Audio (wave): 48000Hz, 1ch (streaming windows)
2026-10-01T20:22:04.078974Z  INFO request{request_id=01a0f921-9974-7465-b6a8-57b5fa317047 method=POST path=/v1/transcribe}: gigastt_core::inference::engine::infer: encoder_inference elapsed_ms=181
2026-10-01T20:22:04.079089Z  INFO request{request_id=01a0f921-9974-7465-b6a8-57b5fa317047 method=POST path=/v1/transcribe}: gigastt_core::inference::engine::file_stream: transcribe complete (streaming windows) audio_s=1.38 wall_s=0.19 rtf=0.135
2026-10-01T20:22:04.083507Z  INFO request{request_id=01a0f921-9a33-77eb-b83e-8f0d53f8e9db method=POST path=/v1/transcribe}: gigastt_core::inference::audio::wave: Audio (wave): 48000Hz, 1ch (streaming windows)
2026-10-01T20:22:04.253712Z  INFO request{request_id=01a0f921-99da-7743-bd2b-5c05414fe5e1 method=POST path=/v1/transcribe}: gigastt_core::inference::engine::infer: encoder_inference elapsed_ms=253
2026-10-01T20:22:04.253799Z  INFO request{request_id=01a0f921-99da-7743-bd2b-5c05414fe5e1 method=POST path=/v1/transcribe}: gigastt_core::inference::engine::file_stream: transcribe complete (streaming windows) audio_s=2.13 wall_s=0.26 rtf=0.121
2026-10-01T20:22:04.266262Z  INFO request{request_id=01a0f921-9aea-733c-a1bb-79ef99e24351 method=POST path=/v1/transcribe}: gigastt_core::inference::audio::wave: Audio (wave): 48000Hz, 1ch (streaming windows)
2026-10-01T20:22:04.308740Z  INFO request{request_id=01a0f921-9a33-77eb-b83e-8f0d53f8e9db method=POST path=/v1/transcribe}: gigastt_core::inference::engine::infer: encoder_inference elapsed_ms=220
2026-10-01T20:22:04.308817Z  INFO request{request_id=01a0f921-9a33-77eb-b83e-8f0d53f8e9db method=POST path=/v1/transcribe}: gigastt_core::inference::engine::file_stream: transcribe complete (streaming windows) audio_s=1.74 wall_s=0.23 rtf=0.130
2026-10-01T20:22:04.319630Z  INFO request{request_id=01a0f921-9b1f-73b4-8887-8e2be0ef6f2c method=POST path=/v1/transcribe}: gigastt_core::inference::audio::wave: Audio (wave): 48000Hz, 1ch (streaming windows)
2026-10-01T20:22:04.412016Z  INFO request{request_id=01a0f921-9aea-733c-a1bb-79ef99e24351 method=POST path=/v1/transcribe}: gigastt_core::inference::engine::infer: encoder_inference elapsed_ms=141
2026-10-01T20:22:04.412088Z  INFO request{request_id=01a0f921-9aea-733c-a1bb-79ef99e24351 method=POST path=/v1/transcribe}: gigastt_core::inference::engine::file_stream: transcribe complete (streaming windows) audio_s=1.15 wall_s=0.15 rtf=0.127
2026-10-01T20:22:04.417959Z  INFO request{request_id=01a0f921-9b81-70fc-9eba-4a58034466d4 method=POST path=/v1/transcribe}: gigastt_core::inference::audio::wave: Audio (wave): 48000Hz, 1ch (streaming windows)
2026-10-01T20:22:04.465673Z  INFO request{request_id=01a0f921-9b1f-73b4-8887-8e2be0ef6f2c method=POST path=/v1/transcribe}: gigastt_core::inference::engine::infer: encoder_inference elapsed_ms=141
2026-10-01T20:22:04.465769Z  INFO request{request_id=01a0f921-9b1f-73b4-8887-8e2be0ef6f2c method=POST path=/v1/transcribe}: gigastt_core::inference::engine::file_stream: transcribe complete (streaming windows) audio_s=1.09 wall_s=0.15 rtf=0.134
2026-10-01T20:22:04.475962Z  INFO request{request_id=01a0f921-9bbb-76bc-a587-cdad5b77ae55 method=POST path=/v1/transcribe}: gigastt_core::inference::audio::wave: Audio (wave): 48000Hz, 1ch (streaming windows)
2026-10-01T20:22:04.664382Z  INFO request{request_id=01a0f921-9bbb-76bc-a587-cdad5b77ae55 method=POST path=/v1/transcribe}: gigastt_core::inference::engine::infer: encoder_inference elapsed_ms=184
2026-10-01T20:22:04.664483Z  INFO request{request_id=01a0f921-9bbb-76bc-a587-cdad5b77ae55 method=POST path=/v1/transcribe}: gigastt_core::inference::engine::file_stream: transcribe complete (streaming windows) audio_s=1.43 wall_s=0.19 rtf=0.132
2026-10-01T20:22:04.675063Z  INFO request{request_id=01a0f921-9b81-70fc-9eba-4a58034466d4 method=POST path=/v1/transcribe}: gigastt_core::inference::engine::infer: encoder_inference elapsed_ms=253
2026-10-01T20:22:04.675140Z  INFO request{request_id=01a0f921-9b81-70fc-9eba-4a58034466d4 method=POST path=/v1/transcribe}: gigastt_core::inference::engine::file_stream: transcribe complete (streaming windows) audio_s=2.34 wall_s=0.26 rtf=0.110
2026-10-01T20:22:04.676277Z  INFO request{request_id=01a0f921-9c84-74ab-93df-79c82ef332fb method=POST path=/v1/transcribe}: gigastt_core::inference::audio::wave: Audio (wave): 48000Hz, 1ch (streaming windows)
2026-10-01T20:22:04.678514Z  INFO request{request_id=01a0f921-9c86-700a-b88d-ff8000cec719 method=POST path=/v1/transcribe}: gigastt_core::inference::audio::wave: Audio (wave): 48000Hz, 1ch (streaming windows)
2026-10-01T20:22:04.849296Z  INFO request{request_id=01a0f921-9c86-700a-b88d-ff8000cec719 method=POST path=/v1/transcribe}: gigastt_core::inference::engine::infer: encoder_inference elapsed_ms=167
2026-10-01T20:22:04.849370Z  INFO request{request_id=01a0f921-9c86-700a-b88d-ff8000cec719 method=POST path=/v1/transcribe}: gigastt_core::inference::engine::file_stream: transcribe complete (streaming windows) audio_s=1.31 wall_s=0.17 rtf=0.130
2026-10-01T20:22:04.861266Z  INFO request{request_id=01a0f921-9d3d-7269-a9ee-b65d91410be3 method=POST path=/v1/transcribe}: gigastt_core::inference::audio::wave: Audio (wave): 48000Hz, 1ch (streaming windows)
2026-10-01T20:22:04.890945Z  INFO request{request_id=01a0f921-9c84-74ab-93df-79c82ef332fb method=POST path=/v1/transcribe}: gigastt_core::inference::engine::infer: encoder_inference elapsed_ms=211
2026-10-01T20:22:04.891030Z  INFO request{request_id=01a0f921-9c84-74ab-93df-79c82ef332fb method=POST path=/v1/transcribe}: gigastt_core::inference::engine::file_stream: transcribe complete (streaming windows) audio_s=1.87 wall_s=0.21 rtf=0.115
2026-10-01T20:22:04.896294Z  INFO request{request_id=01a0f921-9d60-7100-af6f-6c6cdb101bd4 method=POST path=/v1/transcribe}: gigastt_core::inference::audio::wave: Audio (wave): 48000Hz, 1ch (streaming windows)
2026-10-01T20:22:05.012168Z  INFO request{request_id=01a0f921-9d3d-7269-a9ee-b65d91410be3 method=POST path=/v1/transcribe}: gigastt_core::inference::engine::infer: encoder_inference elapsed_ms=147
2026-10-01T20:22:05.012232Z  INFO request{request_id=01a0f921-9d3d-7269-a9ee-b65d91410be3 method=POST path=/v1/transcribe}: gigastt_core::inference::engine::file_stream: transcribe complete (streaming windows) audio_s=1.17 wall_s=0.15 rtf=0.129
2026-10-01T20:22:05.023060Z  INFO request{request_id=01a0f921-9dde-73ca-a9a1-ebf6597ace0e method=POST path=/v1/transcribe}: gigastt_core::inference::audio::wave: Audio (wave): 48000Hz, 1ch (streaming windows)
2026-10-01T20:22:05.042202Z  INFO request{request_id=01a0f921-9d60-7100-af6f-6c6cdb101bd4 method=POST path=/v1/transcribe}: gigastt_core::inference::engine::infer: encoder_inference elapsed_ms=142
2026-10-01T20:22:05.042275Z  INFO request{request_id=01a0f921-9d60-7100-af6f-6c6cdb101bd4 method=POST path=/v1/transcribe}: gigastt_core::inference::engine::file_stream: transcribe complete (streaming windows) audio_s=1.10 wall_s=0.15 rtf=0.133
2026-10-01T20:22:05.046034Z  INFO request{request_id=01a0f921-9df5-7455-af0c-09ada967ff52 method=POST path=/v1/transcribe}: gigastt_core::inference::audio::wave: Audio (wave): 48000Hz, 1ch (streaming windows)
2026-10-01T20:22:05.171549Z  INFO request{request_id=01a0f921-9dde-73ca-a9a1-ebf6597ace0e method=POST path=/v1/transcribe}: gigastt_core::inference::engine::infer: encoder_inference elapsed_ms=143
2026-10-01T20:22:05.171624Z  INFO request{request_id=01a0f921-9dde-73ca-a9a1-ebf6597ace0e method=POST path=/v1/transcribe}: gigastt_core::inference::engine::file_stream: transcribe complete (streaming windows) audio_s=1.07 wall_s=0.15 rtf=0.139
2026-10-01T20:22:05.188383Z  INFO request{request_id=01a0f921-9e84-7481-9bd4-001602474cc9 method=POST path=/v1/transcribe}: gigastt_core::inference::audio::wave: Audio (wave): 48000Hz, 1ch (streaming windows)
2026-10-01T20:22:05.194323Z  INFO request{request_id=01a0f921-9df5-7455-af0c-09ada967ff52 method=POST path=/v1/transcribe}: gigastt_core::inference::engine::infer: encoder_inference elapsed_ms=144
2026-10-01T20:22:05.194417Z  INFO request{request_id=01a0f921-9df5-7455-af0c-09ada967ff52 method=POST path=/v1/transcribe}: gigastt_core::inference::engine::file_stream: transcribe complete (streaming windows) audio_s=1.07 wall_s=0.15 rtf=0.138
2026-10-01T20:22:05.198273Z  INFO request{request_id=01a0f921-9e8e-7075-bf31-addb33865d57 method=POST path=/v1/transcribe}: gigastt_core::inference::audio::wave: Audio (wave): 48000Hz, 1ch (streaming windows)
2026-10-01T20:22:05.370328Z  INFO request{request_id=01a0f921-9e8e-7075-bf31-addb33865d57 method=POST path=/v1/transcribe}: gigastt_core::inference::engine::infer: encoder_inference elapsed_ms=167
2026-10-01T20:22:05.370415Z  INFO request{request_id=01a0f921-9e8e-7075-bf31-addb33865d57 method=POST path=/v1/transcribe}: gigastt_core::inference::engine::file_stream: transcribe complete (streaming windows) audio_s=1.42 wall_s=0.17 rtf=0.121
2026-10-01T20:22:05.376269Z  INFO request{request_id=01a0f921-9f40-726d-b49d-756c373e57d2 method=POST path=/v1/transcribe}: gigastt_core::inference::audio::wave: Audio (wave): 48000Hz, 1ch (streaming windows)
2026-10-01T20:22:05.386153Z  INFO request{request_id=01a0f921-9e84-7481-9bd4-001602474cc9 method=POST path=/v1/transcribe}: gigastt_core::inference::engine::infer: encoder_inference elapsed_ms=194
2026-10-01T20:22:05.386225Z  INFO request{request_id=01a0f921-9e84-7481-9bd4-001602474cc9 method=POST path=/v1/transcribe}: gigastt_core::inference::engine::file_stream: transcribe complete (streaming windows) audio_s=1.63 wall_s=0.20 rtf=0.121
2026-10-01T20:22:05.389836Z  INFO request{request_id=01a0f921-9f4d-7623-8247-76925560bab9 method=POST path=/v1/transcribe}: gigastt_core::inference::audio::wave: Audio (wave): 48000Hz, 1ch (streaming windows)
2026-10-01T20:22:05.598386Z  INFO request{request_id=01a0f921-9f4d-7623-8247-76925560bab9 method=POST path=/v1/transcribe}: gigastt_core::inference::engine::infer: encoder_inference elapsed_ms=205
2026-10-01T20:22:05.598452Z  INFO request{request_id=01a0f921-9f4d-7623-8247-76925560bab9 method=POST path=/v1/transcribe}: gigastt_core::inference::engine::file_stream: transcribe complete (streaming windows) audio_s=1.81 wall_s=0.21 rtf=0.115
2026-10-01T20:22:05.615360Z  INFO request{request_id=01a0f921-a02f-7557-9d05-2a80761068db method=POST path=/v1/transcribe}: gigastt_core::inference::audio::wave: Audio (wave): 48000Hz, 1ch (streaming windows)
2026-10-01T20:22:05.643219Z  INFO request{request_id=01a0f921-9f40-726d-b49d-756c373e57d2 method=POST path=/v1/transcribe}: gigastt_core::inference::engine::infer: encoder_inference elapsed_ms=259
2026-10-01T20:22:05.643324Z  INFO request{request_id=01a0f921-9f40-726d-b49d-756c373e57d2 method=POST path=/v1/transcribe}: gigastt_core::inference::engine::file_stream: transcribe complete (streaming windows) audio_s=2.26 wall_s=0.27 rtf=0.118
2026-10-01T20:22:05.648805Z  INFO request{request_id=01a0f921-a050-77b0-bf5b-7090aaea0050 method=POST path=/v1/transcribe}: gigastt_core::inference::audio::wave: Audio (wave): 48000Hz, 1ch (streaming windows)
2026-10-01T20:22:05.806843Z  INFO request{request_id=01a0f921-a02f-7557-9d05-2a80761068db method=POST path=/v1/transcribe}: gigastt_core::inference::engine::infer: encoder_inference elapsed_ms=188
2026-10-01T20:22:05.806919Z  INFO request{request_id=01a0f921-a02f-7557-9d05-2a80761068db method=POST path=/v1/transcribe}: gigastt_core::inference::engine::file_stream: transcribe complete (streaming windows) audio_s=1.59 wall_s=0.19 rtf=0.121
2026-10-01T20:22:05.813069Z  INFO request{request_id=01a0f921-a0f4-774c-90c6-06c70712c943 method=POST path=/v1/transcribe}: gigastt_core::inference::audio::wave: Audio (wave): 48000Hz, 1ch (streaming windows)
2026-10-01T20:22:05.847901Z  INFO request{request_id=01a0f921-a050-77b0-bf5b-7090aaea0050 method=POST path=/v1/transcribe}: gigastt_core::inference::engine::infer: encoder_inference elapsed_ms=195
2026-10-01T20:22:05.847969Z  INFO request{request_id=01a0f921-a050-77b0-bf5b-7090aaea0050 method=POST path=/v1/transcribe}: gigastt_core::inference::engine::file_stream: transcribe complete (streaming windows) audio_s=1.73 wall_s=0.20 rtf=0.115
2026-10-01T20:22:05.859332Z  INFO request{request_id=01a0f921-a123-727b-96dd-9ea4c6b540c4 method=POST path=/v1/transcribe}: gigastt_core::inference::audio::wave: Audio (wave): 48000Hz, 1ch (streaming windows)
2026-10-01T20:22:05.982334Z  INFO request{request_id=01a0f921-a123-727b-96dd-9ea4c6b540c4 method=POST path=/v1/transcribe}: gigastt_core::inference::engine::infer: encoder_inference elapsed_ms=120
2026-10-01T20:22:05.982401Z  INFO request{request_id=01a0f921-a123-727b-96dd-9ea4c6b540c4 method=POST path=/v1/transcribe}: gigastt_core::inference::engine::file_stream: transcribe complete (streaming windows) audio_s=1.08 wall_s=0.12 rtf=0.114
2026-10-01T20:22:05.988691Z  INFO request{request_id=01a0f921-a1a4-716b-b0b6-bf53f97d8e3e method=POST path=/v1/transcribe}: gigastt_core::inference::audio::wave: Audio (wave): 48000Hz, 1ch (streaming windows)
2026-10-01T20:22:06.011281Z  INFO request{request_id=01a0f921-a0f4-774c-90c6-06c70712c943 method=POST path=/v1/transcribe}: gigastt_core::inference::engine::infer: encoder_inference elapsed_ms=193
2026-10-01T20:22:06.011387Z  INFO request{request_id=01a0f921-a0f4-774c-90c6-06c70712c943 method=POST path=/v1/transcribe}: gigastt_core::inference::engine::file_stream: transcribe complete (streaming windows) audio_s=1.48 wall_s=0.20 rtf=0.134
2026-10-01T20:22:06.016402Z  INFO request{request_id=01a0f921-a1c0-76e4-87cf-7c8f12604703 method=POST path=/v1/transcribe}: gigastt_core::inference::audio::wave: Audio (wave): 48000Hz, 1ch (streaming windows)
2026-10-01T20:22:06.148067Z  INFO request{request_id=01a0f921-a1a4-716b-b0b6-bf53f97d8e3e method=POST path=/v1/transcribe}: gigastt_core::inference::engine::infer: encoder_inference elapsed_ms=155
2026-10-01T20:22:06.148148Z  INFO request{request_id=01a0f921-a1a4-716b-b0b6-bf53f97d8e3e method=POST path=/v1/transcribe}: gigastt_core::inference::engine::file_stream: transcribe complete (streaming windows) audio_s=1.07 wall_s=0.16 rtf=0.149
2026-10-01T20:22:06.155933Z  INFO request{request_id=01a0f921-a24b-75cb-baa4-0a567742b0c4 method=POST path=/v1/transcribe}: gigastt_core::inference::audio::wave: Audio (wave): 48000Hz, 1ch (streaming windows)
2026-10-01T20:22:06.174093Z  INFO request{request_id=01a0f921-a1c0-76e4-87cf-7c8f12604703 method=POST path=/v1/transcribe}: gigastt_core::inference::engine::infer: encoder_inference elapsed_ms=153
2026-10-01T20:22:06.174164Z  INFO request{request_id=01a0f921-a1c0-76e4-87cf-7c8f12604703 method=POST path=/v1/transcribe}: gigastt_core::inference::engine::file_stream: transcribe complete (streaming windows) audio_s=1.05 wall_s=0.16 rtf=0.150
2026-10-01T20:22:06.180631Z  INFO request{request_id=01a0f921-a264-768d-86d1-bd3c425920e4 method=POST path=/v1/transcribe}: gigastt_core::inference::audio::wave: Audio (wave): 48000Hz, 1ch (streaming windows)
2026-10-01T20:22:06.328714Z  INFO request{request_id=01a0f921-a264-768d-86d1-bd3c425920e4 method=POST path=/v1/transcribe}: gigastt_core::inference::engine::infer: encoder_inference elapsed_ms=144
2026-10-01T20:22:06.328796Z  INFO request{request_id=01a0f921-a264-768d-86d1-bd3c425920e4 method=POST path=/v1/transcribe}: gigastt_core::inference::engine::file_stream: transcribe complete (streaming windows) audio_s=1.10 wall_s=0.15 rtf=0.135
2026-10-01T20:22:06.334400Z  INFO request{request_id=01a0f921-a2fe-71ac-b34b-da16949d657f method=POST path=/v1/transcribe}: gigastt_core::inference::audio::wave: Audio (wave): 48000Hz, 1ch (streaming windows)
2026-10-01T20:22:06.362117Z  INFO request{request_id=01a0f921-a24b-75cb-baa4-0a567742b0c4 method=POST path=/v1/transcribe}: gigastt_core::inference::engine::infer: encoder_inference elapsed_ms=201
2026-10-01T20:22:06.362194Z  INFO request{request_id=01a0f921-a24b-75cb-baa4-0a567742b0c4 method=POST path=/v1/transcribe}: gigastt_core::inference::engine::file_stream: transcribe complete (streaming windows) audio_s=1.69 wall_s=0.21 rtf=0.122
2026-10-01T20:22:06.370581Z  INFO request{request_id=01a0f921-a322-746b-88dc-d66c5db98b71 method=POST path=/v1/transcribe}: gigastt_core::inference::audio::wave: Audio (wave): 48000Hz, 1ch (streaming windows)
2026-10-01T20:22:06.529043Z  INFO request{request_id=01a0f921-a2fe-71ac-b34b-da16949d657f method=POST path=/v1/transcribe}: gigastt_core::inference::engine::infer: encoder_inference elapsed_ms=189
2026-10-01T20:22:06.529111Z  INFO request{request_id=01a0f921-a2fe-71ac-b34b-da16949d657f method=POST path=/v1/transcribe}: gigastt_core::inference::engine::file_stream: transcribe complete (streaming windows) audio_s=1.59 wall_s=0.19 rtf=0.123
2026-10-01T20:22:06.542784Z  INFO request{request_id=01a0f921-a3ce-76f2-8d5a-550b64724ea6 method=POST path=/v1/transcribe}: gigastt_core::inference::audio::wave: Audio (wave): 48000Hz, 1ch (streaming windows)
2026-10-01T20:22:06.641396Z  INFO request{request_id=01a0f921-a322-746b-88dc-d66c5db98b71 method=POST path=/v1/transcribe}: gigastt_core::inference::engine::infer: encoder_inference elapsed_ms=266
2026-10-01T20:22:06.641493Z  INFO request{request_id=01a0f921-a322-746b-88dc-d66c5db98b71 method=POST path=/v1/transcribe}: gigastt_core::inference::engine::file_stream: transcribe complete (streaming windows) audio_s=2.35 wall_s=0.27 rtf=0.115
2026-10-01T20:22:06.651411Z  INFO request{request_id=01a0f921-a43b-7085-a1da-8a093c1489ff method=POST path=/v1/transcribe}: gigastt_core::inference::audio::wave: Audio (wave): 48000Hz, 1ch (streaming windows)
2026-10-01T20:22:06.829123Z  INFO request{request_id=01a0f921-a43b-7085-a1da-8a093c1489ff method=POST path=/v1/transcribe}: gigastt_core::inference::engine::infer: encoder_inference elapsed_ms=172
2026-10-01T20:22:06.829206Z  INFO request{request_id=01a0f921-a43b-7085-a1da-8a093c1489ff method=POST path=/v1/transcribe}: gigastt_core::inference::engine::file_stream: transcribe complete (streaming windows) audio_s=1.32 wall_s=0.18 rtf=0.135
2026-10-01T20:22:06.844960Z  INFO request{request_id=01a0f921-a4fc-763c-a580-e9f70eea3780 method=POST path=/v1/transcribe}: gigastt_core::inference::audio::wave: Audio (wave): 48000Hz, 1ch (streaming windows)
2026-10-01T20:22:06.853030Z  INFO request{request_id=01a0f921-a3ce-76f2-8d5a-550b64724ea6 method=POST path=/v1/transcribe}: gigastt_core::inference::engine::infer: encoder_inference elapsed_ms=306
2026-10-01T20:22:06.853123Z  INFO request{request_id=01a0f921-a3ce-76f2-8d5a-550b64724ea6 method=POST path=/v1/transcribe}: gigastt_core::inference::engine::file_stream: transcribe complete (streaming windows) audio_s=2.89 wall_s=0.31 rtf=0.107
2026-10-01T20:22:06.869344Z  INFO request{request_id=01a0f921-a515-737d-a55f-d810a60f6928 method=POST path=/v1/transcribe}: gigastt_core::inference::audio::wave: Audio (wave): 48000Hz, 1ch (streaming windows)
2026-10-01T20:22:07.005005Z  INFO request{request_id=01a0f921-a4fc-763c-a580-e9f70eea3780 method=POST path=/v1/transcribe}: gigastt_core::inference::engine::infer: encoder_inference elapsed_ms=156
2026-10-01T20:22:07.005100Z  INFO request{request_id=01a0f921-a4fc-763c-a580-e9f70eea3780 method=POST path=/v1/transcribe}: gigastt_core::inference::engine::file_stream: transcribe complete (streaming windows) audio_s=1.15 wall_s=0.16 rtf=0.139
2026-10-01T20:22:07.013435Z  INFO request{request_id=01a0f921-a5a5-71b2-8fdf-840a8ba0e61d method=POST path=/v1/transcribe}: gigastt_core::inference::audio::wave: Audio (wave): 48000Hz, 1ch (streaming windows)
2026-10-01T20:22:07.069464Z  INFO request{request_id=01a0f921-a515-737d-a55f-d810a60f6928 method=POST path=/v1/transcribe}: gigastt_core::inference::engine::infer: encoder_inference elapsed_ms=196
2026-10-01T20:22:07.069540Z  INFO request{request_id=01a0f921-a515-737d-a55f-d810a60f6928 method=POST path=/v1/transcribe}: gigastt_core::inference::engine::file_stream: transcribe complete (streaming windows) audio_s=1.61 wall_s=0.20 rtf=0.125
2026-10-01T20:22:07.089300Z  INFO request{request_id=01a0f921-a5f1-7569-8fc8-fb35d465b93c method=POST path=/v1/transcribe}: gigastt_core::inference::audio::wave: Audio (wave): 48000Hz, 1ch (streaming windows)
2026-10-01T20:22:07.180382Z  INFO request{request_id=01a0f921-a5a5-71b2-8fdf-840a8ba0e61d method=POST path=/v1/transcribe}: gigastt_core::inference::engine::infer: encoder_inference elapsed_ms=162
2026-10-01T20:22:07.180455Z  INFO request{request_id=01a0f921-a5a5-71b2-8fdf-840a8ba0e61d method=POST path=/v1/transcribe}: gigastt_core::inference::engine::file_stream: transcribe complete (streaming windows) audio_s=1.21 wall_s=0.17 rtf=0.138
2026-10-01T20:22:07.193331Z  INFO request{request_id=01a0f921-a659-77b8-bebe-3b6a934d0770 method=POST path=/v1/transcribe}: gigastt_core::inference::audio::wave: Audio (wave): 48000Hz, 1ch (streaming windows)
2026-10-01T20:22:07.290073Z  INFO request{request_id=01a0f921-a5f1-7569-8fc8-fb35d465b93c method=POST path=/v1/transcribe}: gigastt_core::inference::engine::infer: encoder_inference elapsed_ms=197
2026-10-01T20:22:07.290161Z  INFO request{request_id=01a0f921-a5f1-7569-8fc8-fb35d465b93c method=POST path=/v1/transcribe}: gigastt_core::inference::engine::file_stream: transcribe complete (streaming windows) audio_s=1.56 wall_s=0.20 rtf=0.129
2026-10-01T20:22:07.293399Z  INFO request{request_id=01a0f921-a6bd-7136-94f9-c445a6bd2577 method=POST path=/v1/transcribe}: gigastt_core::inference::audio::wave: Audio (wave): 48000Hz, 1ch (streaming windows)
2026-10-01T20:22:07.444074Z  INFO request{request_id=01a0f921-a6bd-7136-94f9-c445a6bd2577 method=POST path=/v1/transcribe}: gigastt_core::inference::engine::infer: encoder_inference elapsed_ms=144
2026-10-01T20:22:07.444159Z  INFO request{request_id=01a0f921-a6bd-7136-94f9-c445a6bd2577 method=POST path=/v1/transcribe}: gigastt_core::inference::engine::file_stream: transcribe complete (streaming windows) audio_s=1.01 wall_s=0.15 rtf=0.149
2026-10-01T20:22:07.447166Z  INFO request{request_id=01a0f921-a757-75ad-ae61-3a140bc06b73 method=POST path=/v1/transcribe}: gigastt_core::inference::audio::wave: Audio (wave): 48000Hz, 1ch (streaming windows)
2026-10-01T20:22:07.597471Z  INFO request{request_id=01a0f921-a659-77b8-bebe-3b6a934d0770 method=POST path=/v1/transcribe}: gigastt_core::inference::engine::infer: encoder_inference elapsed_ms=397
2026-10-01T20:22:07.597559Z  INFO request{request_id=01a0f921-a659-77b8-bebe-3b6a934d0770 method=POST path=/v1/transcribe}: gigastt_core::inference::engine::file_stream: transcribe complete (streaming windows) audio_s=3.74 wall_s=0.40 rtf=0.108
2026-10-01T20:22:07.603090Z  INFO request{request_id=01a0f921-a7f2-765b-9bf7-11ea03ce23b5 method=POST path=/v1/transcribe}: gigastt_core::inference::audio::wave: Audio (wave): 48000Hz, 1ch (streaming windows)
2026-10-01T20:22:07.655430Z  INFO request{request_id=01a0f921-a757-75ad-ae61-3a140bc06b73 method=POST path=/v1/transcribe}: gigastt_core::inference::engine::infer: encoder_inference elapsed_ms=203
2026-10-01T20:22:07.655506Z  INFO request{request_id=01a0f921-a757-75ad-ae61-3a140bc06b73 method=POST path=/v1/transcribe}: gigastt_core::inference::engine::file_stream: transcribe complete (streaming windows) audio_s=1.66 wall_s=0.21 rtf=0.125
2026-10-01T20:22:07.658485Z  INFO request{request_id=01a0f921-a82a-7359-9d2a-8ed7844dc90d method=POST path=/v1/transcribe}: gigastt_core::inference::audio::wave: Audio (wave): 48000Hz, 1ch (streaming windows)
2026-10-01T20:22:07.781410Z  INFO request{request_id=01a0f921-a7f2-765b-9bf7-11ea03ce23b5 method=POST path=/v1/transcribe}: gigastt_core::inference::engine::infer: encoder_inference elapsed_ms=175
2026-10-01T20:22:07.781482Z  INFO request{request_id=01a0f921-a7f2-765b-9bf7-11ea03ce23b5 method=POST path=/v1/transcribe}: gigastt_core::inference::engine::file_stream: transcribe complete (streaming windows) audio_s=1.39 wall_s=0.18 rtf=0.128
2026-10-01T20:22:07.787296Z  INFO request{request_id=01a0f921-a8ab-7789-bbfd-7fbf383ff9a7 method=POST path=/v1/transcribe}: gigastt_core::inference::audio::wave: Audio (wave): 48000Hz, 1ch (streaming windows)
2026-10-01T20:22:07.875343Z  INFO request{request_id=01a0f921-a82a-7359-9d2a-8ed7844dc90d method=POST path=/v1/transcribe}: gigastt_core::inference::engine::infer: encoder_inference elapsed_ms=211
2026-10-01T20:22:07.875430Z  INFO request{request_id=01a0f921-a82a-7359-9d2a-8ed7844dc90d method=POST path=/v1/transcribe}: gigastt_core::inference::engine::file_stream: transcribe complete (streaming windows) audio_s=1.80 wall_s=0.22 rtf=0.120
2026-10-01T20:22:07.878295Z  INFO request{request_id=01a0f921-a906-752f-88d4-b9421c2905d1 method=POST path=/v1/transcribe}: gigastt_core::inference::audio::wave: Audio (wave): 48000Hz, 1ch (streaming windows)
2026-10-01T20:22:07.992254Z  INFO request{request_id=01a0f921-a8ab-7789-bbfd-7fbf383ff9a7 method=POST path=/v1/transcribe}: gigastt_core::inference::engine::infer: encoder_inference elapsed_ms=201
2026-10-01T20:22:07.992327Z  INFO request{request_id=01a0f921-a8ab-7789-bbfd-7fbf383ff9a7 method=POST path=/v1/transcribe}: gigastt_core::inference::engine::file_stream: transcribe complete (streaming windows) audio_s=1.49 wall_s=0.21 rtf=0.137
2026-10-01T20:22:07.997934Z  INFO request{request_id=01a0f921-a97d-736f-a2b4-1386b241253f method=POST path=/v1/transcribe}: gigastt_core::inference::audio::wave: Audio (wave): 48000Hz, 1ch (streaming windows)
2026-10-01T20:22:08.056431Z  INFO request{request_id=01a0f921-a906-752f-88d4-b9421c2905d1 method=POST path=/v1/transcribe}: gigastt_core::inference::engine::infer: encoder_inference elapsed_ms=175
2026-10-01T20:22:08.056493Z  INFO request{request_id=01a0f921-a906-752f-88d4-b9421c2905d1 method=POST path=/v1/transcribe}: gigastt_core::inference::engine::file_stream: transcribe complete (streaming windows) audio_s=1.36 wall_s=0.18 rtf=0.131
2026-10-01T20:22:08.059062Z  INFO request{request_id=01a0f921-a9ba-72c5-9894-f9ff61861ae5 method=POST path=/v1/transcribe}: gigastt_core::inference::audio::wave: Audio (wave): 48000Hz, 1ch (streaming windows)
2026-10-01T20:22:08.163619Z  INFO request{request_id=01a0f921-a97d-736f-a2b4-1386b241253f method=POST path=/v1/transcribe}: gigastt_core::inference::engine::infer: encoder_inference elapsed_ms=161
2026-10-01T20:22:08.163683Z  INFO request{request_id=01a0f921-a97d-736f-a2b4-1386b241253f method=POST path=/v1/transcribe}: gigastt_core::inference::engine::file_stream: transcribe complete (streaming windows) audio_s=1.19 wall_s=0.17 rtf=0.139
2026-10-01T20:22:08.166881Z  INFO request{request_id=01a0f921-aa26-746a-bc45-624e89ae3b50 method=POST path=/v1/transcribe}: gigastt_core::inference::audio::wave: Audio (wave): 48000Hz, 1ch (streaming windows)
2026-10-01T20:22:08.267949Z  INFO request{request_id=01a0f921-a9ba-72c5-9894-f9ff61861ae5 method=POST path=/v1/transcribe}: gigastt_core::inference::engine::infer: encoder_inference elapsed_ms=205
2026-10-01T20:22:08.268030Z  INFO request{request_id=01a0f921-a9ba-72c5-9894-f9ff61861ae5 method=POST path=/v1/transcribe}: gigastt_core::inference::engine::file_stream: transcribe complete (streaming windows) audio_s=1.73 wall_s=0.21 rtf=0.121
2026-10-01T20:22:08.270829Z  INFO request{request_id=01a0f921-aa8e-71e0-8a31-3773bbc48fc7 method=POST path=/v1/transcribe}: gigastt_core::inference::audio::wave: Audio (wave): 48000Hz, 1ch (streaming windows)
2026-10-01T20:22:08.373553Z  INFO request{request_id=01a0f921-aa26-746a-bc45-624e89ae3b50 method=POST path=/v1/transcribe}: gigastt_core::inference::engine::infer: encoder_inference elapsed_ms=202
2026-10-01T20:22:08.373661Z  INFO request{request_id=01a0f921-aa26-746a-bc45-624e89ae3b50 method=POST path=/v1/transcribe}: gigastt_core::inference::engine::file_stream: transcribe complete (streaming windows) audio_s=1.97 wall_s=0.21 rtf=0.105
2026-10-01T20:22:08.376552Z  INFO request{request_id=01a0f921-aaf8-72d7-ac9c-ff82341a3214 method=POST path=/v1/transcribe}: gigastt_core::inference::audio::wave: Audio (wave): 48000Hz, 1ch (streaming windows)
2026-10-01T20:22:08.459735Z  INFO request{request_id=01a0f921-aa8e-71e0-8a31-3773bbc48fc7 method=POST path=/v1/transcribe}: gigastt_core::inference::engine::infer: encoder_inference elapsed_ms=184
2026-10-01T20:22:08.459806Z  INFO request{request_id=01a0f921-aa8e-71e0-8a31-3773bbc48fc7 method=POST path=/v1/transcribe}: gigastt_core::inference::engine::file_stream: transcribe complete (streaming windows) audio_s=1.41 wall_s=0.19 rtf=0.134
2026-10-01T20:22:08.462615Z  INFO request{request_id=01a0f921-ab4e-7767-8789-c894418750f8 method=POST path=/v1/transcribe}: gigastt_core::inference::audio::wave: Audio (wave): 48000Hz, 1ch (streaming windows)
2026-10-01T20:22:08.531188Z  INFO request{request_id=01a0f921-aaf8-72d7-ac9c-ff82341a3214 method=POST path=/v1/transcribe}: gigastt_core::inference::engine::infer: encoder_inference elapsed_ms=150
2026-10-01T20:22:08.531256Z  INFO request{request_id=01a0f921-aaf8-72d7-ac9c-ff82341a3214 method=POST path=/v1/transcribe}: gigastt_core::inference::engine::file_stream: transcribe complete (streaming windows) audio_s=1.15 wall_s=0.15 rtf=0.134
2026-10-01T20:22:08.534382Z  INFO request{request_id=01a0f921-ab96-73af-a458-8e95114f3746 method=POST path=/v1/transcribe}: gigastt_core::inference::audio::wave: Audio (wave): 48000Hz, 1ch (streaming windows)
2026-10-01T20:22:08.669331Z  INFO request{request_id=01a0f921-ab4e-7767-8789-c894418750f8 method=POST path=/v1/transcribe}: gigastt_core::inference::engine::infer: encoder_inference elapsed_ms=203
2026-10-01T20:22:08.669411Z  INFO request{request_id=01a0f921-ab4e-7767-8789-c894418750f8 method=POST path=/v1/transcribe}: gigastt_core::inference::engine::file_stream: transcribe complete (streaming windows) audio_s=1.69 wall_s=0.21 rtf=0.122
2026-10-01T20:22:08.672469Z  INFO request{request_id=01a0f921-ac20-74d6-9ddc-b46d9f11a822 method=POST path=/v1/transcribe}: gigastt_core::inference::audio::wave: Audio (wave): 48000Hz, 1ch (streaming windows)
2026-10-01T20:22:08.737771Z  INFO request{request_id=01a0f921-ab96-73af-a458-8e95114f3746 method=POST path=/v1/transcribe}: gigastt_core::inference::engine::infer: encoder_inference elapsed_ms=199
2026-10-01T20:22:08.737849Z  INFO request{request_id=01a0f921-ab96-73af-a458-8e95114f3746 method=POST path=/v1/transcribe}: gigastt_core::inference::engine::file_stream: transcribe complete (streaming windows) audio_s=1.73 wall_s=0.20 rtf=0.118
2026-10-01T20:22:08.740613Z  INFO request{request_id=01a0f921-ac64-7001-8033-a227f2299b9c method=POST path=/v1/transcribe}: gigastt_core::inference::audio::wave: Audio (wave): 48000Hz, 1ch (streaming windows)
2026-10-01T20:22:08.862464Z  INFO request{request_id=01a0f921-ac20-74d6-9ddc-b46d9f11a822 method=POST path=/v1/transcribe}: gigastt_core::inference::engine::infer: encoder_inference elapsed_ms=184
2026-10-01T20:22:08.862547Z  INFO request{request_id=01a0f921-ac20-74d6-9ddc-b46d9f11a822 method=POST path=/v1/transcribe}: gigastt_core::inference::engine::file_stream: transcribe complete (streaming windows) audio_s=1.32 wall_s=0.19 rtf=0.144
2026-10-01T20:22:08.868307Z  INFO request{request_id=01a0f921-ace4-70bf-821d-e0c57900113b method=POST path=/v1/transcribe}: gigastt_core::inference::audio::wave: Audio (wave): 48000Hz, 1ch (streaming windows)
2026-10-01T20:22:08.886488Z  INFO request{request_id=01a0f921-ac64-7001-8033-a227f2299b9c method=POST path=/v1/transcribe}: gigastt_core::inference::engine::infer: encoder_inference elapsed_ms=142
2026-10-01T20:22:08.886553Z  INFO request{request_id=01a0f921-ac64-7001-8033-a227f2299b9c method=POST path=/v1/transcribe}: gigastt_core::inference::engine::file_stream: transcribe complete (streaming windows) audio_s=1.04 wall_s=0.15 rtf=0.140
2026-10-01T20:22:08.889037Z  INFO request{request_id=01a0f921-acf8-7047-9522-fc760ecbf526 method=POST path=/v1/transcribe}: gigastt_core::inference::audio::wave: Audio (wave): 48000Hz, 1ch (streaming windows)
2026-10-01T20:22:09.032762Z  INFO request{request_id=01a0f921-acf8-7047-9522-fc760ecbf526 method=POST path=/v1/transcribe}: gigastt_core::inference::engine::infer: encoder_inference elapsed_ms=140
2026-10-01T20:22:09.032825Z  INFO request{request_id=01a0f921-acf8-7047-9522-fc760ecbf526 method=POST path=/v1/transcribe}: gigastt_core::inference::engine::file_stream: transcribe complete (streaming windows) audio_s=1.11 wall_s=0.14 rtf=0.129
2026-10-01T20:22:09.036290Z  INFO request{request_id=01a0f921-ad8c-724b-b53a-34fda79f2a7c method=POST path=/v1/transcribe}: gigastt_core::inference::audio::wave: Audio (wave): 48000Hz, 1ch (streaming windows)
2026-10-01T20:22:09.113943Z  INFO request{request_id=01a0f921-ace4-70bf-821d-e0c57900113b method=POST path=/v1/transcribe}: gigastt_core::inference::engine::infer: encoder_inference elapsed_ms=240
2026-10-01T20:22:09.114032Z  INFO request{request_id=01a0f921-ace4-70bf-821d-e0c57900113b method=POST path=/v1/transcribe}: gigastt_core::inference::engine::file_stream: transcribe complete (streaming windows) audio_s=1.99 wall_s=0.25 rtf=0.124
2026-10-01T20:22:09.116749Z  INFO request{request_id=01a0f921-addc-7758-8007-4c9070c112be method=POST path=/v1/transcribe}: gigastt_core::inference::audio::wave: Audio (wave): 48000Hz, 1ch (streaming windows)
2026-10-01T20:22:09.183789Z  INFO request{request_id=01a0f921-ad8c-724b-b53a-34fda79f2a7c method=POST path=/v1/transcribe}: gigastt_core::inference::engine::infer: encoder_inference elapsed_ms=144
2026-10-01T20:22:09.183866Z  INFO request{request_id=01a0f921-ad8c-724b-b53a-34fda79f2a7c method=POST path=/v1/transcribe}: gigastt_core::inference::engine::file_stream: transcribe complete (streaming windows) audio_s=1.16 wall_s=0.15 rtf=0.127
2026-10-01T20:22:09.187018Z  INFO request{request_id=01a0f921-ae22-742d-adb3-b2542b5ca27c method=POST path=/v1/transcribe}: gigastt_core::inference::audio::wave: Audio (wave): 48000Hz, 1ch (streaming windows)
2026-10-01T20:22:09.274851Z  INFO request{request_id=01a0f921-addc-7758-8007-4c9070c112be method=POST path=/v1/transcribe}: gigastt_core::inference::engine::infer: encoder_inference elapsed_ms=153
2026-10-01T20:22:09.274916Z  INFO request{request_id=01a0f921-addc-7758-8007-4c9070c112be method=POST path=/v1/transcribe}: gigastt_core::inference::engine::file_stream: transcribe complete (streaming windows) audio_s=1.18 wall_s=0.16 rtf=0.134
2026-10-01T20:22:09.277582Z  INFO request{request_id=01a0f921-ae7d-7432-98f8-55bbffca1891 method=POST path=/v1/transcribe}: gigastt_core::inference::audio::wave: Audio (wave): 48000Hz, 1ch (streaming windows)
2026-10-01T20:22:09.332120Z  INFO request{request_id=01a0f921-ae22-742d-adb3-b2542b5ca27c method=POST path=/v1/transcribe}: gigastt_core::inference::engine::infer: encoder_inference elapsed_ms=142
2026-10-01T20:22:09.332189Z  INFO request{request_id=01a0f921-ae22-742d-adb3-b2542b5ca27c method=POST path=/v1/transcribe}: gigastt_core::inference::engine::file_stream: transcribe complete (streaming windows) audio_s=1.13 wall_s=0.15 rtf=0.128
2026-10-01T20:22:09.334998Z  INFO request{request_id=01a0f921-aeb6-7191-85e3-23b39bf6ab0c method=POST path=/v1/transcribe}: gigastt_core::inference::audio::wave: Audio (wave): 48000Hz, 1ch (streaming windows)
2026-10-01T20:22:09.456388Z  INFO request{request_id=01a0f921-ae7d-7432-98f8-55bbffca1891 method=POST path=/v1/transcribe}: gigastt_core::inference::engine::infer: encoder_inference elapsed_ms=173
2026-10-01T20:22:09.456465Z  INFO request{request_id=01a0f921-ae7d-7432-98f8-55bbffca1891 method=POST path=/v1/transcribe}: gigastt_core::inference::engine::file_stream: transcribe complete (streaming windows) audio_s=1.34 wall_s=0.18 rtf=0.133
2026-10-01T20:22:09.459506Z  INFO request{request_id=01a0f921-af33-75ca-b320-da0b5169ad4c method=POST path=/v1/transcribe}: gigastt_core::inference::audio::wave: Audio (wave): 48000Hz, 1ch (streaming windows)
2026-10-01T20:22:09.499519Z  INFO request{request_id=01a0f921-aeb6-7191-85e3-23b39bf6ab0c method=POST path=/v1/transcribe}: gigastt_core::inference::engine::infer: encoder_inference elapsed_ms=161
2026-10-01T20:22:09.499589Z  INFO request{request_id=01a0f921-aeb6-7191-85e3-23b39bf6ab0c method=POST path=/v1/transcribe}: gigastt_core::inference::engine::file_stream: transcribe complete (streaming windows) audio_s=1.49 wall_s=0.16 rtf=0.110
2026-10-01T20:22:09.502426Z  INFO request{request_id=01a0f921-af5e-71f9-bf3d-056e4b257b02 method=POST path=/v1/transcribe}: gigastt_core::inference::audio::wave: Audio (wave): 48000Hz, 1ch (streaming windows)
2026-10-01T20:22:09.608598Z  INFO request{request_id=01a0f921-af33-75ca-b320-da0b5169ad4c method=POST path=/v1/transcribe}: gigastt_core::inference::engine::infer: encoder_inference elapsed_ms=144
2026-10-01T20:22:09.608681Z  INFO request{request_id=01a0f921-af33-75ca-b320-da0b5169ad4c method=POST path=/v1/transcribe}: gigastt_core::inference::engine::file_stream: transcribe complete (streaming windows) audio_s=1.08 wall_s=0.15 rtf=0.138
2026-10-01T20:22:09.611428Z  INFO request{request_id=01a0f921-afcb-7227-83a0-b8ccbff40bd0 method=POST path=/v1/transcribe}: gigastt_core::inference::audio::wave: Audio (wave): 48000Hz, 1ch (streaming windows)
2026-10-01T20:22:09.759569Z  INFO request{request_id=01a0f921-af5e-71f9-bf3d-056e4b257b02 method=POST path=/v1/transcribe}: gigastt_core::inference::engine::infer: encoder_inference elapsed_ms=253
2026-10-01T20:22:09.759653Z  INFO request{request_id=01a0f921-af5e-71f9-bf3d-056e4b257b02 method=POST path=/v1/transcribe}: gigastt_core::inference::engine::file_stream: transcribe complete (streaming windows) audio_s=2.41 wall_s=0.26 rtf=0.107
2026-10-01T20:22:09.765439Z  INFO request{request_id=01a0f921-b065-7606-bf1c-bea765315b37 method=POST path=/v1/transcribe}: gigastt_core::inference::audio::wave: Audio (wave): 48000Hz, 1ch (streaming windows)
2026-10-01T20:22:09.881424Z  INFO request{request_id=01a0f921-afcb-7227-83a0-b8ccbff40bd0 method=POST path=/v1/transcribe}: gigastt_core::inference::engine::infer: encoder_inference elapsed_ms=266
2026-10-01T20:22:09.881502Z  INFO request{request_id=01a0f921-afcb-7227-83a0-b8ccbff40bd0 method=POST path=/v1/transcribe}: gigastt_core::inference::engine::file_stream: transcribe complete (streaming windows) audio_s=2.57 wall_s=0.27 rtf=0.105
2026-10-01T20:22:09.886672Z  INFO request{request_id=01a0f921-b0de-7615-b941-9197e562b74d method=POST path=/v1/transcribe}: gigastt_core::inference::audio::wave: Audio (wave): 48000Hz, 1ch (streaming windows)
2026-10-01T20:22:09.959412Z  INFO request{request_id=01a0f921-b065-7606-bf1c-bea765315b37 method=POST path=/v1/transcribe}: gigastt_core::inference::engine::infer: encoder_inference elapsed_ms=190
2026-10-01T20:22:09.959488Z  INFO request{request_id=01a0f921-b065-7606-bf1c-bea765315b37 method=POST path=/v1/transcribe}: gigastt_core::inference::engine::file_stream: transcribe complete (streaming windows) audio_s=1.69 wall_s=0.19 rtf=0.114
2026-10-01T20:22:09.962370Z  INFO request{request_id=01a0f921-b12a-7416-a33b-5887b03cede9 method=POST path=/v1/transcribe}: gigastt_core::inference::audio::wave: Audio (wave): 48000Hz, 1ch (streaming windows)
2026-10-01T20:22:10.045707Z  INFO request{request_id=01a0f921-b0de-7615-b941-9197e562b74d method=POST path=/v1/transcribe}: gigastt_core::inference::engine::infer: encoder_inference elapsed_ms=156
2026-10-01T20:22:10.045779Z  INFO request{request_id=01a0f921-b0de-7615-b941-9197e562b74d method=POST path=/v1/transcribe}: gigastt_core::inference::engine::file_stream: transcribe complete (streaming windows) audio_s=1.21 wall_s=0.16 rtf=0.132
2026-10-01T20:22:10.048482Z  INFO request{request_id=01a0f921-b180-7778-9a76-bf1a8aded907 method=POST path=/v1/transcribe}: gigastt_core::inference::audio::wave: Audio (wave): 48000Hz, 1ch (streaming windows)
2026-10-01T20:22:10.154032Z  INFO request{request_id=01a0f921-b12a-7416-a33b-5887b03cede9 method=POST path=/v1/transcribe}: gigastt_core::inference::engine::infer: encoder_inference elapsed_ms=188
2026-10-01T20:22:10.154120Z  INFO request{request_id=01a0f921-b12a-7416-a33b-5887b03cede9 method=POST path=/v1/transcribe}: gigastt_core::inference::engine::file_stream: transcribe complete (streaming windows) audio_s=1.56 wall_s=0.19 rtf=0.123
2026-10-01T20:22:10.158297Z  INFO request{request_id=01a0f921-b1ee-717e-a6b1-77256c09a24d method=POST path=/v1/transcribe}: gigastt_core::inference::audio::wave: Audio (wave): 48000Hz, 1ch (streaming windows)
2026-10-01T20:22:10.211843Z  INFO request{request_id=01a0f921-b180-7778-9a76-bf1a8aded907 method=POST path=/v1/transcribe}: gigastt_core::inference::engine::infer: encoder_inference elapsed_ms=160
2026-10-01T20:22:10.211907Z  INFO request{request_id=01a0f921-b180-7778-9a76-bf1a8aded907 method=POST path=/v1/transcribe}: gigastt_core::inference::engine::file_stream: transcribe complete (streaming windows) audio_s=1.34 wall_s=0.16 rtf=0.122
2026-10-01T20:22:10.214187Z  INFO request{request_id=01a0f921-b226-75cb-829c-68296db8d70d method=POST path=/v1/transcribe}: gigastt_core::inference::audio::wave: Audio (wave): 48000Hz, 1ch (streaming windows)
2026-10-01T20:22:10.309644Z  INFO request{request_id=01a0f921-b1ee-717e-a6b1-77256c09a24d method=POST path=/v1/transcribe}: gigastt_core::inference::engine::infer: encoder_inference elapsed_ms=146
2026-10-01T20:22:10.309720Z  INFO request{request_id=01a0f921-b1ee-717e-a6b1-77256c09a24d method=POST path=/v1/transcribe}: gigastt_core::inference::engine::file_stream: transcribe complete (streaming windows) audio_s=1.13 wall_s=0.15 rtf=0.134
2026-10-01T20:22:10.312160Z  INFO request{request_id=01a0f921-b287-707e-9b0d-49e7286b1e4c method=POST path=/v1/transcribe}: gigastt_core::inference::audio::wave: Audio (wave): 48000Hz, 1ch (streaming windows)
2026-10-01T20:22:10.351842Z  INFO request{request_id=01a0f921-b226-75cb-829c-68296db8d70d method=POST path=/v1/transcribe}: gigastt_core::inference::engine::infer: encoder_inference elapsed_ms=134
2026-10-01T20:22:10.351924Z  INFO request{request_id=01a0f921-b226-75cb-829c-68296db8d70d method=POST path=/v1/transcribe}: gigastt_core::inference::engine::file_stream: transcribe complete (streaming windows) audio_s=1.08 wall_s=0.14 rtf=0.127
2026-10-01T20:22:10.355392Z  INFO request{request_id=01a0f921-b2b3-76eb-bf6a-09328a4ab27a method=POST path=/v1/transcribe}: gigastt_core::inference::audio::wave: Audio (wave): 48000Hz, 1ch (streaming windows)
2026-10-01T20:22:10.460952Z  INFO request{request_id=01a0f921-b287-707e-9b0d-49e7286b1e4c method=POST path=/v1/transcribe}: gigastt_core::inference::engine::infer: encoder_inference elapsed_ms=144
2026-10-01T20:22:10.461038Z  INFO request{request_id=01a0f921-b287-707e-9b0d-49e7286b1e4c method=POST path=/v1/transcribe}: gigastt_core::inference::engine::file_stream: transcribe complete (streaming windows) audio_s=1.01 wall_s=0.15 rtf=0.147
2026-10-01T20:22:10.466690Z  INFO request{request_id=01a0f921-b322-73f0-b0b3-e8ebf1c28d5f method=POST path=/v1/transcribe}: gigastt_core::inference::audio::wave: Audio (wave): 48000Hz, 1ch (streaming windows)
2026-10-01T20:22:10.547675Z  INFO request{request_id=01a0f921-b2b3-76eb-bf6a-09328a4ab27a method=POST path=/v1/transcribe}: gigastt_core::inference::engine::infer: encoder_inference elapsed_ms=187
2026-10-01T20:22:10.547763Z  INFO request{request_id=01a0f921-b2b3-76eb-bf6a-09328a4ab27a method=POST path=/v1/transcribe}: gigastt_core::inference::engine::file_stream: transcribe complete (streaming windows) audio_s=1.58 wall_s=0.19 rtf=0.121
2026-10-01T20:22:10.550681Z  INFO request{request_id=01a0f921-b376-70f3-811a-5810a2b52092 method=POST path=/v1/transcribe}: gigastt_core::inference::audio::wave: Audio (wave): 48000Hz, 1ch (streaming windows)
2026-10-01T20:22:10.605961Z  INFO request{request_id=01a0f921-b322-73f0-b0b3-e8ebf1c28d5f method=POST path=/v1/transcribe}: gigastt_core::inference::engine::infer: encoder_inference elapsed_ms=135
2026-10-01T20:22:10.606022Z  INFO request{request_id=01a0f921-b322-73f0-b0b3-e8ebf1c28d5f method=POST path=/v1/transcribe}: gigastt_core::inference::engine::file_stream: transcribe complete (streaming windows) audio_s=1.04 wall_s=0.14 rtf=0.134
2026-10-01T20:22:10.608921Z  INFO request{request_id=01a0f921-b3b0-726e-8578-a3a76809ad3f method=POST path=/v1/transcribe}: gigastt_core::inference::audio::wave: Audio (wave): 48000Hz, 1ch (streaming windows)
2026-10-01T20:22:10.685077Z  INFO request{request_id=01a0f921-b376-70f3-811a-5810a2b52092 method=POST path=/v1/transcribe}: gigastt_core::inference::engine::infer: encoder_inference elapsed_ms=130
2026-10-01T20:22:10.685143Z  INFO request{request_id=01a0f921-b376-70f3-811a-5810a2b52092 method=POST path=/v1/transcribe}: gigastt_core::inference::engine::file_stream: transcribe complete (streaming windows) audio_s=1.00 wall_s=0.13 rtf=0.134
2026-10-01T20:22:10.687998Z  INFO request{request_id=01a0f921-b3ff-746c-b6fa-3f10332238fa method=POST path=/v1/transcribe}: gigastt_core::inference::audio::wave: Audio (wave): 48000Hz, 1ch (streaming windows)
2026-10-01T20:22:10.773566Z  INFO request{request_id=01a0f921-b3b0-726e-8578-a3a76809ad3f method=POST path=/v1/transcribe}: gigastt_core::inference::engine::infer: encoder_inference elapsed_ms=160
2026-10-01T20:22:10.773632Z  INFO request{request_id=01a0f921-b3b0-726e-8578-a3a76809ad3f method=POST path=/v1/transcribe}: gigastt_core::inference::engine::file_stream: transcribe complete (streaming windows) audio_s=1.29 wall_s=0.16 rtf=0.128
2026-10-01T20:22:10.777180Z  INFO request{request_id=01a0f921-b458-75ff-80ee-c20a55560c9c method=POST path=/v1/transcribe}: gigastt_core::inference::audio::wave: Audio (wave): 48000Hz, 1ch (streaming windows)
2026-10-01T20:22:10.832077Z  INFO request{request_id=01a0f921-b3ff-746c-b6fa-3f10332238fa method=POST path=/v1/transcribe}: gigastt_core::inference::engine::infer: encoder_inference elapsed_ms=141
2026-10-01T20:22:10.832138Z  INFO request{request_id=01a0f921-b3ff-746c-b6fa-3f10332238fa method=POST path=/v1/transcribe}: gigastt_core::inference::engine::file_stream: transcribe complete (streaming windows) audio_s=1.07 wall_s=0.14 rtf=0.135
2026-10-01T20:22:10.835321Z  INFO request{request_id=01a0f921-b493-767a-970e-80b7ae6a91b6 method=POST path=/v1/transcribe}: gigastt_core::inference::audio::wave: Audio (wave): 48000Hz, 1ch (streaming windows)
2026-10-01T20:22:10.979730Z  INFO request{request_id=01a0f921-b458-75ff-80ee-c20a55560c9c method=POST path=/v1/transcribe}: gigastt_core::inference::engine::infer: encoder_inference elapsed_ms=198
2026-10-01T20:22:10.979806Z  INFO request{request_id=01a0f921-b458-75ff-80ee-c20a55560c9c method=POST path=/v1/transcribe}: gigastt_core::inference::engine::file_stream: transcribe complete (streaming windows) audio_s=1.78 wall_s=0.20 rtf=0.114
2026-10-01T20:22:10.982757Z  INFO request{request_id=01a0f921-b526-7224-9f7e-72549a71b36f method=POST path=/v1/transcribe}: gigastt_core::inference::audio::wave: Audio (wave): 48000Hz, 1ch (streaming windows)
2026-10-01T20:22:11.013761Z  INFO request{request_id=01a0f921-b493-767a-970e-80b7ae6a91b6 method=POST path=/v1/transcribe}: gigastt_core::inference::engine::infer: encoder_inference elapsed_ms=175
2026-10-01T20:22:11.013840Z  INFO request{request_id=01a0f921-b493-767a-970e-80b7ae6a91b6 method=POST path=/v1/transcribe}: gigastt_core::inference::engine::file_stream: transcribe complete (streaming windows) audio_s=1.44 wall_s=0.18 rtf=0.124
2026-10-01T20:22:11.016998Z  INFO request{request_id=01a0f921-b548-7663-ac52-6502fe719b41 method=POST path=/v1/transcribe}: gigastt_core::inference::audio::wave: Audio (wave): 48000Hz, 1ch (streaming windows)
2026-10-01T20:22:11.174017Z  INFO request{request_id=01a0f921-b526-7224-9f7e-72549a71b36f method=POST path=/v1/transcribe}: gigastt_core::inference::engine::infer: encoder_inference elapsed_ms=186
2026-10-01T20:22:11.174087Z  INFO request{request_id=01a0f921-b526-7224-9f7e-72549a71b36f method=POST path=/v1/transcribe}: gigastt_core::inference::engine::file_stream: transcribe complete (streaming windows) audio_s=1.43 wall_s=0.19 rtf=0.133
2026-10-01T20:22:11.174404Z  INFO request{request_id=01a0f921-b548-7663-ac52-6502fe719b41 method=POST path=/v1/transcribe}: gigastt_core::inference::engine::infer: encoder_inference elapsed_ms=154
2026-10-01T20:22:11.174448Z  INFO request{request_id=01a0f921-b548-7663-ac52-6502fe719b41 method=POST path=/v1/transcribe}: gigastt_core::inference::engine::file_stream: transcribe complete (streaming windows) audio_s=1.26 wall_s=0.16 rtf=0.124
2026-10-01T20:22:11.180344Z  INFO request{request_id=01a0f921-b5ec-71a1-b913-9f9d6832f8cc method=POST path=/v1/transcribe}: gigastt_core::inference::audio::wave: Audio (wave): 48000Hz, 1ch (streaming windows)
2026-10-01T20:22:11.181293Z  INFO request{request_id=01a0f921-b5ed-774c-a7e2-faee9f259f3b method=POST path=/v1/transcribe}: gigastt_core::inference::audio::wave: Audio (wave): 48000Hz, 1ch (streaming windows)
2026-10-01T20:22:11.321705Z  INFO request{request_id=01a0f921-b5ed-774c-a7e2-faee9f259f3b method=POST path=/v1/transcribe}: gigastt_core::inference::engine::infer: encoder_inference elapsed_ms=137
2026-10-01T20:22:11.321773Z  INFO request{request_id=01a0f921-b5ed-774c-a7e2-faee9f259f3b method=POST path=/v1/transcribe}: gigastt_core::inference::engine::file_stream: transcribe complete (streaming windows) audio_s=1.10 wall_s=0.14 rtf=0.128
2026-10-01T20:22:11.329524Z  INFO request{request_id=01a0f921-b681-725b-966a-6eb7f9cf1311 method=POST path=/v1/transcribe}: gigastt_core::inference::audio::wave: Audio (wave): 48000Hz, 1ch (streaming windows)
2026-10-01T20:22:11.330683Z  INFO request{request_id=01a0f921-b5ec-71a1-b913-9f9d6832f8cc method=POST path=/v1/transcribe}: gigastt_core::inference::engine::infer: encoder_inference elapsed_ms=147
2026-10-01T20:22:11.330726Z  INFO request{request_id=01a0f921-b5ec-71a1-b913-9f9d6832f8cc method=POST path=/v1/transcribe}: gigastt_core::inference::engine::file_stream: transcribe complete (streaming windows) audio_s=1.26 wall_s=0.15 rtf=0.119
2026-10-01T20:22:11.334484Z  INFO request{request_id=01a0f921-b686-7478-b734-01b4845d2e9f method=POST path=/v1/transcribe}: gigastt_core::inference::audio::wave: Audio (wave): 48000Hz, 1ch (streaming windows)
2026-10-01T20:22:11.500175Z  INFO request{request_id=01a0f921-b681-725b-966a-6eb7f9cf1311 method=POST path=/v1/transcribe}: gigastt_core::inference::engine::infer: encoder_inference elapsed_ms=167
2026-10-01T20:22:11.500255Z  INFO request{request_id=01a0f921-b681-725b-966a-6eb7f9cf1311 method=POST path=/v1/transcribe}: gigastt_core::inference::engine::file_stream: transcribe complete (streaming windows) audio_s=1.37 wall_s=0.17 rtf=0.125
2026-10-01T20:22:11.517112Z  INFO request{request_id=01a0f921-b73c-710a-9db4-067bb0f11ad5 method=POST path=/v1/transcribe}: gigastt_core::inference::audio::wave: Audio (wave): 48000Hz, 1ch (streaming windows)
2026-10-01T20:22:11.517389Z  INFO request{request_id=01a0f921-b686-7478-b734-01b4845d2e9f method=POST path=/v1/transcribe}: gigastt_core::inference::engine::infer: encoder_inference elapsed_ms=178
2026-10-01T20:22:11.517428Z  INFO request{request_id=01a0f921-b686-7478-b734-01b4845d2e9f method=POST path=/v1/transcribe}: gigastt_core::inference::engine::file_stream: transcribe complete (streaming windows) audio_s=1.53 wall_s=0.18 rtf=0.119
2026-10-01T20:22:11.522013Z  INFO request{request_id=01a0f921-b741-751b-a1e9-e968cae2f25f method=POST path=/v1/transcribe}: gigastt_core::inference::audio::wave: Audio (wave): 48000Hz, 1ch (streaming windows)
2026-10-01T20:22:11.663989Z  INFO request{request_id=01a0f921-b741-751b-a1e9-e968cae2f25f method=POST path=/v1/transcribe}: gigastt_core::inference::engine::infer: encoder_inference elapsed_ms=138
2026-10-01T20:22:11.664050Z  INFO request{request_id=01a0f921-b741-751b-a1e9-e968cae2f25f method=POST path=/v1/transcribe}: gigastt_core::inference::engine::file_stream: transcribe complete (streaming windows) audio_s=1.07 wall_s=0.14 rtf=0.133
2026-10-01T20:22:11.669707Z  INFO request{request_id=01a0f921-b73c-710a-9db4-067bb0f11ad5 method=POST path=/v1/transcribe}: gigastt_core::inference::engine::infer: encoder_inference elapsed_ms=149
2026-10-01T20:22:11.669750Z  INFO request{request_id=01a0f921-b73c-710a-9db4-067bb0f11ad5 method=POST path=/v1/transcribe}: gigastt_core::inference::engine::file_stream: transcribe complete (streaming windows) audio_s=1.25 wall_s=0.15 rtf=0.122
2026-10-01T20:22:11.673495Z  INFO request{request_id=01a0f921-b7d9-74bb-8599-fc2bb6cab377 method=POST path=/v1/transcribe}: gigastt_core::inference::audio::wave: Audio (wave): 48000Hz, 1ch (streaming windows)
2026-10-01T20:22:11.687526Z  INFO request{request_id=01a0f921-b7e7-7322-b563-f0187f313657 method=POST path=/v1/transcribe}: gigastt_core::inference::audio::wave: Audio (wave): 48000Hz, 1ch (streaming windows)
2026-10-01T20:22:11.816086Z  INFO request{request_id=01a0f921-b7d9-74bb-8599-fc2bb6cab377 method=POST path=/v1/transcribe}: gigastt_core::inference::engine::infer: encoder_inference elapsed_ms=139
2026-10-01T20:22:11.816170Z  INFO request{request_id=01a0f921-b7d9-74bb-8599-fc2bb6cab377 method=POST path=/v1/transcribe}: gigastt_core::inference::engine::file_stream: transcribe complete (streaming windows) audio_s=1.10 wall_s=0.14 rtf=0.130
2026-10-01T20:22:11.824298Z  INFO request{request_id=01a0f921-b870-7694-a0d5-52d35403ed39 method=POST path=/v1/transcribe}: gigastt_core::inference::audio::wave: Audio (wave): 48000Hz, 1ch (streaming windows)
2026-10-01T20:22:11.896965Z  INFO request{request_id=01a0f921-b7e7-7322-b563-f0187f313657 method=POST path=/v1/transcribe}: gigastt_core::inference::engine::infer: encoder_inference elapsed_ms=205
2026-10-01T20:22:11.897032Z  INFO request{request_id=01a0f921-b7e7-7322-b563-f0187f313657 method=POST path=/v1/transcribe}: gigastt_core::inference::engine::file_stream: transcribe complete (streaming windows) audio_s=1.85 wall_s=0.21 rtf=0.113
2026-10-01T20:22:11.907937Z  INFO request{request_id=01a0f921-b8c3-76b1-823a-a5bb279de5ac method=POST path=/v1/transcribe}: gigastt_core::inference::audio::wave: Audio (wave): 48000Hz, 1ch (streaming windows)
2026-10-01T20:22:11.978291Z  INFO request{request_id=01a0f921-b870-7694-a0d5-52d35403ed39 method=POST path=/v1/transcribe}: gigastt_core::inference::engine::infer: encoder_inference elapsed_ms=151
2026-10-01T20:22:11.978348Z  INFO request{request_id=01a0f921-b870-7694-a0d5-52d35403ed39 method=POST path=/v1/transcribe}: gigastt_core::inference::engine::file_stream: transcribe complete (streaming windows) audio_s=1.24 wall_s=0.15 rtf=0.124
2026-10-01T20:22:11.989841Z  INFO request{request_id=01a0f921-b915-7240-a410-e834ae406694 method=POST path=/v1/transcribe}: gigastt_core::inference::audio::wave: Audio (wave): 48000Hz, 1ch (streaming windows)
2026-10-01T20:22:12.136164Z  INFO request{request_id=01a0f921-b915-7240-a410-e834ae406694 method=POST path=/v1/transcribe}: gigastt_core::inference::engine::infer: encoder_inference elapsed_ms=142
2026-10-01T20:22:12.136223Z  INFO request{request_id=01a0f921-b915-7240-a410-e834ae406694 method=POST path=/v1/transcribe}: gigastt_core::inference::engine::file_stream: transcribe complete (streaming windows) audio_s=1.04 wall_s=0.15 rtf=0.140
2026-10-01T20:22:12.139606Z  INFO request{request_id=01a0f921-b8c3-76b1-823a-a5bb279de5ac method=POST path=/v1/transcribe}: gigastt_core::inference::engine::infer: encoder_inference elapsed_ms=228
2026-10-01T20:22:12.139651Z  INFO request{request_id=01a0f921-b8c3-76b1-823a-a5bb279de5ac method=POST path=/v1/transcribe}: gigastt_core::inference::engine::file_stream: transcribe complete (streaming windows) audio_s=2.09 wall_s=0.23 rtf=0.111
2026-10-01T20:22:12.150348Z  INFO request{request_id=01a0f921-b9b6-7724-889f-4d4fd60a88cd method=POST path=/v1/transcribe}: gigastt_core::inference::audio::wave: Audio (wave): 48000Hz, 1ch (streaming windows)
2026-10-01T20:22:12.152740Z  INFO request{request_id=01a0f921-b9b8-7670-8efa-59bc31bb2610 method=POST path=/v1/transcribe}: gigastt_core::inference::audio::wave: Audio (wave): 48000Hz, 1ch (streaming windows)
2026-10-01T20:22:12.311613Z  INFO request{request_id=01a0f921-b9b6-7724-889f-4d4fd60a88cd method=POST path=/v1/transcribe}: gigastt_core::inference::engine::infer: encoder_inference elapsed_ms=157
2026-10-01T20:22:12.311685Z  INFO request{request_id=01a0f921-b9b6-7724-889f-4d4fd60a88cd method=POST path=/v1/transcribe}: gigastt_core::inference::engine::file_stream: transcribe complete (streaming windows) audio_s=1.23 wall_s=0.16 rtf=0.131
2026-10-01T20:22:12.321049Z  INFO request{request_id=01a0f921-ba60-7408-9b79-0a746e8cfff8 method=POST path=/v1/transcribe}: gigastt_core::inference::audio::wave: Audio (wave): 48000Hz, 1ch (streaming windows)
2026-10-01T20:22:12.358112Z  INFO request{request_id=01a0f921-b9b8-7670-8efa-59bc31bb2610 method=POST path=/v1/transcribe}: gigastt_core::inference::engine::infer: encoder_inference elapsed_ms=201
2026-10-01T20:22:12.358194Z  INFO request{request_id=01a0f921-b9b8-7670-8efa-59bc31bb2610 method=POST path=/v1/transcribe}: gigastt_core::inference::engine::file_stream: transcribe complete (streaming windows) audio_s=1.71 wall_s=0.21 rtf=0.120
2026-10-01T20:22:12.365959Z  INFO request{request_id=01a0f921-ba8d-76c9-a713-fe85a8383a11 method=POST path=/v1/transcribe}: gigastt_core::inference::audio::wave: Audio (wave): 48000Hz, 1ch (streaming windows)
2026-10-01T20:22:12.480694Z  INFO request{request_id=01a0f921-ba60-7408-9b79-0a746e8cfff8 method=POST path=/v1/transcribe}: gigastt_core::inference::engine::infer: encoder_inference elapsed_ms=156
2026-10-01T20:22:12.480762Z  INFO request{request_id=01a0f921-ba60-7408-9b79-0a746e8cfff8 method=POST path=/v1/transcribe}: gigastt_core::inference::engine::file_stream: transcribe complete (streaming windows) audio_s=1.27 wall_s=0.16 rtf=0.125
2026-10-01T20:22:12.487045Z  INFO request{request_id=01a0f921-bb06-73cb-97bf-b519ead4e079 method=POST path=/v1/transcribe}: gigastt_core::inference::audio::wave: Audio (wave): 48000Hz, 1ch (streaming windows)
2026-10-01T20:22:12.518966Z  INFO request{request_id=01a0f921-ba8d-76c9-a713-fe85a8383a11 method=POST path=/v1/transcribe}: gigastt_core::inference::engine::infer: encoder_inference elapsed_ms=150
2026-10-01T20:22:12.519036Z  INFO request{request_id=01a0f921-ba8d-76c9-a713-fe85a8383a11 method=POST path=/v1/transcribe}: gigastt_core::inference::engine::file_stream: transcribe complete (streaming windows) audio_s=1.24 wall_s=0.15 rtf=0.124
2026-10-01T20:22:12.531264Z  INFO request{request_id=01a0f921-bb33-7359-ae6d-45052b552052 method=POST path=/v1/transcribe}: gigastt_core::inference::audio::wave: Audio (wave): 48000Hz, 1ch (streaming windows)
2026-10-01T20:22:12.701348Z  INFO request{request_id=01a0f921-bb06-73cb-97bf-b519ead4e079 method=POST path=/v1/transcribe}: gigastt_core::inference::engine::infer: encoder_inference elapsed_ms=209
2026-10-01T20:22:12.701421Z  INFO request{request_id=01a0f921-bb06-73cb-97bf-b519ead4e079 method=POST path=/v1/transcribe}: gigastt_core::inference::engine::file_stream: transcribe complete (streaming windows) audio_s=1.89 wall_s=0.21 rtf=0.113
2026-10-01T20:22:12.712833Z  INFO request{request_id=01a0f921-bbe8-7282-b11e-9cf45c421fe6 method=POST path=/v1/transcribe}: gigastt_core::inference::audio::wave: Audio (wave): 48000Hz, 1ch (streaming windows)
2026-10-01T20:22:12.782801Z  INFO request{request_id=01a0f921-bb33-7359-ae6d-45052b552052 method=POST path=/v1/transcribe}: gigastt_core::inference::engine::infer: encoder_inference elapsed_ms=247
2026-10-01T20:22:12.782892Z  INFO request{request_id=01a0f921-bb33-7359-ae6d-45052b552052 method=POST path=/v1/transcribe}: gigastt_core::inference::engine::file_stream: transcribe complete (streaming windows) audio_s=2.08 wall_s=0.25 rtf=0.121
2026-10-01T20:22:12.796132Z  INFO request{request_id=01a0f921-bc3b-7221-bec5-a2177c63ca62 method=POST path=/v1/transcribe}: gigastt_core::inference::audio::wave: Audio (wave): 48000Hz, 1ch (streaming windows)
2026-10-01T20:22:12.923397Z  INFO request{request_id=01a0f921-bbe8-7282-b11e-9cf45c421fe6 method=POST path=/v1/transcribe}: gigastt_core::inference::engine::infer: encoder_inference elapsed_ms=206
2026-10-01T20:22:12.923493Z  INFO request{request_id=01a0f921-bbe8-7282-b11e-9cf45c421fe6 method=POST path=/v1/transcribe}: gigastt_core::inference::engine::file_stream: transcribe complete (streaming windows) audio_s=1.21 wall_s=0.21 rtf=0.174
2026-10-01T20:22:12.931717Z  INFO request{request_id=01a0f921-bcc3-76f6-8716-36e3ce5764f2 method=POST path=/v1/transcribe}: gigastt_core::inference::audio::wave: Audio (wave): 48000Hz, 1ch (streaming windows)
2026-10-01T20:22:12.986261Z  INFO request{request_id=01a0f921-bc3b-7221-bec5-a2177c63ca62 method=POST path=/v1/transcribe}: gigastt_core::inference::engine::infer: encoder_inference elapsed_ms=186
2026-10-01T20:22:12.986401Z  INFO request{request_id=01a0f921-bc3b-7221-bec5-a2177c63ca62 method=POST path=/v1/transcribe}: gigastt_core::inference::engine::file_stream: transcribe complete (streaming windows) audio_s=1.27 wall_s=0.19 rtf=0.150
2026-10-01T20:22:12.991194Z  INFO request{request_id=01a0f921-bcfe-7265-bd92-6272ee4a286b method=POST path=/v1/transcribe}: gigastt_core::inference::audio::wave: Audio (wave): 48000Hz, 1ch (streaming windows)
2026-10-01T20:22:13.136511Z  INFO request{request_id=01a0f921-bcc3-76f6-8716-36e3ce5764f2 method=POST path=/v1/transcribe}: gigastt_core::inference::engine::infer: encoder_inference elapsed_ms=201
2026-10-01T20:22:13.136592Z  INFO request{request_id=01a0f921-bcc3-76f6-8716-36e3ce5764f2 method=POST path=/v1/transcribe}: gigastt_core::inference::engine::file_stream: transcribe complete (streaming windows) audio_s=1.25 wall_s=0.20 rtf=0.164
2026-10-01T20:22:13.145271Z  INFO request{request_id=01a0f921-bd98-743f-95d0-eac44bd61ecc method=POST path=/v1/transcribe}: gigastt_core::inference::audio::wave: Audio (wave): 48000Hz, 1ch (streaming windows)
2026-10-01T20:22:13.310195Z  INFO request{request_id=01a0f921-bcfe-7265-bd92-6272ee4a286b method=POST path=/v1/transcribe}: gigastt_core::inference::engine::infer: encoder_inference elapsed_ms=314
2026-10-01T20:22:13.310286Z  INFO request{request_id=01a0f921-bcfe-7265-bd92-6272ee4a286b method=POST path=/v1/transcribe}: gigastt_core::inference::engine::file_stream: transcribe complete (streaming windows) audio_s=1.97 wall_s=0.32 rtf=0.162
2026-10-01T20:22:13.317773Z  INFO request{request_id=01a0f921-be44-71b1-9d9a-2ba37c225f55 method=POST path=/v1/transcribe}: gigastt_core::inference::audio::wave: Audio (wave): 48000Hz, 1ch (streaming windows)
2026-10-01T20:22:13.421460Z  INFO request{request_id=01a0f921-bd98-743f-95d0-eac44bd61ecc method=POST path=/v1/transcribe}: gigastt_core::inference::engine::infer: encoder_inference elapsed_ms=271
2026-10-01T20:22:13.421536Z  INFO request{request_id=01a0f921-bd98-743f-95d0-eac44bd61ecc method=POST path=/v1/transcribe}: gigastt_core::inference::engine::file_stream: transcribe complete (streaming windows) audio_s=2.10 wall_s=0.28 rtf=0.131
2026-10-01T20:22:13.430478Z  INFO request{request_id=01a0f921-beb6-7767-96e4-4b91fb40b91e method=POST path=/v1/transcribe}: gigastt_core::inference::audio::wave: Audio (wave): 48000Hz, 1ch (streaming windows)
2026-10-01T20:22:13.472896Z  INFO request{request_id=01a0f921-be44-71b1-9d9a-2ba37c225f55 method=POST path=/v1/transcribe}: gigastt_core::inference::engine::infer: encoder_inference elapsed_ms=150
2026-10-01T20:22:13.472974Z  INFO request{request_id=01a0f921-be44-71b1-9d9a-2ba37c225f55 method=POST path=/v1/transcribe}: gigastt_core::inference::engine::file_stream: transcribe complete (streaming windows) audio_s=1.14 wall_s=0.16 rtf=0.136
2026-10-01T20:22:13.477106Z  INFO request{request_id=01a0f921-bee4-70b3-8510-caa7dfefeaca method=POST path=/v1/transcribe}: gigastt_core::inference::audio::wave: Audio (wave): 48000Hz, 1ch (streaming windows)
2026-10-01T20:22:13.578824Z  INFO request{request_id=01a0f921-beb6-7767-96e4-4b91fb40b91e method=POST path=/v1/transcribe}: gigastt_core::inference::engine::infer: encoder_inference elapsed_ms=144
2026-10-01T20:22:13.578895Z  INFO request{request_id=01a0f921-beb6-7767-96e4-4b91fb40b91e method=POST path=/v1/transcribe}: gigastt_core::inference::engine::file_stream: transcribe complete (streaming windows) audio_s=1.09 wall_s=0.15 rtf=0.135
2026-10-01T20:22:13.583142Z  INFO request{request_id=01a0f921-bf4e-72b5-9c0b-e7798c57468c method=POST path=/v1/transcribe}: gigastt_core::inference::audio::wave: Audio (wave): 48000Hz, 1ch (streaming windows)
2026-10-01T20:22:13.638970Z  INFO request{request_id=01a0f921-bee4-70b3-8510-caa7dfefeaca method=POST path=/v1/transcribe}: gigastt_core::inference::engine::infer: encoder_inference elapsed_ms=158
2026-10-01T20:22:13.639030Z  INFO request{request_id=01a0f921-bee4-70b3-8510-caa7dfefeaca method=POST path=/v1/transcribe}: gigastt_core::inference::engine::file_stream: transcribe complete (streaming windows) audio_s=1.28 wall_s=0.16 rtf=0.126
2026-10-01T20:22:13.644020Z  INFO request{request_id=01a0f921-bf8b-765a-804b-a4b5f5cf2bdb method=POST path=/v1/transcribe}: gigastt_core::inference::audio::wave: Audio (wave): 48000Hz, 1ch (streaming windows)
2026-10-01T20:22:13.793976Z  INFO request{request_id=01a0f921-bf4e-72b5-9c0b-e7798c57468c method=POST path=/v1/transcribe}: gigastt_core::inference::engine::infer: encoder_inference elapsed_ms=207
2026-10-01T20:22:13.794053Z  INFO request{request_id=01a0f921-bf4e-72b5-9c0b-e7798c57468c method=POST path=/v1/transcribe}: gigastt_core::inference::engine::file_stream: transcribe complete (streaming windows) audio_s=1.75 wall_s=0.21 rtf=0.120
2026-10-01T20:22:13.802263Z  INFO request{request_id=01a0f921-c02a-75d1-8ffc-6bcfbe5539c5 method=POST path=/v1/transcribe}: gigastt_core::inference::audio::wave: Audio (wave): 48000Hz, 1ch (streaming windows)
2026-10-01T20:22:13.868174Z  INFO request{request_id=01a0f921-bf8b-765a-804b-a4b5f5cf2bdb method=POST path=/v1/transcribe}: gigastt_core::inference::engine::infer: encoder_inference elapsed_ms=220
2026-10-01T20:22:13.868263Z  INFO request{request_id=01a0f921-bf8b-765a-804b-a4b5f5cf2bdb method=POST path=/v1/transcribe}: gigastt_core::inference::engine::file_stream: transcribe complete (streaming windows) audio_s=1.90 wall_s=0.22 rtf=0.118
2026-10-01T20:22:13.873493Z  INFO request{request_id=01a0f921-c071-7518-b43b-0fb851595a90 method=POST path=/v1/transcribe}: gigastt_core::inference::audio::wave: Audio (wave): 48000Hz, 1ch (streaming windows)
2026-10-01T20:22:13.994608Z  INFO request{request_id=01a0f921-c02a-75d1-8ffc-6bcfbe5539c5 method=POST path=/v1/transcribe}: gigastt_core::inference::engine::infer: encoder_inference elapsed_ms=189
2026-10-01T20:22:13.994692Z  INFO request{request_id=01a0f921-c02a-75d1-8ffc-6bcfbe5539c5 method=POST path=/v1/transcribe}: gigastt_core::inference::engine::file_stream: transcribe complete (streaming windows) audio_s=1.32 wall_s=0.19 rtf=0.146
2026-10-01T20:22:14.003229Z  INFO request{request_id=01a0f921-c0f2-7689-80a1-eb5c72ad7e40 method=POST path=/v1/transcribe}: gigastt_core::inference::audio::wave: Audio (wave): 48000Hz, 1ch (streaming windows)
2026-10-01T20:22:14.024437Z  INFO request{request_id=01a0f921-c071-7518-b43b-0fb851595a90 method=POST path=/v1/transcribe}: gigastt_core::inference::engine::infer: encoder_inference elapsed_ms=148
2026-10-01T20:22:14.024500Z  INFO request{request_id=01a0f921-c071-7518-b43b-0fb851595a90 method=POST path=/v1/transcribe}: gigastt_core::inference::engine::file_stream: transcribe complete (streaming windows) audio_s=1.05 wall_s=0.15 rtf=0.143
2026-10-01T20:22:14.029844Z  INFO request{request_id=01a0f921-c10d-76d3-9149-f0f514d6c121 method=POST path=/v1/transcribe}: gigastt_core::inference::audio::wave: Audio (wave): 48000Hz, 1ch (streaming windows)
2026-10-01T20:22:14.208865Z  INFO request{request_id=01a0f921-c10d-76d3-9149-f0f514d6c121 method=POST path=/v1/transcribe}: gigastt_core::inference::engine::infer: encoder_inference elapsed_ms=175
2026-10-01T20:22:14.208933Z  INFO request{request_id=01a0f921-c10d-76d3-9149-f0f514d6c121 method=POST path=/v1/transcribe}: gigastt_core::inference::engine::file_stream: transcribe complete (streaming windows) audio_s=1.49 wall_s=0.18 rtf=0.120
2026-10-01T20:22:14.219834Z  INFO request{request_id=01a0f921-c1cb-771c-b274-9ea4b2f5dd4f method=POST path=/v1/transcribe}: gigastt_core::inference::audio::wave: Audio (wave): 48000Hz, 1ch (streaming windows)
2026-10-01T20:22:14.246126Z  INFO request{request_id=01a0f921-c0f2-7689-80a1-eb5c72ad7e40 method=POST path=/v1/transcribe}: gigastt_core::inference::engine::infer: encoder_inference elapsed_ms=237
2026-10-01T20:22:14.246226Z  INFO request{request_id=01a0f921-c0f2-7689-80a1-eb5c72ad7e40 method=POST path=/v1/transcribe}: gigastt_core::inference::engine::file_stream: transcribe complete (streaming windows) audio_s=2.06 wall_s=0.24 rtf=0.118
2026-10-01T20:22:14.258010Z  INFO request{request_id=01a0f921-c1f1-7514-b273-03a8162207df method=POST path=/v1/transcribe}: gigastt_core::inference::audio::wave: Audio (wave): 48000Hz, 1ch (streaming windows)
2026-10-01T20:22:14.386897Z  INFO request{request_id=01a0f921-c1cb-771c-b274-9ea4b2f5dd4f method=POST path=/v1/transcribe}: gigastt_core::inference::engine::infer: encoder_inference elapsed_ms=162
2026-10-01T20:22:14.386977Z  INFO request{request_id=01a0f921-c1cb-771c-b274-9ea4b2f5dd4f method=POST path=/v1/transcribe}: gigastt_core::inference::engine::file_stream: transcribe complete (streaming windows) audio_s=1.19 wall_s=0.17 rtf=0.140
2026-10-01T20:22:14.392329Z  INFO request{request_id=01a0f921-c278-73f3-ae49-67ad7766db1e method=POST path=/v1/transcribe}: gigastt_core::inference::audio::wave: Audio (wave): 48000Hz, 1ch (streaming windows)
2026-10-01T20:22:14.426324Z  INFO request{request_id=01a0f921-c1f1-7514-b273-03a8162207df method=POST path=/v1/transcribe}: gigastt_core::inference::engine::infer: encoder_inference elapsed_ms=163
2026-10-01T20:22:14.426419Z  INFO request{request_id=01a0f921-c1f1-7514-b273-03a8162207df method=POST path=/v1/transcribe}: gigastt_core::inference::engine::file_stream: transcribe complete (streaming windows) audio_s=1.12 wall_s=0.17 rtf=0.150
2026-10-01T20:22:14.432193Z  INFO request{request_id=01a0f921-c29f-737a-b102-7d7930a68703 method=POST path=/v1/transcribe}: gigastt_core::inference::audio::wave: Audio (wave): 48000Hz, 1ch (streaming windows)
2026-10-01T20:22:14.588819Z  INFO request{request_id=01a0f921-c278-73f3-ae49-67ad7766db1e method=POST path=/v1/transcribe}: gigastt_core::inference::engine::infer: encoder_inference elapsed_ms=192
2026-10-01T20:22:14.588892Z  INFO request{request_id=01a0f921-c278-73f3-ae49-67ad7766db1e method=POST path=/v1/transcribe}: gigastt_core::inference::engine::file_stream: transcribe complete (streaming windows) audio_s=1.41 wall_s=0.20 rtf=0.139
2026-10-01T20:22:14.597447Z  INFO request{request_id=01a0f921-c345-773c-922e-08f14169e967 method=POST path=/v1/transcribe}: gigastt_core::inference::audio::wave: Audio (wave): 48000Hz, 1ch (streaming windows)
2026-10-01T20:22:14.642107Z  INFO request{request_id=01a0f921-c29f-737a-b102-7d7930a68703 method=POST path=/v1/transcribe}: gigastt_core::inference::engine::infer: encoder_inference elapsed_ms=205
2026-10-01T20:22:14.642190Z  INFO request{request_id=01a0f921-c29f-737a-b102-7d7930a68703 method=POST path=/v1/transcribe}: gigastt_core::inference::engine::file_stream: transcribe complete (streaming windows) audio_s=1.41 wall_s=0.21 rtf=0.149
2026-10-01T20:22:14.655363Z  INFO request{request_id=01a0f921-c37f-734d-a335-6df86217c6a7 method=POST path=/v1/transcribe}: gigastt_core::inference::audio::wave: Audio (wave): 48000Hz, 1ch (streaming windows)
2026-10-01T20:22:14.757185Z  INFO request{request_id=01a0f921-c345-773c-922e-08f14169e967 method=POST path=/v1/transcribe}: gigastt_core::inference::engine::infer: encoder_inference elapsed_ms=156
2026-10-01T20:22:14.757248Z  INFO request{request_id=01a0f921-c345-773c-922e-08f14169e967 method=POST path=/v1/transcribe}: gigastt_core::inference::engine::file_stream: transcribe complete (streaming windows) audio_s=1.13 wall_s=0.16 rtf=0.141
2026-10-01T20:22:14.773057Z  INFO request{request_id=01a0f921-c3f4-7296-ab9e-b2df9dccb2bd method=POST path=/v1/transcribe}: gigastt_core::inference::audio::wave: Audio (wave): 48000Hz, 1ch (streaming windows)
2026-10-01T20:22:14.822286Z  INFO request{request_id=01a0f921-c37f-734d-a335-6df86217c6a7 method=POST path=/v1/transcribe}: gigastt_core::inference::engine::infer: encoder_inference elapsed_ms=163
2026-10-01T20:22:14.822358Z  INFO request{request_id=01a0f921-c37f-734d-a335-6df86217c6a7 method=POST path=/v1/transcribe}: gigastt_core::inference::engine::file_stream: transcribe complete (streaming windows) audio_s=1.24 wall_s=0.17 rtf=0.134
2026-10-01T20:22:14.826095Z  INFO request{request_id=01a0f921-c429-739f-ae35-032fcc55e3cb method=POST path=/v1/transcribe}: gigastt_core::inference::audio::wave: Audio (wave): 48000Hz, 1ch (streaming windows)
2026-10-01T20:22:14.971428Z  INFO request{request_id=01a0f921-c3f4-7296-ab9e-b2df9dccb2bd method=POST path=/v1/transcribe}: gigastt_core::inference::engine::infer: encoder_inference elapsed_ms=194
2026-10-01T20:22:14.971485Z  INFO request{request_id=01a0f921-c3f4-7296-ab9e-b2df9dccb2bd method=POST path=/v1/transcribe}: gigastt_core::inference::engine::file_stream: transcribe complete (streaming windows) audio_s=1.31 wall_s=0.20 rtf=0.151
2026-10-01T20:22:14.974956Z  INFO request{request_id=01a0f921-c4be-73b6-b454-43e44663ccf1 method=POST path=/v1/transcribe}: gigastt_core::inference::audio::wave: Audio (wave): 48000Hz, 1ch (streaming windows)
2026-10-01T20:22:15.125992Z  INFO request{request_id=01a0f921-c429-739f-ae35-032fcc55e3cb method=POST path=/v1/transcribe}: gigastt_core::inference::engine::infer: encoder_inference elapsed_ms=292
2026-10-01T20:22:15.126092Z  INFO request{request_id=01a0f921-c429-739f-ae35-032fcc55e3cb method=POST path=/v1/transcribe}: gigastt_core::inference::engine::file_stream: transcribe complete (streaming windows) audio_s=2.19 wall_s=0.30 rtf=0.137
2026-10-01T20:22:15.131930Z  INFO request{request_id=01a0f921-c55b-73ef-9a69-c95a47ee5d7f method=POST path=/v1/transcribe}: gigastt_core::inference::audio::wave: Audio (wave): 48000Hz, 1ch (streaming windows)
2026-10-01T20:22:15.147441Z  INFO request{request_id=01a0f921-c4be-73b6-b454-43e44663ccf1 method=POST path=/v1/transcribe}: gigastt_core::inference::engine::infer: encoder_inference elapsed_ms=169
2026-10-01T20:22:15.147514Z  INFO request{request_id=01a0f921-c4be-73b6-b454-43e44663ccf1 method=POST path=/v1/transcribe}: gigastt_core::inference::engine::file_stream: transcribe complete (streaming windows) audio_s=1.30 wall_s=0.17 rtf=0.132
2026-10-01T20:22:15.150538Z  INFO request{request_id=01a0f921-c56e-7589-a6e4-3922b8aee569 method=POST path=/v1/transcribe}: gigastt_core::inference::audio::wave: Audio (wave): 48000Hz, 1ch (streaming windows)
2026-10-01T20:22:15.298690Z  INFO request{request_id=01a0f921-c55b-73ef-9a69-c95a47ee5d7f method=POST path=/v1/transcribe}: gigastt_core::inference::engine::infer: encoder_inference elapsed_ms=162
2026-10-01T20:22:15.298771Z  INFO request{request_id=01a0f921-c55b-73ef-9a69-c95a47ee5d7f method=POST path=/v1/transcribe}: gigastt_core::inference::engine::file_stream: transcribe complete (streaming windows) audio_s=1.15 wall_s=0.17 rtf=0.145
2026-10-01T20:22:15.301878Z  INFO request{request_id=01a0f921-c605-758f-a84d-558c5fe8e42c method=POST path=/v1/transcribe}: gigastt_core::inference::audio::wave: Audio (wave): 48000Hz, 1ch (streaming windows)
2026-10-01T20:22:15.372666Z  INFO request{request_id=01a0f921-c56e-7589-a6e4-3922b8aee569 method=POST path=/v1/transcribe}: gigastt_core::inference::engine::infer: encoder_inference elapsed_ms=218
2026-10-01T20:22:15.372746Z  INFO request{request_id=01a0f921-c56e-7589-a6e4-3922b8aee569 method=POST path=/v1/transcribe}: gigastt_core::inference::engine::file_stream: transcribe complete (streaming windows) audio_s=1.88 wall_s=0.22 rtf=0.118
2026-10-01T20:22:15.375650Z  INFO request{request_id=01a0f921-c64f-77a8-a3b9-e16044794761 method=POST path=/v1/transcribe}: gigastt_core::inference::audio::wave: Audio (wave): 48000Hz, 1ch (streaming windows)
2026-10-01T20:22:15.472809Z  INFO request{request_id=01a0f921-c605-758f-a84d-558c5fe8e42c method=POST path=/v1/transcribe}: gigastt_core::inference::engine::infer: encoder_inference elapsed_ms=166
2026-10-01T20:22:15.472890Z  INFO request{request_id=01a0f921-c605-758f-a84d-558c5fe8e42c method=POST path=/v1/transcribe}: gigastt_core::inference::engine::file_stream: transcribe complete (streaming windows) audio_s=1.15 wall_s=0.17 rtf=0.149
2026-10-01T20:22:15.476279Z  INFO request{request_id=01a0f921-c6b4-70b6-ba75-b46c4a795977 method=POST path=/v1/transcribe}: gigastt_core::inference::audio::wave: Audio (wave): 48000Hz, 1ch (streaming windows)
2026-10-01T20:22:15.572888Z  INFO request{request_id=01a0f921-c64f-77a8-a3b9-e16044794761 method=POST path=/v1/transcribe}: gigastt_core::inference::engine::infer: encoder_inference elapsed_ms=194
2026-10-01T20:22:15.572959Z  INFO request{request_id=01a0f921-c64f-77a8-a3b9-e16044794761 method=POST path=/v1/transcribe}: gigastt_core::inference::engine::file_stream: transcribe complete (streaming windows) audio_s=1.57 wall_s=0.20 rtf=0.126
2026-10-01T20:22:15.575712Z  INFO request{request_id=01a0f921-c717-7446-9b99-a200275983cd method=POST path=/v1/transcribe}: gigastt_core::inference::audio::wave: Audio (wave): 48000Hz, 1ch (streaming windows)
2026-10-01T20:22:15.741068Z  INFO request{request_id=01a0f921-c717-7446-9b99-a200275983cd method=POST path=/v1/transcribe}: gigastt_core::inference::engine::infer: encoder_inference elapsed_ms=162
2026-10-01T20:22:15.741143Z  INFO request{request_id=01a0f921-c717-7446-9b99-a200275983cd method=POST path=/v1/transcribe}: gigastt_core::inference::engine::file_stream: transcribe complete (streaming windows) audio_s=1.18 wall_s=0.17 rtf=0.140
2026-10-01T20:22:15.747187Z  INFO request{request_id=01a0f921-c7c2-7405-9f00-d9ec0e06c1de method=POST path=/v1/transcribe}: gigastt_core::inference::audio::wave: Audio (wave): 48000Hz, 1ch (streaming windows)
2026-10-01T20:22:15.786123Z  INFO request{request_id=01a0f921-c6b4-70b6-ba75-b46c4a795977 method=POST path=/v1/transcribe}: gigastt_core::inference::engine::infer: encoder_inference elapsed_ms=303
2026-10-01T20:22:15.786213Z  INFO request{request_id=01a0f921-c6b4-70b6-ba75-b46c4a795977 method=POST path=/v1/transcribe}: gigastt_core::inference::engine::file_stream: transcribe complete (streaming windows) audio_s=2.59 wall_s=0.31 rtf=0.120
2026-10-01T20:22:15.789061Z  INFO request{request_id=01a0f921-c7ec-7142-a648-af09a53dd6b3 method=POST path=/v1/transcribe}: gigastt_core::inference::audio::wave: Audio (wave): 48000Hz, 1ch (streaming windows)
2026-10-01T20:22:15.931091Z  INFO request{request_id=01a0f921-c7c2-7405-9f00-d9ec0e06c1de method=POST path=/v1/transcribe}: gigastt_core::inference::engine::infer: encoder_inference elapsed_ms=180
2026-10-01T20:22:15.931189Z  INFO request{request_id=01a0f921-c7c2-7405-9f00-d9ec0e06c1de method=POST path=/v1/transcribe}: gigastt_core::inference::engine::file_stream: transcribe complete (streaming windows) audio_s=1.39 wall_s=0.18 rtf=0.132
2026-10-01T20:22:15.937384Z  INFO request{request_id=01a0f921-c881-75ba-90cb-32cf6e5dc3ea method=POST path=/v1/transcribe}: gigastt_core::inference::audio::wave: Audio (wave): 48000Hz, 1ch (streaming windows)
2026-10-01T20:22:15.941771Z  INFO request{request_id=01a0f921-c7ec-7142-a648-af09a53dd6b3 method=POST path=/v1/transcribe}: gigastt_core::inference::engine::infer: encoder_inference elapsed_ms=148
2026-10-01T20:22:15.941837Z  INFO request{request_id=01a0f921-c7ec-7142-a648-af09a53dd6b3 method=POST path=/v1/transcribe}: gigastt_core::inference::engine::file_stream: transcribe complete (streaming windows) audio_s=1.06 wall_s=0.15 rtf=0.144
2026-10-01T20:22:15.944899Z  INFO request{request_id=01a0f921-c888-7059-acd0-2818f2dfec90 method=POST path=/v1/transcribe}: gigastt_core::inference::audio::wave: Audio (wave): 48000Hz, 1ch (streaming windows)
2026-10-01T20:22:16.147539Z  INFO request{request_id=01a0f921-c881-75ba-90cb-32cf6e5dc3ea method=POST path=/v1/transcribe}: gigastt_core::inference::engine::infer: encoder_inference elapsed_ms=206
2026-10-01T20:22:16.147630Z  INFO request{request_id=01a0f921-c881-75ba-90cb-32cf6e5dc3ea method=POST path=/v1/transcribe}: gigastt_core::inference::engine::file_stream: transcribe complete (streaming windows) audio_s=1.76 wall_s=0.21 rtf=0.119
2026-10-01T20:22:16.159474Z  INFO request{request_id=01a0f921-c95f-7179-bf22-68bd15f54cda method=POST path=/v1/transcribe}: gigastt_core::inference::audio::wave: Audio (wave): 48000Hz, 1ch (streaming windows)
2026-10-01T20:22:16.223013Z  INFO request{request_id=01a0f921-c888-7059-acd0-2818f2dfec90 method=POST path=/v1/transcribe}: gigastt_core::inference::engine::infer: encoder_inference elapsed_ms=274
2026-10-01T20:22:16.223105Z  INFO request{request_id=01a0f921-c888-7059-acd0-2818f2dfec90 method=POST path=/v1/transcribe}: gigastt_core::inference::engine::file_stream: transcribe complete (streaming windows) audio_s=2.50 wall_s=0.28 rtf=0.111
2026-10-01T20:22:16.334413Z  INFO request{request_id=01a0f921-c95f-7179-bf22-68bd15f54cda method=POST path=/v1/transcribe}: gigastt_core::inference::engine::infer: encoder_inference elapsed_ms=170
2026-10-01T20:22:16.334497Z  INFO request{request_id=01a0f921-c95f-7179-bf22-68bd15f54cda method=POST path=/v1/transcribe}: gigastt_core::inference::engine::file_stream: transcribe complete (streaming windows) audio_s=1.52 wall_s=0.17 rtf=0.115
2026-10-01T20:22:16.379619Z  INFO gigastt::server::listen: Shutting down server
2026-10-01T20:22:16.421817Z  INFO gigastt::server::listen: Drain complete: all tracked WS/SSE/job tasks finished
