2026-10-01T20:09:37.414331Z  INFO gigastt::server::listen: gigastt bootstrapping on http://127.0.0.1:20021 — loading model, /health is up
2026-10-01T20:09:37.414418Z  WARN gigastt_core::model::download: Model directory /home/ekhodzitsky/.gigastt/models holds Rnnt files but MlCtcLarge was requested; downloading the MlCtcLarge set (variants are never mixed)
2026-10-01T20:09:37.414467Z  INFO gigastt_core::model::download: Model (MlCtcLarge) found at /home/ekhodzitsky/.gigastt/models after lock acquisition
2026-10-01T20:09:38.932809Z  INFO gigastt_core::inference::engine::load: Detected model variant: MlCtcLarge
2026-10-01T20:09:38.932841Z  INFO gigastt_core::inference::engine::load: Using INT8 quantized encoder
2026-10-01T20:09:38.932844Z  INFO gigastt_core::inference::engine::load: Loading ONNX models from /home/ekhodzitsky/.gigastt/models (pool_size=2)...
2026-10-01T20:09:38.932846Z  INFO gigastt_core::inference::engine::load: Using CPU execution provider
2026-10-01T20:09:38.932987Z  INFO gigastt_core::inference::load_files: Loading session triplet 2/2 (shared runtime)
2026-10-01T20:09:38.932987Z  INFO gigastt_core::inference::load_files: Loading session triplet 1/2 (shared runtime)
2026-10-01T20:09:39.344375Z  INFO gigastt_core::runtime::ort::session: encoder: loaded fresh optimized graph cache, skipped source model path=/home/ekhodzitsky/.gigastt/models/optimized_cache/multilingual_large_ctc.int8_optimized.ort
2026-10-01T20:09:39.753566Z  INFO gigastt_core::runtime::ort::session: encoder: loaded fresh optimized graph cache, skipped source model path=/home/ekhodzitsky/.gigastt/models/optimized_cache/multilingual_large_ctc.int8_optimized.ort
2026-10-01T20:09:39.753700Z  INFO gigastt_core::inference::tokenizer: Loaded vocabulary: 71 tokens, blank_id=70
2026-10-01T20:09:39.753716Z  INFO gigastt_core::inference::engine::load: Models loaded (vocab_size=71, pool_size=2)
2026-10-01T20:09:39.753723Z  INFO gigastt_core::inference::diarization: Speaker encoder present at /home/ekhodzitsky/.gigastt/models/wespeaker_resnet34.onnx (lazy load on first diarization request)
2026-10-01T20:09:39.753796Z  INFO gigastt_core::inference::engine::load: execution provider bound execution_provider="cpu"
2026-10-01T20:09:39.753833Z  INFO gigastt::boot: VmRSS:	  108900 kB
2026-10-01T20:09:39.753903Z  INFO gigastt::server::listen: Model ready — starting full server
2026-10-01T20:09:39.754024Z  INFO gigastt_core::inference::engine::words: Extracted 99 mel frames
2026-10-01T20:09:39.879135Z  INFO gigastt_core::inference::engine::infer: encoder_inference elapsed_ms=125
2026-10-01T20:09:39.879189Z  INFO gigastt_core::inference::engine::transcribe: transcribe complete audio_s=1.00 wall_s=0.13 rtf=0.125 encoder=int8/cpu
2026-10-01T20:09:39.879265Z  INFO gigastt_core::inference::engine::words: Extracted 99 mel frames
2026-10-01T20:09:39.997619Z  INFO gigastt_core::inference::engine::infer: encoder_inference elapsed_ms=118
2026-10-01T20:09:39.997666Z  INFO gigastt_core::inference::engine::transcribe: transcribe complete audio_s=1.00 wall_s=0.12 rtf=0.118 encoder=int8/cpu
2026-10-01T20:09:39.997677Z  INFO gigastt::server::listen: Engine warmup complete elapsed_ms=243
2026-10-01T20:09:39.997887Z  INFO gigastt::server::listen: gigastt server listening on http://127.0.0.1:20021
2026-10-01T20:09:39.997927Z  INFO gigastt::server::listen:   WebSocket: ws://127.0.0.1:20021/v1/ws
2026-10-01T20:09:39.997937Z  INFO gigastt::server::listen:   REST API:  http://127.0.0.1:20021/health, /ready, /v1/transcribe, /v1/transcribe/stream, /v1/audio/transcriptions
2026-10-01T20:09:41.649591Z  INFO request{request_id=01a0f916-4611-72a6-be1c-e0b4a08da9cd method=POST path=/v1/transcribe}: gigastt_core::inference::audio::wave: Audio (wave): 16000Hz, 1ch (streaming windows)
2026-10-01T20:09:42.054143Z  INFO request{request_id=01a0f916-4611-72a6-be1c-e0b4a08da9cd method=POST path=/v1/transcribe}: gigastt_core::inference::engine::infer: encoder_inference elapsed_ms=403
2026-10-01T20:09:42.054249Z  INFO request{request_id=01a0f916-4611-72a6-be1c-e0b4a08da9cd method=POST path=/v1/transcribe}: gigastt_core::inference::engine::file_stream: transcribe complete (streaming windows) audio_s=5.90 wall_s=0.40 rtf=0.069
2026-10-01T20:09:42.060689Z  INFO request{request_id=01a0f916-47ac-768d-b890-6428246779e6 method=POST path=/v1/transcribe}: gigastt_core::inference::audio::wave: Audio (wave): 16000Hz, 1ch (streaming windows)
2026-10-01T20:09:42.060818Z  INFO request{request_id=01a0f916-47ac-768d-b890-64292704cecd method=POST path=/v1/transcribe}: gigastt_core::inference::audio::wave: Audio (wave): 16000Hz, 1ch (streaming windows)
2026-10-01T20:09:42.334636Z  INFO request{request_id=01a0f916-47ac-768d-b890-6428246779e6 method=POST path=/v1/transcribe}: gigastt_core::inference::engine::infer: encoder_inference elapsed_ms=273
2026-10-01T20:09:42.334706Z  INFO request{request_id=01a0f916-47ac-768d-b890-6428246779e6 method=POST path=/v1/transcribe}: gigastt_core::inference::engine::file_stream: transcribe complete (streaming windows) audio_s=2.77 wall_s=0.27 rtf=0.099
2026-10-01T20:09:42.342921Z  INFO request{request_id=01a0f916-48c5-76e1-9450-c37d35179283 method=POST path=/v1/transcribe}: gigastt_core::inference::audio::wave: Audio (wave): 16000Hz, 1ch (streaming windows)
2026-10-01T20:09:42.592990Z  INFO request{request_id=01a0f916-47ac-768d-b890-64292704cecd method=POST path=/v1/transcribe}: gigastt_core::inference::engine::infer: encoder_inference elapsed_ms=531
2026-10-01T20:09:42.593085Z  INFO request{request_id=01a0f916-47ac-768d-b890-64292704cecd method=POST path=/v1/transcribe}: gigastt_core::inference::engine::file_stream: transcribe complete (streaming windows) audio_s=5.90 wall_s=0.53 rtf=0.090
2026-10-01T20:09:42.601273Z  INFO request{request_id=01a0f916-49c8-70fc-a540-c3f1b8c44bcd method=POST path=/v1/transcribe}: gigastt_core::inference::audio::wave: Audio (wave): 16000Hz, 1ch (streaming windows)
2026-10-01T20:09:44.163472Z  INFO request{request_id=01a0f916-48c5-76e1-9450-c37d35179283 method=POST path=/v1/transcribe}: gigastt_core::inference::engine::infer: encoder_inference elapsed_ms=1818
2026-10-01T20:09:44.163658Z  INFO request{request_id=01a0f916-48c5-76e1-9450-c37d35179283 method=POST path=/v1/transcribe}: gigastt_core::inference::engine::file_stream: transcribe complete (streaming windows) audio_s=17.20 wall_s=1.82 rtf=0.106
2026-10-01T20:09:44.170743Z  INFO request{request_id=01a0f916-4fea-729e-9e65-fc1377d3f0cc method=POST path=/v1/transcribe}: gigastt_core::inference::audio::wave: Audio (wave): 16000Hz, 1ch (streaming windows)
2026-10-01T20:09:44.575990Z  INFO request{request_id=01a0f916-4fea-729e-9e65-fc1377d3f0cc method=POST path=/v1/transcribe}: gigastt_core::inference::engine::infer: encoder_inference elapsed_ms=404
2026-10-01T20:09:44.576079Z  INFO request{request_id=01a0f916-4fea-729e-9e65-fc1377d3f0cc method=POST path=/v1/transcribe}: gigastt_core::inference::engine::file_stream: transcribe complete (streaming windows) audio_s=3.96 wall_s=0.41 rtf=0.102
2026-10-01T20:09:44.590212Z  INFO request{request_id=01a0f916-518d-77f8-9a9c-4d9037d264ea method=POST path=/v1/transcribe}: gigastt_core::inference::audio::wave: Audio (wave): 16000Hz, 1ch (streaming windows)
2026-10-01T20:09:44.628750Z  INFO request{request_id=01a0f916-49c8-70fc-a540-c3f1b8c44bcd method=POST path=/v1/transcribe}: gigastt_core::inference::engine::infer: encoder_inference elapsed_ms=2025
2026-10-01T20:09:44.628992Z  INFO request{request_id=01a0f916-49c8-70fc-a540-c3f1b8c44bcd method=POST path=/v1/transcribe}: gigastt_core::inference::engine::file_stream: transcribe complete (streaming windows) audio_s=17.40 wall_s=2.03 rtf=0.117
2026-10-01T20:09:44.632348Z  INFO request{request_id=01a0f916-51b8-7340-b94e-0e8e11b41039 method=POST path=/v1/transcribe}: gigastt_core::inference::audio::wave: Audio (wave): 16000Hz, 1ch (streaming windows)
2026-10-01T20:09:44.978781Z  INFO request{request_id=01a0f916-51b8-7340-b94e-0e8e11b41039 method=POST path=/v1/transcribe}: gigastt_core::inference::engine::infer: encoder_inference elapsed_ms=346
2026-10-01T20:09:44.978883Z  INFO request{request_id=01a0f916-51b8-7340-b94e-0e8e11b41039 method=POST path=/v1/transcribe}: gigastt_core::inference::engine::file_stream: transcribe complete (streaming windows) audio_s=3.43 wall_s=0.35 rtf=0.101
2026-10-01T20:09:44.985706Z  INFO request{request_id=01a0f916-5319-7304-8530-c8b55a1f0b04 method=POST path=/v1/transcribe}: gigastt_core::inference::audio::wave: Audio (wave): 16000Hz, 1ch (streaming windows)
2026-10-01T20:09:45.152525Z  INFO request{request_id=01a0f916-518d-77f8-9a9c-4d9037d264ea method=POST path=/v1/transcribe}: gigastt_core::inference::engine::infer: encoder_inference elapsed_ms=561
2026-10-01T20:09:45.152620Z  INFO request{request_id=01a0f916-518d-77f8-9a9c-4d9037d264ea method=POST path=/v1/transcribe}: gigastt_core::inference::engine::file_stream: transcribe complete (streaming windows) audio_s=5.95 wall_s=0.56 rtf=0.095
2026-10-01T20:09:45.159945Z  INFO request{request_id=01a0f916-53c7-77ce-a1d3-3c6435c8b820 method=POST path=/v1/transcribe}: gigastt_core::inference::audio::wave: Audio (wave): 16000Hz, 1ch (streaming windows)
2026-10-01T20:09:45.362709Z  INFO request{request_id=01a0f916-53c7-77ce-a1d3-3c6435c8b820 method=POST path=/v1/transcribe}: gigastt_core::inference::engine::infer: encoder_inference elapsed_ms=202
2026-10-01T20:09:45.362788Z  INFO request{request_id=01a0f916-53c7-77ce-a1d3-3c6435c8b820 method=POST path=/v1/transcribe}: gigastt_core::inference::engine::file_stream: transcribe complete (streaming windows) audio_s=1.83 wall_s=0.20 rtf=0.111
2026-10-01T20:09:45.369350Z  INFO request{request_id=01a0f916-5498-713c-b7ea-6328f07e29d9 method=POST path=/v1/transcribe}: gigastt_core::inference::audio::wave: Audio (wave): 16000Hz, 1ch (streaming windows)
2026-10-01T20:09:46.213511Z  INFO request{request_id=01a0f916-5498-713c-b7ea-6328f07e29d9 method=POST path=/v1/transcribe}: gigastt_core::inference::engine::infer: encoder_inference elapsed_ms=843
2026-10-01T20:09:46.213641Z  INFO request{request_id=01a0f916-5498-713c-b7ea-6328f07e29d9 method=POST path=/v1/transcribe}: gigastt_core::inference::engine::file_stream: transcribe complete (streaming windows) audio_s=5.80 wall_s=0.84 rtf=0.146
2026-10-01T20:09:46.224420Z  INFO request{request_id=01a0f916-57ef-7013-a5a2-f0b7091070df method=POST path=/v1/transcribe}: gigastt_core::inference::audio::wave: Audio (wave): 16000Hz, 1ch (streaming windows)
2026-10-01T20:09:46.387000Z  INFO request{request_id=01a0f916-5319-7304-8530-c8b55a1f0b04 method=POST path=/v1/transcribe}: gigastt_core::inference::engine::infer: encoder_inference elapsed_ms=1399
2026-10-01T20:09:46.387393Z  INFO request{request_id=01a0f916-5319-7304-8530-c8b55a1f0b04 method=POST path=/v1/transcribe}: gigastt_core::inference::engine::file_stream: transcribe complete (streaming windows) audio_s=10.66 wall_s=1.40 rtf=0.132
2026-10-01T20:09:46.391265Z  INFO request{request_id=01a0f916-5897-74eb-abf9-dbb9b5d40713 method=POST path=/v1/transcribe}: gigastt_core::inference::audio::wave: Audio (wave): 16000Hz, 1ch (streaming windows)
2026-10-01T20:09:46.732473Z  INFO request{request_id=01a0f916-5897-74eb-abf9-dbb9b5d40713 method=POST path=/v1/transcribe}: gigastt_core::inference::engine::infer: encoder_inference elapsed_ms=340
2026-10-01T20:09:46.732570Z  INFO request{request_id=01a0f916-5897-74eb-abf9-dbb9b5d40713 method=POST path=/v1/transcribe}: gigastt_core::inference::engine::file_stream: transcribe complete (streaming windows) audio_s=1.66 wall_s=0.34 rtf=0.206
2026-10-01T20:09:46.739828Z  INFO request{request_id=01a0f916-59f3-7392-a103-f73bd7131767 method=POST path=/v1/transcribe}: gigastt_core::inference::audio::wave: Audio (wave): 16000Hz, 1ch (streaming windows)
2026-10-01T20:09:47.378283Z  INFO request{request_id=01a0f916-59f3-7392-a103-f73bd7131767 method=POST path=/v1/transcribe}: gigastt_core::inference::engine::infer: encoder_inference elapsed_ms=637
2026-10-01T20:09:47.378420Z  INFO request{request_id=01a0f916-59f3-7392-a103-f73bd7131767 method=POST path=/v1/transcribe}: gigastt_core::inference::engine::file_stream: transcribe complete (streaming windows) audio_s=3.06 wall_s=0.64 rtf=0.209
2026-10-01T20:09:47.382972Z  INFO request{request_id=01a0f916-5c76-75df-928b-78c2a28e7425 method=POST path=/v1/transcribe}: gigastt_core::inference::audio::wave: Audio (wave): 16000Hz, 1ch (streaming windows)
2026-10-01T20:09:47.698436Z  INFO request{request_id=01a0f916-57ef-7013-a5a2-f0b7091070df method=POST path=/v1/transcribe}: gigastt_core::inference::engine::infer: encoder_inference elapsed_ms=1471
2026-10-01T20:09:47.698641Z  INFO request{request_id=01a0f916-57ef-7013-a5a2-f0b7091070df method=POST path=/v1/transcribe}: gigastt_core::inference::engine::file_stream: transcribe complete (streaming windows) audio_s=7.45 wall_s=1.47 rtf=0.198
2026-10-01T20:09:47.717293Z  INFO request{request_id=01a0f916-5dc3-7168-8749-1ddb641d3a49 method=POST path=/v1/transcribe}: gigastt_core::inference::audio::wave: Audio (wave): 16000Hz, 1ch (streaming windows)
2026-10-01T20:09:47.909466Z  INFO request{request_id=01a0f916-5c76-75df-928b-78c2a28e7425 method=POST path=/v1/transcribe}: gigastt_core::inference::engine::infer: encoder_inference elapsed_ms=525
2026-10-01T20:09:47.909567Z  INFO request{request_id=01a0f916-5c76-75df-928b-78c2a28e7425 method=POST path=/v1/transcribe}: gigastt_core::inference::engine::file_stream: transcribe complete (streaming windows) audio_s=3.25 wall_s=0.53 rtf=0.162
2026-10-01T20:09:47.913943Z  INFO request{request_id=01a0f916-5e89-77be-9d48-0476a3f99c4c method=POST path=/v1/transcribe}: gigastt_core::inference::audio::wave: Audio (wave): 16000Hz, 1ch (streaming windows)
2026-10-01T20:09:50.072324Z  INFO request{request_id=01a0f916-5dc3-7168-8749-1ddb641d3a49 method=POST path=/v1/transcribe}: gigastt_core::inference::engine::infer: encoder_inference elapsed_ms=2350
2026-10-01T20:09:50.072529Z  INFO request{request_id=01a0f916-5dc3-7168-8749-1ddb641d3a49 method=POST path=/v1/transcribe}: gigastt_core::inference::engine::file_stream: transcribe complete (streaming windows) audio_s=20.00 wall_s=2.36 rtf=0.118
2026-10-01T20:09:50.102314Z  INFO request{request_id=01a0f916-6715-7499-a0de-98534925c04f method=POST path=/v1/transcribe}: gigastt_core::inference::audio::wave: Audio (wave): 16000Hz, 1ch (streaming windows)
2026-10-01T20:09:50.313777Z  INFO request{request_id=01a0f916-5e89-77be-9d48-0476a3f99c4c method=POST path=/v1/transcribe}: gigastt_core::inference::engine::infer: encoder_inference elapsed_ms=2397
2026-10-01T20:09:50.314064Z  INFO request{request_id=01a0f916-5e89-77be-9d48-0476a3f99c4c method=POST path=/v1/transcribe}: gigastt_core::inference::engine::file_stream: transcribe complete (streaming windows) audio_s=20.00 wall_s=2.40 rtf=0.120
2026-10-01T20:09:50.324121Z  INFO request{request_id=01a0f916-67f3-76de-9cfb-f3af88c20c8f method=POST path=/v1/transcribe}: gigastt_core::inference::audio::wave: Audio (wave): 16000Hz, 1ch (streaming windows)
2026-10-01T20:09:52.338069Z  INFO request{request_id=01a0f916-67f3-76de-9cfb-f3af88c20c8f method=POST path=/v1/transcribe}: gigastt_core::inference::engine::infer: encoder_inference elapsed_ms=2012
2026-10-01T20:09:52.338317Z  INFO request{request_id=01a0f916-67f3-76de-9cfb-f3af88c20c8f method=POST path=/v1/transcribe}: gigastt_core::inference::engine::file_stream: transcribe complete (streaming windows) audio_s=17.69 wall_s=2.01 rtf=0.114
2026-10-01T20:09:52.348612Z  INFO request{request_id=01a0f916-6fdc-72ce-8a61-67d051eeb393 method=POST path=/v1/transcribe}: gigastt_core::inference::audio::wave: Audio (wave): 16000Hz, 1ch (streaming windows)
2026-10-01T20:09:52.553072Z  INFO request{request_id=01a0f916-6715-7499-a0de-98534925c04f method=POST path=/v1/transcribe}: gigastt_core::inference::engine::infer: encoder_inference elapsed_ms=2449
2026-10-01T20:09:52.553409Z  INFO request{request_id=01a0f916-6715-7499-a0de-98534925c04f method=POST path=/v1/transcribe}: gigastt_core::inference::engine::file_stream: transcribe complete (streaming windows) audio_s=20.09 wall_s=2.45 rtf=0.122
2026-10-01T20:09:52.567094Z  INFO request{request_id=01a0f916-70b6-75a5-b17a-1e0df6d7bfeb method=POST path=/v1/transcribe}: gigastt_core::inference::audio::wave: Audio (wave): 16000Hz, 1ch (streaming windows)
2026-10-01T20:09:52.763024Z  INFO request{request_id=01a0f916-6fdc-72ce-8a61-67d051eeb393 method=POST path=/v1/transcribe}: gigastt_core::inference::engine::infer: encoder_inference elapsed_ms=413
2026-10-01T20:09:52.763108Z  INFO request{request_id=01a0f916-6fdc-72ce-8a61-67d051eeb393 method=POST path=/v1/transcribe}: gigastt_core::inference::engine::file_stream: transcribe complete (streaming windows) audio_s=3.55 wall_s=0.41 rtf=0.117
2026-10-01T20:09:52.777458Z  INFO request{request_id=01a0f916-7189-7560-a915-817ada588a22 method=POST path=/v1/transcribe}: gigastt_core::inference::audio::wave: Audio (wave): 16000Hz, 1ch (streaming windows)
2026-10-01T20:09:53.580340Z  INFO request{request_id=01a0f916-7189-7560-a915-817ada588a22 method=POST path=/v1/transcribe}: gigastt_core::inference::engine::infer: encoder_inference elapsed_ms=801
2026-10-01T20:09:53.580481Z  INFO request{request_id=01a0f916-7189-7560-a915-817ada588a22 method=POST path=/v1/transcribe}: gigastt_core::inference::engine::file_stream: transcribe complete (streaming windows) audio_s=7.49 wall_s=0.80 rtf=0.107
2026-10-01T20:09:53.602597Z  INFO request{request_id=01a0f916-74c2-70fd-b849-67148f330c25 method=POST path=/v1/transcribe}: gigastt_core::inference::audio::wave: Audio (wave): 16000Hz, 1ch (streaming windows)
2026-10-01T20:09:53.820331Z  INFO request{request_id=01a0f916-70b6-75a5-b17a-1e0df6d7bfeb method=POST path=/v1/transcribe}: gigastt_core::inference::engine::infer: encoder_inference elapsed_ms=1251
2026-10-01T20:09:53.820493Z  INFO request{request_id=01a0f916-70b6-75a5-b17a-1e0df6d7bfeb method=POST path=/v1/transcribe}: gigastt_core::inference::engine::file_stream: transcribe complete (streaming windows) audio_s=11.83 wall_s=1.25 rtf=0.106
2026-10-01T20:09:53.826368Z  INFO request{request_id=01a0f916-75a2-7638-a3b3-7cd2e2bcb7d9 method=POST path=/v1/transcribe}: gigastt_core::inference::audio::wave: Audio (wave): 16000Hz, 1ch (streaming windows)
2026-10-01T20:09:54.143694Z  INFO request{request_id=01a0f916-75a2-7638-a3b3-7cd2e2bcb7d9 method=POST path=/v1/transcribe}: gigastt_core::inference::engine::infer: encoder_inference elapsed_ms=316
2026-10-01T20:09:54.143780Z  INFO request{request_id=01a0f916-75a2-7638-a3b3-7cd2e2bcb7d9 method=POST path=/v1/transcribe}: gigastt_core::inference::engine::file_stream: transcribe complete (streaming windows) audio_s=3.13 wall_s=0.32 rtf=0.101
2026-10-01T20:09:54.154182Z  INFO request{request_id=01a0f916-76e9-7627-92cb-5cc5e015b3ad method=POST path=/v1/transcribe}: gigastt_core::inference::audio::wave: Audio (wave): 16000Hz, 1ch (streaming windows)
2026-10-01T20:09:54.279126Z  INFO request{request_id=01a0f916-74c2-70fd-b849-67148f330c25 method=POST path=/v1/transcribe}: gigastt_core::inference::engine::infer: encoder_inference elapsed_ms=675
2026-10-01T20:09:54.279242Z  INFO request{request_id=01a0f916-74c2-70fd-b849-67148f330c25 method=POST path=/v1/transcribe}: gigastt_core::inference::engine::file_stream: transcribe complete (streaming windows) audio_s=7.19 wall_s=0.68 rtf=0.094
2026-10-01T20:09:54.287619Z  INFO request{request_id=01a0f916-776e-7590-baed-883221733156 method=POST path=/v1/transcribe}: gigastt_core::inference::audio::wave: Audio (wave): 16000Hz, 1ch (streaming windows)
2026-10-01T20:09:55.589534Z  INFO request{request_id=01a0f916-76e9-7627-92cb-5cc5e015b3ad method=POST path=/v1/transcribe}: gigastt_core::inference::engine::infer: encoder_inference elapsed_ms=1433
2026-10-01T20:09:55.589696Z  INFO request{request_id=01a0f916-76e9-7627-92cb-5cc5e015b3ad method=POST path=/v1/transcribe}: gigastt_core::inference::engine::file_stream: transcribe complete (streaming windows) audio_s=14.77 wall_s=1.44 rtf=0.097
2026-10-01T20:09:55.610699Z  INFO request{request_id=01a0f916-7c9a-71d9-9ed5-c4c9752f07ff method=POST path=/v1/transcribe}: gigastt_core::inference::audio::wave: Audio (wave): 16000Hz, 1ch (streaming windows)
2026-10-01T20:09:56.662914Z  INFO request{request_id=01a0f916-7c9a-71d9-9ed5-c4c9752f07ff method=POST path=/v1/transcribe}: gigastt_core::inference::engine::infer: encoder_inference elapsed_ms=1051
2026-10-01T20:09:56.663110Z  INFO request{request_id=01a0f916-7c9a-71d9-9ed5-c4c9752f07ff method=POST path=/v1/transcribe}: gigastt_core::inference::engine::file_stream: transcribe complete (streaming windows) audio_s=11.23 wall_s=1.05 rtf=0.094
2026-10-01T20:09:56.677315Z  INFO request{request_id=01a0f916-80c4-730d-adba-a0919a4e3f26 method=POST path=/v1/transcribe}: gigastt_core::inference::audio::wave: Audio (wave): 16000Hz, 1ch (streaming windows)
2026-10-01T20:09:58.319649Z  INFO request{request_id=01a0f916-776e-7590-baed-883221733156 method=POST path=/v1/transcribe}: gigastt_core::inference::engine::infer: encoder_inference elapsed_ms=4028
2026-10-01T20:09:58.319926Z  INFO request{request_id=01a0f916-776e-7590-baed-883221733156 method=POST path=/v1/transcribe}: gigastt_core::inference::engine::file_stream: transcribe complete (streaming windows) audio_s=29.97 wall_s=4.03 rtf=0.135
2026-10-01T20:09:58.336245Z  INFO request{request_id=01a0f916-8740-7203-a4ea-86561e1fa683 method=POST path=/v1/transcribe}: gigastt_core::inference::audio::wave: Audio (wave): 16000Hz, 1ch (streaming windows)
2026-10-01T20:09:58.558942Z  INFO request{request_id=01a0f916-80c4-730d-adba-a0919a4e3f26 method=POST path=/v1/transcribe}: gigastt_core::inference::engine::infer: encoder_inference elapsed_ms=1879
2026-10-01T20:09:58.559125Z  INFO request{request_id=01a0f916-80c4-730d-adba-a0919a4e3f26 method=POST path=/v1/transcribe}: gigastt_core::inference::engine::file_stream: transcribe complete (streaming windows) audio_s=17.69 wall_s=1.88 rtf=0.106
2026-10-01T20:09:58.568022Z  INFO request{request_id=01a0f916-8827-7319-91dd-842b0148b2fc method=POST path=/v1/transcribe}: gigastt_core::inference::audio::wave: Audio (wave): 16000Hz, 1ch (streaming windows)
2026-10-01T20:09:58.603984Z  INFO request{request_id=01a0f916-8740-7203-a4ea-86561e1fa683 method=POST path=/v1/transcribe}: gigastt_core::inference::engine::infer: encoder_inference elapsed_ms=267
2026-10-01T20:09:58.604062Z  INFO request{request_id=01a0f916-8740-7203-a4ea-86561e1fa683 method=POST path=/v1/transcribe}: gigastt_core::inference::engine::file_stream: transcribe complete (streaming windows) audio_s=2.63 wall_s=0.27 rtf=0.102
2026-10-01T20:09:58.615088Z  INFO request{request_id=01a0f916-8856-7777-85f0-d9718774084e method=POST path=/v1/transcribe}: gigastt_core::inference::audio::wave: Audio (wave): 16000Hz, 1ch (streaming windows)
2026-10-01T20:09:59.827143Z  INFO request{request_id=01a0f916-8856-7777-85f0-d9718774084e method=POST path=/v1/transcribe}: gigastt_core::inference::engine::infer: encoder_inference elapsed_ms=1210
2026-10-01T20:09:59.827311Z  INFO request{request_id=01a0f916-8856-7777-85f0-d9718774084e method=POST path=/v1/transcribe}: gigastt_core::inference::engine::file_stream: transcribe complete (streaming windows) audio_s=12.31 wall_s=1.21 rtf=0.098
2026-10-01T20:09:59.851702Z  INFO request{request_id=01a0f916-8d2b-722b-9f59-9eb508382cf2 method=POST path=/v1/transcribe}: gigastt_core::inference::audio::wave: Audio (wave): 16000Hz, 1ch (streaming windows)
2026-10-01T20:10:00.117333Z  INFO request{request_id=01a0f916-8d2b-722b-9f59-9eb508382cf2 method=POST path=/v1/transcribe}: gigastt_core::inference::engine::infer: encoder_inference elapsed_ms=265
2026-10-01T20:10:00.117426Z  INFO request{request_id=01a0f916-8d2b-722b-9f59-9eb508382cf2 method=POST path=/v1/transcribe}: gigastt_core::inference::engine::file_stream: transcribe complete (streaming windows) audio_s=2.51 wall_s=0.27 rtf=0.106
2026-10-01T20:10:00.125905Z  INFO request{request_id=01a0f916-8e3d-73f6-b33b-e5edc2bf2805 method=POST path=/v1/transcribe}: gigastt_core::inference::audio::wave: Audio (wave): 16000Hz, 1ch (streaming windows)
2026-10-01T20:10:00.538919Z  INFO request{request_id=01a0f916-8e3d-73f6-b33b-e5edc2bf2805 method=POST path=/v1/transcribe}: gigastt_core::inference::engine::infer: encoder_inference elapsed_ms=412
2026-10-01T20:10:00.538998Z  INFO request{request_id=01a0f916-8e3d-73f6-b33b-e5edc2bf2805 method=POST path=/v1/transcribe}: gigastt_core::inference::engine::file_stream: transcribe complete (streaming windows) audio_s=4.07 wall_s=0.41 rtf=0.102
2026-10-01T20:10:00.541968Z  INFO request{request_id=01a0f916-8fdd-7313-aa04-47b16d07eed6 method=POST path=/v1/transcribe}: gigastt_core::inference::audio::wave: Audio (wave): 16000Hz, 1ch (streaming windows)
2026-10-01T20:10:01.255496Z  INFO request{request_id=01a0f916-8fdd-7313-aa04-47b16d07eed6 method=POST path=/v1/transcribe}: gigastt_core::inference::engine::infer: encoder_inference elapsed_ms=713
2026-10-01T20:10:01.255668Z  INFO request{request_id=01a0f916-8fdd-7313-aa04-47b16d07eed6 method=POST path=/v1/transcribe}: gigastt_core::inference::engine::file_stream: transcribe complete (streaming windows) audio_s=2.89 wall_s=0.71 rtf=0.247
2026-10-01T20:10:01.263248Z  INFO request{request_id=01a0f916-92ae-77a3-aa05-25e7d3ceddf5 method=POST path=/v1/transcribe}: gigastt_core::inference::audio::wave: Audio (wave): 16000Hz, 1ch (streaming windows)
2026-10-01T20:10:01.686193Z  INFO request{request_id=01a0f916-92ae-77a3-aa05-25e7d3ceddf5 method=POST path=/v1/transcribe}: gigastt_core::inference::engine::infer: encoder_inference elapsed_ms=422
2026-10-01T20:10:01.686456Z  INFO request{request_id=01a0f916-92ae-77a3-aa05-25e7d3ceddf5 method=POST path=/v1/transcribe}: gigastt_core::inference::engine::file_stream: transcribe complete (streaming windows) audio_s=2.40 wall_s=0.42 rtf=0.176
2026-10-01T20:10:01.695640Z  INFO request{request_id=01a0f916-945f-72d0-a154-7d597c0bc720 method=POST path=/v1/transcribe}: gigastt_core::inference::audio::wave: Audio (wave): 16000Hz, 1ch (streaming windows)
2026-10-01T20:10:02.132913Z  INFO request{request_id=01a0f916-8827-7319-91dd-842b0148b2fc method=POST path=/v1/transcribe}: gigastt_core::inference::engine::infer: encoder_inference elapsed_ms=3563
2026-10-01T20:10:02.133171Z  INFO request{request_id=01a0f916-8827-7319-91dd-842b0148b2fc method=POST path=/v1/transcribe}: gigastt_core::inference::engine::file_stream: transcribe complete (streaming windows) audio_s=23.47 wall_s=3.57 rtf=0.152
2026-10-01T20:10:02.139864Z  INFO request{request_id=01a0f916-961b-73ee-9718-ec185551b987 method=POST path=/v1/transcribe}: gigastt_core::inference::audio::wave: Audio (wave): 16000Hz, 1ch (streaming windows)
2026-10-01T20:10:02.560722Z  INFO request{request_id=01a0f916-961b-73ee-9718-ec185551b987 method=POST path=/v1/transcribe}: gigastt_core::inference::engine::infer: encoder_inference elapsed_ms=420
2026-10-01T20:10:02.560807Z  INFO request{request_id=01a0f916-961b-73ee-9718-ec185551b987 method=POST path=/v1/transcribe}: gigastt_core::inference::engine::file_stream: transcribe complete (streaming windows) audio_s=2.85 wall_s=0.42 rtf=0.148
2026-10-01T20:10:02.566717Z  INFO request{request_id=01a0f916-97c6-73bb-b01e-515dd3be2161 method=POST path=/v1/transcribe}: gigastt_core::inference::audio::wave: Audio (wave): 16000Hz, 1ch (streaming windows)
2026-10-01T20:10:02.579732Z  INFO request{request_id=01a0f916-945f-72d0-a154-7d597c0bc720 method=POST path=/v1/transcribe}: gigastt_core::inference::engine::infer: encoder_inference elapsed_ms=882
2026-10-01T20:10:02.579838Z  INFO request{request_id=01a0f916-945f-72d0-a154-7d597c0bc720 method=POST path=/v1/transcribe}: gigastt_core::inference::engine::file_stream: transcribe complete (streaming windows) audio_s=5.80 wall_s=0.88 rtf=0.152
2026-10-01T20:10:02.582801Z  INFO request{request_id=01a0f916-97d6-705f-ba04-59c43aac6337 method=POST path=/v1/transcribe}: gigastt_core::inference::audio::wave: Audio (wave): 16000Hz, 1ch (streaming windows)
2026-10-01T20:10:02.752887Z  INFO request{request_id=01a0f916-97c6-73bb-b01e-515dd3be2161 method=POST path=/v1/transcribe}: gigastt_core::inference::engine::infer: encoder_inference elapsed_ms=185
2026-10-01T20:10:02.752982Z  INFO request{request_id=01a0f916-97c6-73bb-b01e-515dd3be2161 method=POST path=/v1/transcribe}: gigastt_core::inference::engine::file_stream: transcribe complete (streaming windows) audio_s=1.63 wall_s=0.19 rtf=0.114
2026-10-01T20:10:02.758437Z  INFO request{request_id=01a0f916-9886-7522-ad0b-c29cefc9e633 method=POST path=/v1/transcribe}: gigastt_core::inference::audio::wave: Audio (wave): 16000Hz, 1ch (streaming windows)
2026-10-01T20:10:03.054620Z  INFO request{request_id=01a0f916-9886-7522-ad0b-c29cefc9e633 method=POST path=/v1/transcribe}: gigastt_core::inference::engine::infer: encoder_inference elapsed_ms=295
2026-10-01T20:10:03.054682Z  INFO request{request_id=01a0f916-9886-7522-ad0b-c29cefc9e633 method=POST path=/v1/transcribe}: gigastt_core::inference::engine::file_stream: transcribe complete (streaming windows) audio_s=2.64 wall_s=0.30 rtf=0.112
2026-10-01T20:10:03.057108Z  INFO request{request_id=01a0f916-99b0-77c0-a194-94f2c6970484 method=POST path=/v1/transcribe}: gigastt_core::inference::audio::wave: Audio (wave): 16000Hz, 1ch (streaming windows)
2026-10-01T20:10:03.374466Z  INFO request{request_id=01a0f916-99b0-77c0-a194-94f2c6970484 method=POST path=/v1/transcribe}: gigastt_core::inference::engine::infer: encoder_inference elapsed_ms=316
2026-10-01T20:10:03.374542Z  INFO request{request_id=01a0f916-99b0-77c0-a194-94f2c6970484 method=POST path=/v1/transcribe}: gigastt_core::inference::engine::file_stream: transcribe complete (streaming windows) audio_s=2.91 wall_s=0.32 rtf=0.109
2026-10-01T20:10:03.377634Z  INFO request{request_id=01a0f916-9af1-73e4-9013-a4a55089d9e8 method=POST path=/v1/transcribe}: gigastt_core::inference::audio::wave: Audio (wave): 16000Hz, 1ch (streaming windows)
2026-10-01T20:10:03.736058Z  INFO request{request_id=01a0f916-9af1-73e4-9013-a4a55089d9e8 method=POST path=/v1/transcribe}: gigastt_core::inference::engine::infer: encoder_inference elapsed_ms=357
2026-10-01T20:10:03.736157Z  INFO request{request_id=01a0f916-9af1-73e4-9013-a4a55089d9e8 method=POST path=/v1/transcribe}: gigastt_core::inference::engine::file_stream: transcribe complete (streaming windows) audio_s=3.39 wall_s=0.36 rtf=0.106
2026-10-01T20:10:03.742621Z  INFO request{request_id=01a0f916-9c5e-71f6-b80f-04c916256149 method=POST path=/v1/transcribe}: gigastt_core::inference::audio::wave: Audio (wave): 16000Hz, 1ch (streaming windows)
2026-10-01T20:10:03.754264Z  INFO request{request_id=01a0f916-97d6-705f-ba04-59c43aac6337 method=POST path=/v1/transcribe}: gigastt_core::inference::engine::infer: encoder_inference elapsed_ms=1170
2026-10-01T20:10:03.754438Z  INFO request{request_id=01a0f916-97d6-705f-ba04-59c43aac6337 method=POST path=/v1/transcribe}: gigastt_core::inference::engine::file_stream: transcribe complete (streaming windows) audio_s=12.07 wall_s=1.17 rtf=0.097
2026-10-01T20:10:03.757608Z  INFO request{request_id=01a0f916-9c6d-77e3-8cbc-5d6e711d5608 method=POST path=/v1/transcribe}: gigastt_core::inference::audio::wave: Audio (wave): 16000Hz, 1ch (streaming windows)
2026-10-01T20:10:04.120654Z  INFO request{request_id=01a0f916-9c6d-77e3-8cbc-5d6e711d5608 method=POST path=/v1/transcribe}: gigastt_core::inference::engine::infer: encoder_inference elapsed_ms=362
2026-10-01T20:10:04.120764Z  INFO request{request_id=01a0f916-9c6d-77e3-8cbc-5d6e711d5608 method=POST path=/v1/transcribe}: gigastt_core::inference::engine::file_stream: transcribe complete (streaming windows) audio_s=3.48 wall_s=0.36 rtf=0.104
2026-10-01T20:10:04.124085Z  INFO request{request_id=01a0f916-9ddb-763d-bf8f-018ac798f9e4 method=POST path=/v1/transcribe}: gigastt_core::inference::audio::wave: Audio (wave): 16000Hz, 1ch (streaming windows)
2026-10-01T20:10:04.259081Z  INFO request{request_id=01a0f916-9c5e-71f6-b80f-04c916256149 method=POST path=/v1/transcribe}: gigastt_core::inference::engine::infer: encoder_inference elapsed_ms=515
2026-10-01T20:10:04.259183Z  INFO request{request_id=01a0f916-9c5e-71f6-b80f-04c916256149 method=POST path=/v1/transcribe}: gigastt_core::inference::engine::file_stream: transcribe complete (streaming windows) audio_s=5.21 wall_s=0.52 rtf=0.099
2026-10-01T20:10:04.261970Z  INFO request{request_id=01a0f916-9e65-707f-a632-c5867fd835e5 method=POST path=/v1/transcribe}: gigastt_core::inference::audio::wave: Audio (wave): 16000Hz, 1ch (streaming windows)
2026-10-01T20:10:04.630365Z  INFO request{request_id=01a0f916-9e65-707f-a632-c5867fd835e5 method=POST path=/v1/transcribe}: gigastt_core::inference::engine::infer: encoder_inference elapsed_ms=367
2026-10-01T20:10:04.630455Z  INFO request{request_id=01a0f916-9e65-707f-a632-c5867fd835e5 method=POST path=/v1/transcribe}: gigastt_core::inference::engine::file_stream: transcribe complete (streaming windows) audio_s=3.58 wall_s=0.37 rtf=0.103
2026-10-01T20:10:04.636847Z  INFO request{request_id=01a0f916-9fdc-7679-9563-9130ec0d1d4c method=POST path=/v1/transcribe}: gigastt_core::inference::audio::wave: Audio (wave): 16000Hz, 1ch (streaming windows)
2026-10-01T20:10:05.056828Z  INFO request{request_id=01a0f916-9ddb-763d-bf8f-018ac798f9e4 method=POST path=/v1/transcribe}: gigastt_core::inference::engine::infer: encoder_inference elapsed_ms=930
2026-10-01T20:10:05.056949Z  INFO request{request_id=01a0f916-9ddb-763d-bf8f-018ac798f9e4 method=POST path=/v1/transcribe}: gigastt_core::inference::engine::file_stream: transcribe complete (streaming windows) audio_s=9.46 wall_s=0.93 rtf=0.099
2026-10-01T20:10:05.061327Z  INFO request{request_id=01a0f916-a184-76c4-857d-b9a8192f2e7c method=POST path=/v1/transcribe}: gigastt_core::inference::audio::wave: Audio (wave): 16000Hz, 1ch (streaming windows)
2026-10-01T20:10:06.042051Z  INFO request{request_id=01a0f916-9fdc-7679-9563-9130ec0d1d4c method=POST path=/v1/transcribe}: gigastt_core::inference::engine::infer: encoder_inference elapsed_ms=1403
2026-10-01T20:10:06.042246Z  INFO request{request_id=01a0f916-9fdc-7679-9563-9130ec0d1d4c method=POST path=/v1/transcribe}: gigastt_core::inference::engine::file_stream: transcribe complete (streaming windows) audio_s=14.10 wall_s=1.41 rtf=0.100
2026-10-01T20:10:06.048797Z  INFO request{request_id=01a0f916-a560-73a6-a0fb-38f422b6ebe0 method=POST path=/v1/transcribe}: gigastt_core::inference::audio::wave: Audio (wave): 16000Hz, 1ch (streaming windows)
2026-10-01T20:10:06.513275Z  INFO request{request_id=01a0f916-a184-76c4-857d-b9a8192f2e7c method=POST path=/v1/transcribe}: gigastt_core::inference::engine::infer: encoder_inference elapsed_ms=1450
2026-10-01T20:10:06.513433Z  INFO request{request_id=01a0f916-a184-76c4-857d-b9a8192f2e7c method=POST path=/v1/transcribe}: gigastt_core::inference::engine::file_stream: transcribe complete (streaming windows) audio_s=13.85 wall_s=1.45 rtf=0.105
2026-10-01T20:10:06.519470Z  INFO request{request_id=01a0f916-a737-76ba-acab-b6cef41fd4ef method=POST path=/v1/transcribe}: gigastt_core::inference::audio::wave: Audio (wave): 16000Hz, 1ch (streaming windows)
2026-10-01T20:10:06.882169Z  INFO request{request_id=01a0f916-a737-76ba-acab-b6cef41fd4ef method=POST path=/v1/transcribe}: gigastt_core::inference::engine::infer: encoder_inference elapsed_ms=362
2026-10-01T20:10:06.882254Z  INFO request{request_id=01a0f916-a737-76ba-acab-b6cef41fd4ef method=POST path=/v1/transcribe}: gigastt_core::inference::engine::file_stream: transcribe complete (streaming windows) audio_s=3.34 wall_s=0.36 rtf=0.109
2026-10-01T20:10:06.888122Z  INFO request{request_id=01a0f916-a8a7-743b-82c7-347a5ddaf37a method=POST path=/v1/transcribe}: gigastt_core::inference::audio::wave: Audio (wave): 16000Hz, 1ch (streaming windows)
2026-10-01T20:10:07.016353Z  INFO request{request_id=01a0f916-a560-73a6-a0fb-38f422b6ebe0 method=POST path=/v1/transcribe}: gigastt_core::inference::engine::infer: encoder_inference elapsed_ms=966
2026-10-01T20:10:07.016490Z  INFO request{request_id=01a0f916-a560-73a6-a0fb-38f422b6ebe0 method=POST path=/v1/transcribe}: gigastt_core::inference::engine::file_stream: transcribe complete (streaming windows) audio_s=10.44 wall_s=0.97 rtf=0.093
2026-10-01T20:10:07.022273Z  INFO request{request_id=01a0f916-a92e-75e0-b0a7-bd2abd302d6a method=POST path=/v1/transcribe}: gigastt_core::inference::audio::wave: Audio (wave): 16000Hz, 1ch (streaming windows)
2026-10-01T20:10:07.610951Z  INFO request{request_id=01a0f916-a8a7-743b-82c7-347a5ddaf37a method=POST path=/v1/transcribe}: gigastt_core::inference::engine::infer: encoder_inference elapsed_ms=722
2026-10-01T20:10:07.611107Z  INFO request{request_id=01a0f916-a8a7-743b-82c7-347a5ddaf37a method=POST path=/v1/transcribe}: gigastt_core::inference::engine::file_stream: transcribe complete (streaming windows) audio_s=6.83 wall_s=0.72 rtf=0.106
2026-10-01T20:10:07.616854Z  INFO request{request_id=01a0f916-ab80-7725-8e76-86198ffdbbbc method=POST path=/v1/transcribe}: gigastt_core::inference::audio::wave: Audio (wave): 16000Hz, 1ch (streaming windows)
2026-10-01T20:10:07.879909Z  INFO request{request_id=01a0f916-ab80-7725-8e76-86198ffdbbbc method=POST path=/v1/transcribe}: gigastt_core::inference::engine::infer: encoder_inference elapsed_ms=262
2026-10-01T20:10:07.879989Z  INFO request{request_id=01a0f916-ab80-7725-8e76-86198ffdbbbc method=POST path=/v1/transcribe}: gigastt_core::inference::engine::file_stream: transcribe complete (streaming windows) audio_s=2.31 wall_s=0.26 rtf=0.114
2026-10-01T20:10:07.892665Z  INFO request{request_id=01a0f916-ac94-748e-b89e-b39b85ca13d4 method=POST path=/v1/transcribe}: gigastt_core::inference::audio::wave: Audio (wave): 16000Hz, 1ch (streaming windows)
2026-10-01T20:10:08.217937Z  INFO request{request_id=01a0f916-a92e-75e0-b0a7-bd2abd302d6a method=POST path=/v1/transcribe}: gigastt_core::inference::engine::infer: encoder_inference elapsed_ms=1194
2026-10-01T20:10:08.218079Z  INFO request{request_id=01a0f916-a92e-75e0-b0a7-bd2abd302d6a method=POST path=/v1/transcribe}: gigastt_core::inference::engine::file_stream: transcribe complete (streaming windows) audio_s=10.80 wall_s=1.20 rtf=0.111
2026-10-01T20:10:08.229931Z  INFO request{request_id=01a0f916-ade5-701e-92c5-3d88ce994c79 method=POST path=/v1/transcribe}: gigastt_core::inference::audio::wave: Audio (wave): 16000Hz, 1ch (streaming windows)
2026-10-01T20:10:08.505663Z  INFO request{request_id=01a0f916-ade5-701e-92c5-3d88ce994c79 method=POST path=/v1/transcribe}: gigastt_core::inference::engine::infer: encoder_inference elapsed_ms=275
2026-10-01T20:10:08.505738Z  INFO request{request_id=01a0f916-ade5-701e-92c5-3d88ce994c79 method=POST path=/v1/transcribe}: gigastt_core::inference::engine::file_stream: transcribe complete (streaming windows) audio_s=2.65 wall_s=0.28 rtf=0.104
2026-10-01T20:10:08.516552Z  INFO request{request_id=01a0f916-af04-72d3-9a0e-804cc809670a method=POST path=/v1/transcribe}: gigastt_core::inference::audio::wave: Audio (wave): 16000Hz, 1ch (streaming windows)
2026-10-01T20:10:08.850374Z  INFO request{request_id=01a0f916-af04-72d3-9a0e-804cc809670a method=POST path=/v1/transcribe}: gigastt_core::inference::engine::infer: encoder_inference elapsed_ms=333
2026-10-01T20:10:08.850454Z  INFO request{request_id=01a0f916-af04-72d3-9a0e-804cc809670a method=POST path=/v1/transcribe}: gigastt_core::inference::engine::file_stream: transcribe complete (streaming windows) audio_s=3.25 wall_s=0.33 rtf=0.103
2026-10-01T20:10:08.871566Z  INFO request{request_id=01a0f916-b067-746d-97bf-4328a4d2fd9e method=POST path=/v1/transcribe}: gigastt_core::inference::audio::wave: Audio (wave): 16000Hz, 1ch (streaming windows)
2026-10-01T20:10:09.533862Z  INFO request{request_id=01a0f916-ac94-748e-b89e-b39b85ca13d4 method=POST path=/v1/transcribe}: gigastt_core::inference::engine::infer: encoder_inference elapsed_ms=1639
2026-10-01T20:10:09.534022Z  INFO request{request_id=01a0f916-ac94-748e-b89e-b39b85ca13d4 method=POST path=/v1/transcribe}: gigastt_core::inference::engine::file_stream: transcribe complete (streaming windows) audio_s=14.54 wall_s=1.64 rtf=0.113
2026-10-01T20:10:09.542627Z  INFO request{request_id=01a0f916-b306-74d1-802b-9749eabb6662 method=POST path=/v1/transcribe}: gigastt_core::inference::audio::wave: Audio (wave): 16000Hz, 1ch (streaming windows)
2026-10-01T20:10:09.766875Z  INFO request{request_id=01a0f916-b306-74d1-802b-9749eabb6662 method=POST path=/v1/transcribe}: gigastt_core::inference::engine::infer: encoder_inference elapsed_ms=224
2026-10-01T20:10:09.766939Z  INFO request{request_id=01a0f916-b306-74d1-802b-9749eabb6662 method=POST path=/v1/transcribe}: gigastt_core::inference::engine::file_stream: transcribe complete (streaming windows) audio_s=2.00 wall_s=0.22 rtf=0.112
2026-10-01T20:10:09.776860Z  INFO request{request_id=01a0f916-b3f0-7086-b217-74900e603311 method=POST path=/v1/transcribe}: gigastt_core::inference::audio::wave: Audio (wave): 16000Hz, 1ch (streaming windows)
2026-10-01T20:10:09.894148Z  INFO request{request_id=01a0f916-b067-746d-97bf-4328a4d2fd9e method=POST path=/v1/transcribe}: gigastt_core::inference::engine::infer: encoder_inference elapsed_ms=1021
2026-10-01T20:10:09.894280Z  INFO request{request_id=01a0f916-b067-746d-97bf-4328a4d2fd9e method=POST path=/v1/transcribe}: gigastt_core::inference::engine::file_stream: transcribe complete (streaming windows) audio_s=10.80 wall_s=1.02 rtf=0.095
2026-10-01T20:10:09.908007Z  INFO request{request_id=01a0f916-b473-778d-b538-1684fbc595ed method=POST path=/v1/transcribe}: gigastt_core::inference::audio::wave: Audio (wave): 16000Hz, 1ch (streaming windows)
2026-10-01T20:10:10.389244Z  INFO request{request_id=01a0f916-b473-778d-b538-1684fbc595ed method=POST path=/v1/transcribe}: gigastt_core::inference::engine::infer: encoder_inference elapsed_ms=480
2026-10-01T20:10:10.389354Z  INFO request{request_id=01a0f916-b473-778d-b538-1684fbc595ed method=POST path=/v1/transcribe}: gigastt_core::inference::engine::file_stream: transcribe complete (streaming windows) audio_s=4.79 wall_s=0.48 rtf=0.101
2026-10-01T20:10:10.402605Z  INFO request{request_id=01a0f916-b662-7728-9674-e40c603c7b86 method=POST path=/v1/transcribe}: gigastt_core::inference::audio::wave: Audio (wave): 16000Hz, 1ch (streaming windows)
2026-10-01T20:10:10.408742Z  INFO request{request_id=01a0f916-b3f0-7086-b217-74900e603311 method=POST path=/v1/transcribe}: gigastt_core::inference::engine::infer: encoder_inference elapsed_ms=631
2026-10-01T20:10:10.408918Z  INFO request{request_id=01a0f916-b3f0-7086-b217-74900e603311 method=POST path=/v1/transcribe}: gigastt_core::inference::engine::file_stream: transcribe complete (streaming windows) audio_s=7.05 wall_s=0.63 rtf=0.090
2026-10-01T20:10:10.419344Z  INFO request{request_id=01a0f916-b673-7509-a6a5-9d41de4b7242 method=POST path=/v1/transcribe}: gigastt_core::inference::audio::wave: Audio (wave): 16000Hz, 1ch (streaming windows)
2026-10-01T20:10:10.849420Z  INFO request{request_id=01a0f916-b662-7728-9674-e40c603c7b86 method=POST path=/v1/transcribe}: gigastt_core::inference::engine::infer: encoder_inference elapsed_ms=446
2026-10-01T20:10:10.849540Z  INFO request{request_id=01a0f916-b662-7728-9674-e40c603c7b86 method=POST path=/v1/transcribe}: gigastt_core::inference::engine::file_stream: transcribe complete (streaming windows) audio_s=4.72 wall_s=0.45 rtf=0.095
2026-10-01T20:10:10.859999Z  INFO request{request_id=01a0f916-b82b-7765-bb1a-e90daeb23fa2 method=POST path=/v1/transcribe}: gigastt_core::inference::audio::wave: Audio (wave): 16000Hz, 1ch (streaming windows)
2026-10-01T20:10:11.422584Z  INFO request{request_id=01a0f916-b82b-7765-bb1a-e90daeb23fa2 method=POST path=/v1/transcribe}: gigastt_core::inference::engine::infer: encoder_inference elapsed_ms=561
2026-10-01T20:10:11.422681Z  INFO request{request_id=01a0f916-b82b-7765-bb1a-e90daeb23fa2 method=POST path=/v1/transcribe}: gigastt_core::inference::engine::file_stream: transcribe complete (streaming windows) audio_s=5.72 wall_s=0.56 rtf=0.098
2026-10-01T20:10:11.448099Z  INFO request{request_id=01a0f916-ba77-7334-8c31-86d9de13d9dd method=POST path=/v1/transcribe}: gigastt_core::inference::audio::wave: Audio (wave): 16000Hz, 1ch (streaming windows)
2026-10-01T20:10:12.167630Z  INFO request{request_id=01a0f916-ba77-7334-8c31-86d9de13d9dd method=POST path=/v1/transcribe}: gigastt_core::inference::engine::infer: encoder_inference elapsed_ms=718
2026-10-01T20:10:12.167808Z  INFO request{request_id=01a0f916-ba77-7334-8c31-86d9de13d9dd method=POST path=/v1/transcribe}: gigastt_core::inference::engine::file_stream: transcribe complete (streaming windows) audio_s=7.59 wall_s=0.72 rtf=0.095
2026-10-01T20:10:12.175700Z  INFO request{request_id=01a0f916-bd4f-71bf-b9ac-ec5250314b2b method=POST path=/v1/transcribe}: gigastt_core::inference::audio::wave: Audio (wave): 16000Hz, 1ch (streaming windows)
2026-10-01T20:10:12.179079Z  INFO request{request_id=01a0f916-b673-7509-a6a5-9d41de4b7242 method=POST path=/v1/transcribe}: gigastt_core::inference::engine::infer: encoder_inference elapsed_ms=1757
2026-10-01T20:10:12.179279Z  INFO request{request_id=01a0f916-b673-7509-a6a5-9d41de4b7242 method=POST path=/v1/transcribe}: gigastt_core::inference::engine::file_stream: transcribe complete (streaming windows) audio_s=18.89 wall_s=1.76 rtf=0.093
2026-10-01T20:10:12.185025Z  INFO request{request_id=01a0f916-bd58-719f-85ee-d27d7d898e27 method=POST path=/v1/transcribe}: gigastt_core::inference::audio::wave: Audio (wave): 16000Hz, 1ch (streaming windows)
2026-10-01T20:10:12.414293Z  INFO request{request_id=01a0f916-bd58-719f-85ee-d27d7d898e27 method=POST path=/v1/transcribe}: gigastt_core::inference::engine::infer: encoder_inference elapsed_ms=229
2026-10-01T20:10:12.414364Z  INFO request{request_id=01a0f916-bd58-719f-85ee-d27d7d898e27 method=POST path=/v1/transcribe}: gigastt_core::inference::engine::file_stream: transcribe complete (streaming windows) audio_s=2.19 wall_s=0.23 rtf=0.105
2026-10-01T20:10:12.423098Z  INFO request{request_id=01a0f916-be46-729e-8400-a81ebea9ae64 method=POST path=/v1/transcribe}: gigastt_core::inference::audio::wave: Audio (wave): 16000Hz, 1ch (streaming windows)
2026-10-01T20:10:12.738440Z  INFO request{request_id=01a0f916-bd4f-71bf-b9ac-ec5250314b2b method=POST path=/v1/transcribe}: gigastt_core::inference::engine::infer: encoder_inference elapsed_ms=561
2026-10-01T20:10:12.738536Z  INFO request{request_id=01a0f916-bd4f-71bf-b9ac-ec5250314b2b method=POST path=/v1/transcribe}: gigastt_core::inference::engine::file_stream: transcribe complete (streaming windows) audio_s=5.86 wall_s=0.56 rtf=0.096
2026-10-01T20:10:12.750081Z  INFO request{request_id=01a0f916-bf8d-70aa-a02d-77d9fcac85aa method=POST path=/v1/transcribe}: gigastt_core::inference::audio::wave: Audio (wave): 16000Hz, 1ch (streaming windows)
2026-10-01T20:10:13.099499Z  INFO request{request_id=01a0f916-be46-729e-8400-a81ebea9ae64 method=POST path=/v1/transcribe}: gigastt_core::inference::engine::infer: encoder_inference elapsed_ms=675
2026-10-01T20:10:13.099606Z  INFO request{request_id=01a0f916-be46-729e-8400-a81ebea9ae64 method=POST path=/v1/transcribe}: gigastt_core::inference::engine::file_stream: transcribe complete (streaming windows) audio_s=7.36 wall_s=0.68 rtf=0.092
2026-10-01T20:10:13.113025Z  INFO request{request_id=01a0f916-c0f8-7603-ae9c-4ff441dc7bcf method=POST path=/v1/transcribe}: gigastt_core::inference::audio::wave: Audio (wave): 16000Hz, 1ch (streaming windows)
2026-10-01T20:10:13.213547Z  INFO request{request_id=01a0f916-bf8d-70aa-a02d-77d9fcac85aa method=POST path=/v1/transcribe}: gigastt_core::inference::engine::infer: encoder_inference elapsed_ms=462
2026-10-01T20:10:13.213634Z  INFO request{request_id=01a0f916-bf8d-70aa-a02d-77d9fcac85aa method=POST path=/v1/transcribe}: gigastt_core::inference::engine::file_stream: transcribe complete (streaming windows) audio_s=5.17 wall_s=0.46 rtf=0.090
2026-10-01T20:10:13.222796Z  INFO request{request_id=01a0f916-c166-7083-91fa-dde567fb9984 method=POST path=/v1/transcribe}: gigastt_core::inference::audio::wave: Audio (wave): 16000Hz, 1ch (streaming windows)
2026-10-01T20:10:13.445713Z  INFO request{request_id=01a0f916-c0f8-7603-ae9c-4ff441dc7bcf method=POST path=/v1/transcribe}: gigastt_core::inference::engine::infer: encoder_inference elapsed_ms=332
2026-10-01T20:10:13.445793Z  INFO request{request_id=01a0f916-c0f8-7603-ae9c-4ff441dc7bcf method=POST path=/v1/transcribe}: gigastt_core::inference::engine::file_stream: transcribe complete (streaming windows) audio_s=3.55 wall_s=0.33 rtf=0.094
2026-10-01T20:10:13.463773Z  INFO request{request_id=01a0f916-c257-7686-b411-9bc56f895f19 method=POST path=/v1/transcribe}: gigastt_core::inference::audio::wave: Audio (wave): 16000Hz, 1ch (streaming windows)
2026-10-01T20:10:13.700199Z  INFO request{request_id=01a0f916-c166-7083-91fa-dde567fb9984 method=POST path=/v1/transcribe}: gigastt_core::inference::engine::infer: encoder_inference elapsed_ms=476
2026-10-01T20:10:13.700307Z  INFO request{request_id=01a0f916-c166-7083-91fa-dde567fb9984 method=POST path=/v1/transcribe}: gigastt_core::inference::engine::file_stream: transcribe complete (streaming windows) audio_s=5.73 wall_s=0.48 rtf=0.083
2026-10-01T20:10:13.706550Z  INFO request{request_id=01a0f916-c34a-74a0-8d6c-4898f778b96c method=POST path=/v1/transcribe}: gigastt_core::inference::audio::wave: Audio (wave): 16000Hz, 1ch (streaming windows)
2026-10-01T20:10:13.879348Z  INFO request{request_id=01a0f916-c34a-74a0-8d6c-4898f778b96c method=POST path=/v1/transcribe}: gigastt_core::inference::engine::infer: encoder_inference elapsed_ms=172
2026-10-01T20:10:13.879418Z  INFO request{request_id=01a0f916-c34a-74a0-8d6c-4898f778b96c method=POST path=/v1/transcribe}: gigastt_core::inference::engine::file_stream: transcribe complete (streaming windows) audio_s=1.70 wall_s=0.17 rtf=0.102
2026-10-01T20:10:13.888949Z  INFO request{request_id=01a0f916-c400-7410-b051-862ae8209ae4 method=POST path=/v1/transcribe}: gigastt_core::inference::audio::wave: Audio (wave): 16000Hz, 1ch (streaming windows)
2026-10-01T20:10:14.045800Z  INFO request{request_id=01a0f916-c400-7410-b051-862ae8209ae4 method=POST path=/v1/transcribe}: gigastt_core::inference::engine::infer: encoder_inference elapsed_ms=156
2026-10-01T20:10:14.045871Z  INFO request{request_id=01a0f916-c400-7410-b051-862ae8209ae4 method=POST path=/v1/transcribe}: gigastt_core::inference::engine::file_stream: transcribe complete (streaming windows) audio_s=1.41 wall_s=0.16 rtf=0.111
2026-10-01T20:10:14.052105Z  INFO request{request_id=01a0f916-c4a3-742f-a772-0767d587d9b3 method=POST path=/v1/transcribe}: gigastt_core::inference::audio::wave: Audio (wave): 16000Hz, 1ch (streaming windows)
2026-10-01T20:10:14.624036Z  INFO request{request_id=01a0f916-c257-7686-b411-9bc56f895f19 method=POST path=/v1/transcribe}: gigastt_core::inference::engine::infer: encoder_inference elapsed_ms=1158
2026-10-01T20:10:14.624180Z  INFO request{request_id=01a0f916-c257-7686-b411-9bc56f895f19 method=POST path=/v1/transcribe}: gigastt_core::inference::engine::file_stream: transcribe complete (streaming windows) audio_s=10.91 wall_s=1.16 rtf=0.106
2026-10-01T20:10:14.635550Z  INFO request{request_id=01a0f916-c6eb-74b0-acf8-0842e321fa36 method=POST path=/v1/transcribe}: gigastt_core::inference::audio::wave: Audio (wave): 16000Hz, 1ch (streaming windows)
2026-10-01T20:10:14.846962Z  INFO request{request_id=01a0f916-c4a3-742f-a772-0767d587d9b3 method=POST path=/v1/transcribe}: gigastt_core::inference::engine::infer: encoder_inference elapsed_ms=794
2026-10-01T20:10:14.847084Z  INFO request{request_id=01a0f916-c4a3-742f-a772-0767d587d9b3 method=POST path=/v1/transcribe}: gigastt_core::inference::engine::file_stream: transcribe complete (streaming windows) audio_s=8.81 wall_s=0.79 rtf=0.090
2026-10-01T20:10:14.851166Z  INFO request{request_id=01a0f916-c7c2-748e-ab6f-3adcc7572db5 method=POST path=/v1/transcribe}: gigastt_core::inference::audio::wave: Audio (wave): 16000Hz, 1ch (streaming windows)
2026-10-01T20:10:15.630618Z  INFO request{request_id=01a0f916-c6eb-74b0-acf8-0842e321fa36 method=POST path=/v1/transcribe}: gigastt_core::inference::engine::infer: encoder_inference elapsed_ms=994
2026-10-01T20:10:15.630797Z  INFO request{request_id=01a0f916-c6eb-74b0-acf8-0842e321fa36 method=POST path=/v1/transcribe}: gigastt_core::inference::engine::file_stream: transcribe complete (streaming windows) audio_s=10.31 wall_s=1.00 rtf=0.096
2026-10-01T20:10:15.646510Z  INFO request{request_id=01a0f916-cade-717b-8317-64102953e78e method=POST path=/v1/transcribe}: gigastt_core::inference::audio::wave: Audio (wave): 16000Hz, 1ch (streaming windows)
2026-10-01T20:10:15.707800Z  INFO request{request_id=01a0f916-c7c2-748e-ab6f-3adcc7572db5 method=POST path=/v1/transcribe}: gigastt_core::inference::engine::infer: encoder_inference elapsed_ms=855
2026-10-01T20:10:15.707955Z  INFO request{request_id=01a0f916-c7c2-748e-ab6f-3adcc7572db5 method=POST path=/v1/transcribe}: gigastt_core::inference::engine::file_stream: transcribe complete (streaming windows) audio_s=8.76 wall_s=0.86 rtf=0.098
2026-10-01T20:10:15.712434Z  INFO request{request_id=01a0f916-cb1f-75a1-9862-86923e7231ff method=POST path=/v1/transcribe}: gigastt_core::inference::audio::wave: Audio (wave): 16000Hz, 1ch (streaming windows)
2026-10-01T20:10:17.523223Z  INFO request{request_id=01a0f916-cade-717b-8317-64102953e78e method=POST path=/v1/transcribe}: gigastt_core::inference::engine::infer: encoder_inference elapsed_ms=1874
2026-10-01T20:10:17.523389Z  INFO request{request_id=01a0f916-cade-717b-8317-64102953e78e method=POST path=/v1/transcribe}: gigastt_core::inference::engine::file_stream: transcribe complete (streaming windows) audio_s=10.99 wall_s=1.88 rtf=0.171
2026-10-01T20:10:17.528968Z  INFO request{request_id=01a0f916-d238-7011-98b9-ba07e313b035 method=POST path=/v1/transcribe}: gigastt_core::inference::audio::wave: Audio (wave): 16000Hz, 1ch (streaming windows)
2026-10-01T20:10:17.867235Z  INFO request{request_id=01a0f916-d238-7011-98b9-ba07e313b035 method=POST path=/v1/transcribe}: gigastt_core::inference::engine::infer: encoder_inference elapsed_ms=337
2026-10-01T20:10:17.867317Z  INFO request{request_id=01a0f916-d238-7011-98b9-ba07e313b035 method=POST path=/v1/transcribe}: gigastt_core::inference::engine::file_stream: transcribe complete (streaming windows) audio_s=2.81 wall_s=0.34 rtf=0.120
2026-10-01T20:10:17.872993Z  INFO request{request_id=01a0f916-d390-70b2-b7fd-2939b18440d2 method=POST path=/v1/transcribe}: gigastt_core::inference::audio::wave: Audio (wave): 16000Hz, 1ch (streaming windows)
2026-10-01T20:10:18.061851Z  INFO request{request_id=01a0f916-d390-70b2-b7fd-2939b18440d2 method=POST path=/v1/transcribe}: gigastt_core::inference::engine::infer: encoder_inference elapsed_ms=188
2026-10-01T20:10:18.061915Z  INFO request{request_id=01a0f916-d390-70b2-b7fd-2939b18440d2 method=POST path=/v1/transcribe}: gigastt_core::inference::engine::file_stream: transcribe complete (streaming windows) audio_s=1.60 wall_s=0.19 rtf=0.118
2026-10-01T20:10:18.068232Z  INFO request{request_id=01a0f916-d453-76a0-bb25-e71159e3ba22 method=POST path=/v1/transcribe}: gigastt_core::inference::audio::wave: Audio (wave): 16000Hz, 1ch (streaming windows)
2026-10-01T20:10:18.788082Z  INFO request{request_id=01a0f916-cb1f-75a1-9862-86923e7231ff method=POST path=/v1/transcribe}: gigastt_core::inference::engine::infer: encoder_inference elapsed_ms=3073
2026-10-01T20:10:18.788266Z  INFO request{request_id=01a0f916-cb1f-75a1-9862-86923e7231ff method=POST path=/v1/transcribe}: gigastt_core::inference::engine::file_stream: transcribe complete (streaming windows) audio_s=17.87 wall_s=3.08 rtf=0.172
2026-10-01T20:10:18.791969Z  INFO request{request_id=01a0f916-d727-772c-b7ab-0f7a3a521f4f method=POST path=/v1/transcribe}: gigastt_core::inference::audio::wave: Audio (wave): 16000Hz, 1ch (streaming windows)
2026-10-01T20:10:19.337980Z  INFO request{request_id=01a0f916-d453-76a0-bb25-e71159e3ba22 method=POST path=/v1/transcribe}: gigastt_core::inference::engine::infer: encoder_inference elapsed_ms=1268
2026-10-01T20:10:19.338132Z  INFO request{request_id=01a0f916-d453-76a0-bb25-e71159e3ba22 method=POST path=/v1/transcribe}: gigastt_core::inference::engine::file_stream: transcribe complete (streaming windows) audio_s=12.85 wall_s=1.27 rtf=0.099
2026-10-01T20:10:19.341891Z  INFO request{request_id=01a0f916-d94d-7197-b1e5-929c96711716 method=POST path=/v1/transcribe}: gigastt_core::inference::audio::wave: Audio (wave): 16000Hz, 1ch (streaming windows)
2026-10-01T20:10:19.407511Z  INFO request{request_id=01a0f916-d727-772c-b7ab-0f7a3a521f4f method=POST path=/v1/transcribe}: gigastt_core::inference::engine::infer: encoder_inference elapsed_ms=614
2026-10-01T20:10:19.407613Z  INFO request{request_id=01a0f916-d727-772c-b7ab-0f7a3a521f4f method=POST path=/v1/transcribe}: gigastt_core::inference::engine::file_stream: transcribe complete (streaming windows) audio_s=6.28 wall_s=0.62 rtf=0.098
2026-10-01T20:10:19.410531Z  INFO request{request_id=01a0f916-d992-73bd-b978-ea9f0cb1ba2e method=POST path=/v1/transcribe}: gigastt_core::inference::audio::wave: Audio (wave): 16000Hz, 1ch (streaming windows)
2026-10-01T20:10:19.553086Z  INFO request{request_id=01a0f916-d94d-7197-b1e5-929c96711716 method=POST path=/v1/transcribe}: gigastt_core::inference::engine::infer: encoder_inference elapsed_ms=210
2026-10-01T20:10:19.553159Z  INFO request{request_id=01a0f916-d94d-7197-b1e5-929c96711716 method=POST path=/v1/transcribe}: gigastt_core::inference::engine::file_stream: transcribe complete (streaming windows) audio_s=1.88 wall_s=0.21 rtf=0.113
2026-10-01T20:10:19.559366Z  INFO request{request_id=01a0f916-da27-7457-9942-c64bbdf117e4 method=POST path=/v1/transcribe}: gigastt_core::inference::audio::wave: Audio (wave): 16000Hz, 1ch (streaming windows)
2026-10-01T20:10:19.910681Z  INFO request{request_id=01a0f916-d992-73bd-b978-ea9f0cb1ba2e method=POST path=/v1/transcribe}: gigastt_core::inference::engine::infer: encoder_inference elapsed_ms=499
2026-10-01T20:10:19.910773Z  INFO request{request_id=01a0f916-d992-73bd-b978-ea9f0cb1ba2e method=POST path=/v1/transcribe}: gigastt_core::inference::engine::file_stream: transcribe complete (streaming windows) audio_s=5.00 wall_s=0.50 rtf=0.100
2026-10-01T20:10:19.913993Z  INFO request{request_id=01a0f916-db89-7057-adf8-1e0459cc7452 method=POST path=/v1/transcribe}: gigastt_core::inference::audio::wave: Audio (wave): 16000Hz, 1ch (streaming windows)
2026-10-01T20:10:20.270924Z  INFO request{request_id=01a0f916-db89-7057-adf8-1e0459cc7452 method=POST path=/v1/transcribe}: gigastt_core::inference::engine::infer: encoder_inference elapsed_ms=356
2026-10-01T20:10:20.271028Z  INFO request{request_id=01a0f916-db89-7057-adf8-1e0459cc7452 method=POST path=/v1/transcribe}: gigastt_core::inference::engine::file_stream: transcribe complete (streaming windows) audio_s=3.35 wall_s=0.36 rtf=0.107
2026-10-01T20:10:20.277329Z  INFO request{request_id=01a0f916-dcf5-7079-9f4c-1004b7a909b6 method=POST path=/v1/transcribe}: gigastt_core::inference::audio::wave: Audio (wave): 16000Hz, 1ch (streaming windows)
2026-10-01T20:10:20.598839Z  INFO request{request_id=01a0f916-da27-7457-9942-c64bbdf117e4 method=POST path=/v1/transcribe}: gigastt_core::inference::engine::infer: encoder_inference elapsed_ms=1038
2026-10-01T20:10:20.598978Z  INFO request{request_id=01a0f916-da27-7457-9942-c64bbdf117e4 method=POST path=/v1/transcribe}: gigastt_core::inference::engine::file_stream: transcribe complete (streaming windows) audio_s=10.60 wall_s=1.04 rtf=0.098
2026-10-01T20:10:20.615204Z  INFO request{request_id=01a0f916-de46-72b3-bafc-d6e830b2a004 method=POST path=/v1/transcribe}: gigastt_core::inference::audio::wave: Audio (wave): 16000Hz, 1ch (streaming windows)
2026-10-01T20:10:20.621259Z  INFO request{request_id=01a0f916-dcf5-7079-9f4c-1004b7a909b6 method=POST path=/v1/transcribe}: gigastt_core::inference::engine::infer: encoder_inference elapsed_ms=343
2026-10-01T20:10:20.621346Z  INFO request{request_id=01a0f916-dcf5-7079-9f4c-1004b7a909b6 method=POST path=/v1/transcribe}: gigastt_core::inference::engine::file_stream: transcribe complete (streaming windows) audio_s=3.33 wall_s=0.34 rtf=0.103
2026-10-01T20:10:20.631431Z  INFO request{request_id=01a0f916-de57-74c2-8825-366c50bca3d7 method=POST path=/v1/transcribe}: gigastt_core::inference::audio::wave: Audio (wave): 16000Hz, 1ch (streaming windows)
2026-10-01T20:10:21.081678Z  INFO request{request_id=01a0f916-de46-72b3-bafc-d6e830b2a004 method=POST path=/v1/transcribe}: gigastt_core::inference::engine::infer: encoder_inference elapsed_ms=465
2026-10-01T20:10:21.081796Z  INFO request{request_id=01a0f916-de46-72b3-bafc-d6e830b2a004 method=POST path=/v1/transcribe}: gigastt_core::inference::engine::file_stream: transcribe complete (streaming windows) audio_s=4.69 wall_s=0.47 rtf=0.099
2026-10-01T20:10:21.096529Z  INFO request{request_id=01a0f916-e028-70ab-b975-8fcb3510c5e4 method=POST path=/v1/transcribe}: gigastt_core::inference::audio::wave: Audio (wave): 16000Hz, 1ch (streaming windows)
2026-10-01T20:10:21.402523Z  INFO request{request_id=01a0f916-de57-74c2-8825-366c50bca3d7 method=POST path=/v1/transcribe}: gigastt_core::inference::engine::infer: encoder_inference elapsed_ms=769
2026-10-01T20:10:21.402665Z  INFO request{request_id=01a0f916-de57-74c2-8825-366c50bca3d7 method=POST path=/v1/transcribe}: gigastt_core::inference::engine::file_stream: transcribe complete (streaming windows) audio_s=7.81 wall_s=0.77 rtf=0.099
2026-10-01T20:10:21.409848Z  INFO request{request_id=01a0f916-e161-744c-994e-f81f532e3a65 method=POST path=/v1/transcribe}: gigastt_core::inference::audio::wave: Audio (wave): 16000Hz, 1ch (streaming windows)
2026-10-01T20:10:21.571061Z  INFO request{request_id=01a0f916-e028-70ab-b975-8fcb3510c5e4 method=POST path=/v1/transcribe}: gigastt_core::inference::engine::infer: encoder_inference elapsed_ms=474
2026-10-01T20:10:21.571178Z  INFO request{request_id=01a0f916-e028-70ab-b975-8fcb3510c5e4 method=POST path=/v1/transcribe}: gigastt_core::inference::engine::file_stream: transcribe complete (streaming windows) audio_s=4.52 wall_s=0.47 rtf=0.105
2026-10-01T20:10:21.578892Z  INFO request{request_id=01a0f916-e20a-7030-a216-7b7e5f61d003 method=POST path=/v1/transcribe}: gigastt_core::inference::audio::wave: Audio (wave): 16000Hz, 1ch (streaming windows)
2026-10-01T20:10:21.890670Z  INFO request{request_id=01a0f916-e161-744c-994e-f81f532e3a65 method=POST path=/v1/transcribe}: gigastt_core::inference::engine::infer: encoder_inference elapsed_ms=480
2026-10-01T20:10:21.890766Z  INFO request{request_id=01a0f916-e161-744c-994e-f81f532e3a65 method=POST path=/v1/transcribe}: gigastt_core::inference::engine::file_stream: transcribe complete (streaming windows) audio_s=4.49 wall_s=0.48 rtf=0.107
2026-10-01T20:10:21.896776Z  INFO request{request_id=01a0f916-e348-7662-ba2e-e30694c28042 method=POST path=/v1/transcribe}: gigastt_core::inference::audio::wave: Audio (wave): 16000Hz, 1ch (streaming windows)
2026-10-01T20:10:22.167994Z  INFO request{request_id=01a0f916-e20a-7030-a216-7b7e5f61d003 method=POST path=/v1/transcribe}: gigastt_core::inference::engine::infer: encoder_inference elapsed_ms=588
2026-10-01T20:10:22.168108Z  INFO request{request_id=01a0f916-e20a-7030-a216-7b7e5f61d003 method=POST path=/v1/transcribe}: gigastt_core::inference::engine::file_stream: transcribe complete (streaming windows) audio_s=5.23 wall_s=0.59 rtf=0.113
2026-10-01T20:10:22.172956Z  INFO request{request_id=01a0f916-e45c-7413-9903-004e75cdd4fd method=POST path=/v1/transcribe}: gigastt_core::inference::audio::wave: Audio (wave): 16000Hz, 1ch (streaming windows)
2026-10-01T20:10:22.517981Z  INFO request{request_id=01a0f916-e348-7662-ba2e-e30694c28042 method=POST path=/v1/transcribe}: gigastt_core::inference::engine::infer: encoder_inference elapsed_ms=620
2026-10-01T20:10:22.518097Z  INFO request{request_id=01a0f916-e348-7662-ba2e-e30694c28042 method=POST path=/v1/transcribe}: gigastt_core::inference::engine::file_stream: transcribe complete (streaming windows) audio_s=4.91 wall_s=0.62 rtf=0.127
2026-10-01T20:10:22.521592Z  INFO request{request_id=01a0f916-e5b9-743f-93bc-0ad6c5be367f method=POST path=/v1/transcribe}: gigastt_core::inference::audio::wave: Audio (wave): 16000Hz, 1ch (streaming windows)
2026-10-01T20:10:22.803175Z  INFO request{request_id=01a0f916-e5b9-743f-93bc-0ad6c5be367f method=POST path=/v1/transcribe}: gigastt_core::inference::engine::infer: encoder_inference elapsed_ms=281
2026-10-01T20:10:22.803255Z  INFO request{request_id=01a0f916-e5b9-743f-93bc-0ad6c5be367f method=POST path=/v1/transcribe}: gigastt_core::inference::engine::file_stream: transcribe complete (streaming windows) audio_s=2.64 wall_s=0.28 rtf=0.107
2026-10-01T20:10:22.808281Z  INFO request{request_id=01a0f916-e6d8-718c-b4d7-f9ae43d0d244 method=POST path=/v1/transcribe}: gigastt_core::inference::audio::wave: Audio (wave): 16000Hz, 1ch (streaming windows)
2026-10-01T20:10:23.609474Z  INFO request{request_id=01a0f916-e6d8-718c-b4d7-f9ae43d0d244 method=POST path=/v1/transcribe}: gigastt_core::inference::engine::infer: encoder_inference elapsed_ms=800
2026-10-01T20:10:23.609579Z  INFO request{request_id=01a0f916-e6d8-718c-b4d7-f9ae43d0d244 method=POST path=/v1/transcribe}: gigastt_core::inference::engine::file_stream: transcribe complete (streaming windows) audio_s=7.45 wall_s=0.80 rtf=0.108
2026-10-01T20:10:23.616039Z  INFO request{request_id=01a0f916-e9ff-7349-93d5-1b18f28ea2a6 method=POST path=/v1/transcribe}: gigastt_core::inference::audio::wave: Audio (wave): 16000Hz, 1ch (streaming windows)
2026-10-01T20:10:23.880148Z  INFO request{request_id=01a0f916-e45c-7413-9903-004e75cdd4fd method=POST path=/v1/transcribe}: gigastt_core::inference::engine::infer: encoder_inference elapsed_ms=1705
2026-10-01T20:10:23.880306Z  INFO request{request_id=01a0f916-e45c-7413-9903-004e75cdd4fd method=POST path=/v1/transcribe}: gigastt_core::inference::engine::file_stream: transcribe complete (streaming windows) audio_s=14.36 wall_s=1.71 rtf=0.119
2026-10-01T20:10:23.886349Z  INFO request{request_id=01a0f916-eb0e-76ea-96e5-645857c5a386 method=POST path=/v1/transcribe}: gigastt_core::inference::audio::wave: Audio (wave): 16000Hz, 1ch (streaming windows)
2026-10-01T20:10:24.260383Z  INFO request{request_id=01a0f916-eb0e-76ea-96e5-645857c5a386 method=POST path=/v1/transcribe}: gigastt_core::inference::engine::infer: encoder_inference elapsed_ms=373
2026-10-01T20:10:24.260464Z  INFO request{request_id=01a0f916-eb0e-76ea-96e5-645857c5a386 method=POST path=/v1/transcribe}: gigastt_core::inference::engine::file_stream: transcribe complete (streaming windows) audio_s=3.94 wall_s=0.37 rtf=0.095
2026-10-01T20:10:24.274796Z  INFO request{request_id=01a0f916-ec92-7781-bb3a-a322b71c7692 method=POST path=/v1/transcribe}: gigastt_core::inference::audio::wave: Audio (wave): 16000Hz, 1ch (streaming windows)
2026-10-01T20:10:24.409963Z  INFO request{request_id=01a0f916-e9ff-7349-93d5-1b18f28ea2a6 method=POST path=/v1/transcribe}: gigastt_core::inference::engine::infer: encoder_inference elapsed_ms=793
2026-10-01T20:10:24.410085Z  INFO request{request_id=01a0f916-e9ff-7349-93d5-1b18f28ea2a6 method=POST path=/v1/transcribe}: gigastt_core::inference::engine::file_stream: transcribe complete (streaming windows) audio_s=8.64 wall_s=0.79 rtf=0.092
2026-10-01T20:10:24.413100Z  INFO request{request_id=01a0f916-ed1c-70c4-854c-4d11f39a5e2a method=POST path=/v1/transcribe}: gigastt_core::inference::audio::wave: Audio (wave): 16000Hz, 1ch (streaming windows)
2026-10-01T20:10:24.640688Z  INFO request{request_id=01a0f916-ec92-7781-bb3a-a322b71c7692 method=POST path=/v1/transcribe}: gigastt_core::inference::engine::infer: encoder_inference elapsed_ms=365
2026-10-01T20:10:24.640768Z  INFO request{request_id=01a0f916-ec92-7781-bb3a-a322b71c7692 method=POST path=/v1/transcribe}: gigastt_core::inference::engine::file_stream: transcribe complete (streaming windows) audio_s=3.60 wall_s=0.37 rtf=0.102
2026-10-01T20:10:24.643766Z  INFO request{request_id=01a0f916-ee03-7663-8569-b515df279322 method=POST path=/v1/transcribe}: gigastt_core::inference::audio::wave: Audio (wave): 16000Hz, 1ch (streaming windows)
2026-10-01T20:10:24.752744Z  INFO request{request_id=01a0f916-ed1c-70c4-854c-4d11f39a5e2a method=POST path=/v1/transcribe}: gigastt_core::inference::engine::infer: encoder_inference elapsed_ms=339
2026-10-01T20:10:24.752828Z  INFO request{request_id=01a0f916-ed1c-70c4-854c-4d11f39a5e2a method=POST path=/v1/transcribe}: gigastt_core::inference::engine::file_stream: transcribe complete (streaming windows) audio_s=3.44 wall_s=0.34 rtf=0.099
2026-10-01T20:10:24.755669Z  INFO request{request_id=01a0f916-ee73-73aa-ab4b-b64dd5d9b6a0 method=POST path=/v1/transcribe}: gigastt_core::inference::audio::wave: Audio (wave): 16000Hz, 1ch (streaming windows)
2026-10-01T20:10:24.945080Z  INFO request{request_id=01a0f916-ee73-73aa-ab4b-b64dd5d9b6a0 method=POST path=/v1/transcribe}: gigastt_core::inference::engine::infer: encoder_inference elapsed_ms=189
2026-10-01T20:10:24.945147Z  INFO request{request_id=01a0f916-ee73-73aa-ab4b-b64dd5d9b6a0 method=POST path=/v1/transcribe}: gigastt_core::inference::engine::file_stream: transcribe complete (streaming windows) audio_s=1.66 wall_s=0.19 rtf=0.114
2026-10-01T20:10:24.950329Z  INFO request{request_id=01a0f916-ef36-727a-9983-4b17d1da951e method=POST path=/v1/transcribe}: gigastt_core::inference::audio::wave: Audio (wave): 16000Hz, 1ch (streaming windows)
2026-10-01T20:10:25.125813Z  INFO request{request_id=01a0f916-ef36-727a-9983-4b17d1da951e method=POST path=/v1/transcribe}: gigastt_core::inference::engine::infer: encoder_inference elapsed_ms=175
2026-10-01T20:10:25.125893Z  INFO request{request_id=01a0f916-ef36-727a-9983-4b17d1da951e method=POST path=/v1/transcribe}: gigastt_core::inference::engine::file_stream: transcribe complete (streaming windows) audio_s=1.51 wall_s=0.18 rtf=0.116
2026-10-01T20:10:25.129660Z  INFO request{request_id=01a0f916-efe9-757b-be53-ae74bbc970b1 method=POST path=/v1/transcribe}: gigastt_core::inference::audio::wave: Audio (wave): 16000Hz, 1ch (streaming windows)
2026-10-01T20:10:25.453279Z  INFO request{request_id=01a0f916-ee03-7663-8569-b515df279322 method=POST path=/v1/transcribe}: gigastt_core::inference::engine::infer: encoder_inference elapsed_ms=808
2026-10-01T20:10:25.453408Z  INFO request{request_id=01a0f916-ee03-7663-8569-b515df279322 method=POST path=/v1/transcribe}: gigastt_core::inference::engine::file_stream: transcribe complete (streaming windows) audio_s=8.59 wall_s=0.81 rtf=0.094
2026-10-01T20:10:25.460994Z  INFO request{request_id=01a0f916-f134-741c-b4fb-6b97a29afd93 method=POST path=/v1/transcribe}: gigastt_core::inference::audio::wave: Audio (wave): 16000Hz, 1ch (streaming windows)
2026-10-01T20:10:26.236070Z  INFO request{request_id=01a0f916-efe9-757b-be53-ae74bbc970b1 method=POST path=/v1/transcribe}: gigastt_core::inference::engine::infer: encoder_inference elapsed_ms=1105
2026-10-01T20:10:26.236218Z  INFO request{request_id=01a0f916-efe9-757b-be53-ae74bbc970b1 method=POST path=/v1/transcribe}: gigastt_core::inference::engine::file_stream: transcribe complete (streaming windows) audio_s=11.53 wall_s=1.11 rtf=0.096
2026-10-01T20:10:26.239531Z  INFO request{request_id=01a0f916-f43f-7655-a1e5-ecdc9a28fe3d method=POST path=/v1/transcribe}: gigastt_core::inference::audio::wave: Audio (wave): 16000Hz, 1ch (streaming windows)
2026-10-01T20:10:26.574996Z  INFO request{request_id=01a0f916-f134-741c-b4fb-6b97a29afd93 method=POST path=/v1/transcribe}: gigastt_core::inference::engine::infer: encoder_inference elapsed_ms=1113
2026-10-01T20:10:26.575162Z  INFO request{request_id=01a0f916-f134-741c-b4fb-6b97a29afd93 method=POST path=/v1/transcribe}: gigastt_core::inference::engine::file_stream: transcribe complete (streaming windows) audio_s=11.47 wall_s=1.11 rtf=0.097
2026-10-01T20:10:26.578530Z  INFO request{request_id=01a0f916-f592-77d6-aba4-743035faac20 method=POST path=/v1/transcribe}: gigastt_core::inference::audio::wave: Audio (wave): 16000Hz, 1ch (streaming windows)
2026-10-01T20:10:27.579208Z  INFO request{request_id=01a0f916-f592-77d6-aba4-743035faac20 method=POST path=/v1/transcribe}: gigastt_core::inference::engine::infer: encoder_inference elapsed_ms=999
2026-10-01T20:10:27.579389Z  INFO request{request_id=01a0f916-f592-77d6-aba4-743035faac20 method=POST path=/v1/transcribe}: gigastt_core::inference::engine::file_stream: transcribe complete (streaming windows) audio_s=11.24 wall_s=1.00 rtf=0.089
2026-10-01T20:10:27.583070Z  INFO request{request_id=01a0f916-f97e-7703-bb83-a6588fd5e577 method=POST path=/v1/transcribe}: gigastt_core::inference::audio::wave: Audio (wave): 16000Hz, 1ch (streaming windows)
2026-10-01T20:10:27.739966Z  INFO request{request_id=01a0f916-f43f-7655-a1e5-ecdc9a28fe3d method=POST path=/v1/transcribe}: gigastt_core::inference::engine::infer: encoder_inference elapsed_ms=1499
2026-10-01T20:10:27.740496Z  INFO request{request_id=01a0f916-f43f-7655-a1e5-ecdc9a28fe3d method=POST path=/v1/transcribe}: gigastt_core::inference::engine::file_stream: transcribe complete (streaming windows) audio_s=14.29 wall_s=1.50 rtf=0.105
2026-10-01T20:10:27.746861Z  INFO request{request_id=01a0f916-fa22-709d-8c8b-f28c211d6e5e method=POST path=/v1/transcribe}: gigastt_core::inference::audio::wave: Audio (wave): 16000Hz, 1ch (streaming windows)
2026-10-01T20:10:28.292536Z  INFO request{request_id=01a0f916-fa22-709d-8c8b-f28c211d6e5e method=POST path=/v1/transcribe}: gigastt_core::inference::engine::infer: encoder_inference elapsed_ms=544
2026-10-01T20:10:28.292643Z  INFO request{request_id=01a0f916-fa22-709d-8c8b-f28c211d6e5e method=POST path=/v1/transcribe}: gigastt_core::inference::engine::file_stream: transcribe complete (streaming windows) audio_s=5.60 wall_s=0.55 rtf=0.097
2026-10-01T20:10:28.299073Z  INFO request{request_id=01a0f916-fc4a-77a1-a826-b815a010d59c method=POST path=/v1/transcribe}: gigastt_core::inference::audio::wave: Audio (wave): 16000Hz, 1ch (streaming windows)
2026-10-01T20:10:28.471730Z  INFO request{request_id=01a0f916-f97e-7703-bb83-a6588fd5e577 method=POST path=/v1/transcribe}: gigastt_core::inference::engine::infer: encoder_inference elapsed_ms=887
2026-10-01T20:10:28.471865Z  INFO request{request_id=01a0f916-f97e-7703-bb83-a6588fd5e577 method=POST path=/v1/transcribe}: gigastt_core::inference::engine::file_stream: transcribe complete (streaming windows) audio_s=10.11 wall_s=0.89 rtf=0.088
2026-10-01T20:10:28.477896Z  INFO request{request_id=01a0f916-fcfd-720d-83e7-89346c98c407 method=POST path=/v1/transcribe}: gigastt_core::inference::audio::wave: Audio (wave): 16000Hz, 1ch (streaming windows)
2026-10-01T20:10:28.855563Z  INFO request{request_id=01a0f916-fcfd-720d-83e7-89346c98c407 method=POST path=/v1/transcribe}: gigastt_core::inference::engine::infer: encoder_inference elapsed_ms=377
2026-10-01T20:10:28.855661Z  INFO request{request_id=01a0f916-fcfd-720d-83e7-89346c98c407 method=POST path=/v1/transcribe}: gigastt_core::inference::engine::file_stream: transcribe complete (streaming windows) audio_s=4.72 wall_s=0.38 rtf=0.080
2026-10-01T20:10:28.862529Z  INFO request{request_id=01a0f916-fe7d-71c3-a253-825b464c6002 method=POST path=/v1/transcribe}: gigastt_core::inference::audio::wave: Audio (wave): 16000Hz, 1ch (streaming windows)
2026-10-01T20:10:28.955779Z  INFO request{request_id=01a0f916-fc4a-77a1-a826-b815a010d59c method=POST path=/v1/transcribe}: gigastt_core::inference::engine::infer: encoder_inference elapsed_ms=656
2026-10-01T20:10:28.955921Z  INFO request{request_id=01a0f916-fc4a-77a1-a826-b815a010d59c method=POST path=/v1/transcribe}: gigastt_core::inference::engine::file_stream: transcribe complete (streaming windows) audio_s=6.85 wall_s=0.66 rtf=0.096
2026-10-01T20:10:28.959242Z  INFO request{request_id=01a0f916-fede-7281-974f-76a562f7251b method=POST path=/v1/transcribe}: gigastt_core::inference::audio::wave: Audio (wave): 16000Hz, 1ch (streaming windows)
2026-10-01T20:10:30.154600Z  INFO request{request_id=01a0f916-fede-7281-974f-76a562f7251b method=POST path=/v1/transcribe}: gigastt_core::inference::engine::infer: encoder_inference elapsed_ms=1194
2026-10-01T20:10:30.154741Z  INFO request{request_id=01a0f916-fede-7281-974f-76a562f7251b method=POST path=/v1/transcribe}: gigastt_core::inference::engine::file_stream: transcribe complete (streaming windows) audio_s=11.88 wall_s=1.20 rtf=0.101
2026-10-01T20:10:30.161198Z  INFO request{request_id=01a0f917-0390-7049-8ef4-bd992c03166c method=POST path=/v1/transcribe}: gigastt_core::inference::audio::wave: Audio (wave): 16000Hz, 1ch (streaming windows)
2026-10-01T20:10:30.241366Z  INFO request{request_id=01a0f916-fe7d-71c3-a253-825b464c6002 method=POST path=/v1/transcribe}: gigastt_core::inference::engine::infer: encoder_inference elapsed_ms=1377
2026-10-01T20:10:30.241543Z  INFO request{request_id=01a0f916-fe7d-71c3-a253-825b464c6002 method=POST path=/v1/transcribe}: gigastt_core::inference::engine::file_stream: transcribe complete (streaming windows) audio_s=16.24 wall_s=1.38 rtf=0.085
2026-10-01T20:10:30.245086Z  INFO request{request_id=01a0f917-03e4-7753-bd6f-4a73d3868ac8 method=POST path=/v1/transcribe}: gigastt_core::inference::audio::wave: Audio (wave): 16000Hz, 1ch (streaming windows)
2026-10-01T20:10:30.562621Z  INFO request{request_id=01a0f917-0390-7049-8ef4-bd992c03166c method=POST path=/v1/transcribe}: gigastt_core::inference::engine::infer: encoder_inference elapsed_ms=401
2026-10-01T20:10:30.562706Z  INFO request{request_id=01a0f917-0390-7049-8ef4-bd992c03166c method=POST path=/v1/transcribe}: gigastt_core::inference::engine::file_stream: transcribe complete (streaming windows) audio_s=4.22 wall_s=0.40 rtf=0.095
2026-10-01T20:10:30.566575Z  INFO request{request_id=01a0f917-0526-75b6-af86-bc3c189f3601 method=POST path=/v1/transcribe}: gigastt_core::inference::audio::wave: Audio (wave): 16000Hz, 1ch (streaming windows)
2026-10-01T20:10:30.963505Z  INFO request{request_id=01a0f917-03e4-7753-bd6f-4a73d3868ac8 method=POST path=/v1/transcribe}: gigastt_core::inference::engine::infer: encoder_inference elapsed_ms=717
2026-10-01T20:10:30.963656Z  INFO request{request_id=01a0f917-03e4-7753-bd6f-4a73d3868ac8 method=POST path=/v1/transcribe}: gigastt_core::inference::engine::file_stream: transcribe complete (streaming windows) audio_s=7.28 wall_s=0.72 rtf=0.099
2026-10-01T20:10:30.966811Z  INFO request{request_id=01a0f917-06b6-76d8-a18f-89957c8e4ca9 method=POST path=/v1/transcribe}: gigastt_core::inference::audio::wave: Audio (wave): 16000Hz, 1ch (streaming windows)
2026-10-01T20:10:31.091045Z  INFO request{request_id=01a0f917-0526-75b6-af86-bc3c189f3601 method=POST path=/v1/transcribe}: gigastt_core::inference::engine::infer: encoder_inference elapsed_ms=523
2026-10-01T20:10:31.091153Z  INFO request{request_id=01a0f917-0526-75b6-af86-bc3c189f3601 method=POST path=/v1/transcribe}: gigastt_core::inference::engine::file_stream: transcribe complete (streaming windows) audio_s=6.03 wall_s=0.52 rtf=0.087
2026-10-01T20:10:31.093965Z  INFO request{request_id=01a0f917-0735-74cf-b081-c22c2ce2a4b2 method=POST path=/v1/transcribe}: gigastt_core::inference::audio::wave: Audio (wave): 16000Hz, 1ch (streaming windows)
2026-10-01T20:10:31.633872Z  INFO request{request_id=01a0f917-06b6-76d8-a18f-89957c8e4ca9 method=POST path=/v1/transcribe}: gigastt_core::inference::engine::infer: encoder_inference elapsed_ms=666
2026-10-01T20:10:31.634007Z  INFO request{request_id=01a0f917-06b6-76d8-a18f-89957c8e4ca9 method=POST path=/v1/transcribe}: gigastt_core::inference::engine::file_stream: transcribe complete (streaming windows) audio_s=6.15 wall_s=0.67 rtf=0.109
2026-10-01T20:10:31.639637Z  INFO request{request_id=01a0f917-0957-7276-8870-84655f4cc754 method=POST path=/v1/transcribe}: gigastt_core::inference::audio::wave: Audio (wave): 16000Hz, 1ch (streaming windows)
2026-10-01T20:10:32.101732Z  INFO request{request_id=01a0f917-0957-7276-8870-84655f4cc754 method=POST path=/v1/transcribe}: gigastt_core::inference::engine::infer: encoder_inference elapsed_ms=461
2026-10-01T20:10:32.101859Z  INFO request{request_id=01a0f917-0957-7276-8870-84655f4cc754 method=POST path=/v1/transcribe}: gigastt_core::inference::engine::file_stream: transcribe complete (streaming windows) audio_s=3.92 wall_s=0.46 rtf=0.118
2026-10-01T20:10:32.106130Z  INFO request{request_id=01a0f917-0b29-7220-b58d-918c2844bd62 method=POST path=/v1/transcribe}: gigastt_core::inference::audio::wave: Audio (wave): 16000Hz, 1ch (streaming windows)
2026-10-01T20:10:32.434543Z  INFO request{request_id=01a0f917-0735-74cf-b081-c22c2ce2a4b2 method=POST path=/v1/transcribe}: gigastt_core::inference::engine::infer: encoder_inference elapsed_ms=1339
2026-10-01T20:10:32.434750Z  INFO request{request_id=01a0f917-0735-74cf-b081-c22c2ce2a4b2 method=POST path=/v1/transcribe}: gigastt_core::inference::engine::file_stream: transcribe complete (streaming windows) audio_s=12.31 wall_s=1.34 rtf=0.109
2026-10-01T20:10:32.438133Z  INFO request{request_id=01a0f917-0c75-72fb-8b2b-81bb9b0ff4e1 method=POST path=/v1/transcribe}: gigastt_core::inference::audio::wave: Audio (wave): 16000Hz, 1ch (streaming windows)
2026-10-01T20:10:32.590610Z  INFO request{request_id=01a0f917-0b29-7220-b58d-918c2844bd62 method=POST path=/v1/transcribe}: gigastt_core::inference::engine::infer: encoder_inference elapsed_ms=483
2026-10-01T20:10:32.590726Z  INFO request{request_id=01a0f917-0b29-7220-b58d-918c2844bd62 method=POST path=/v1/transcribe}: gigastt_core::inference::engine::file_stream: transcribe complete (streaming windows) audio_s=4.23 wall_s=0.48 rtf=0.114
2026-10-01T20:10:32.597460Z  INFO request{request_id=01a0f917-0d15-749d-9b8e-6ad908c3b077 method=POST path=/v1/transcribe}: gigastt_core::inference::audio::wave: Audio (wave): 16000Hz, 1ch (streaming windows)
2026-10-01T20:10:33.200467Z  INFO request{request_id=01a0f917-0d15-749d-9b8e-6ad908c3b077 method=POST path=/v1/transcribe}: gigastt_core::inference::engine::infer: encoder_inference elapsed_ms=602
2026-10-01T20:10:33.200576Z  INFO request{request_id=01a0f917-0d15-749d-9b8e-6ad908c3b077 method=POST path=/v1/transcribe}: gigastt_core::inference::engine::file_stream: transcribe complete (streaming windows) audio_s=4.65 wall_s=0.60 rtf=0.130
2026-10-01T20:10:33.219211Z  INFO request{request_id=01a0f917-0f82-71d3-afa7-ec9be7d5b8ae method=POST path=/v1/transcribe}: gigastt_core::inference::audio::wave: Audio (wave): 16000Hz, 1ch (streaming windows)
2026-10-01T20:10:33.470458Z  INFO request{request_id=01a0f917-0c75-72fb-8b2b-81bb9b0ff4e1 method=POST path=/v1/transcribe}: gigastt_core::inference::engine::infer: encoder_inference elapsed_ms=1031
2026-10-01T20:10:33.470743Z  INFO request{request_id=01a0f917-0c75-72fb-8b2b-81bb9b0ff4e1 method=POST path=/v1/transcribe}: gigastt_core::inference::engine::file_stream: transcribe complete (streaming windows) audio_s=6.61 wall_s=1.03 rtf=0.156
2026-10-01T20:10:33.477346Z  INFO request{request_id=01a0f917-1083-7541-9a6c-fa29322a2b54 method=POST path=/v1/transcribe}: gigastt_core::inference::audio::wave: Audio (wave): 16000Hz, 1ch (streaming windows)
2026-10-01T20:10:34.308704Z  INFO request{request_id=01a0f917-0f82-71d3-afa7-ec9be7d5b8ae method=POST path=/v1/transcribe}: gigastt_core::inference::engine::infer: encoder_inference elapsed_ms=1087
2026-10-01T20:10:34.308861Z  INFO request{request_id=01a0f917-0f82-71d3-afa7-ec9be7d5b8ae method=POST path=/v1/transcribe}: gigastt_core::inference::engine::file_stream: transcribe complete (streaming windows) audio_s=5.51 wall_s=1.09 rtf=0.198
2026-10-01T20:10:34.317405Z  INFO request{request_id=01a0f917-13cc-764e-8c90-4801bedee517 method=POST path=/v1/transcribe}: gigastt_core::inference::audio::wave: Audio (wave): 16000Hz, 1ch (streaming windows)
2026-10-01T20:10:35.009807Z  INFO request{request_id=01a0f917-1083-7541-9a6c-fa29322a2b54 method=POST path=/v1/transcribe}: gigastt_core::inference::engine::infer: encoder_inference elapsed_ms=1529
2026-10-01T20:10:35.009928Z  INFO request{request_id=01a0f917-1083-7541-9a6c-fa29322a2b54 method=POST path=/v1/transcribe}: gigastt_core::inference::engine::file_stream: transcribe complete (streaming windows) audio_s=7.88 wall_s=1.53 rtf=0.194
2026-10-01T20:10:35.015977Z  INFO request{request_id=01a0f917-1687-7404-9fe5-ac5bdc7fbc47 method=POST path=/v1/transcribe}: gigastt_core::inference::audio::wave: Audio (wave): 16000Hz, 1ch (streaming windows)
2026-10-01T20:10:35.430138Z  INFO request{request_id=01a0f917-1687-7404-9fe5-ac5bdc7fbc47 method=POST path=/v1/transcribe}: gigastt_core::inference::engine::infer: encoder_inference elapsed_ms=413
2026-10-01T20:10:35.430252Z  INFO request{request_id=01a0f917-1687-7404-9fe5-ac5bdc7fbc47 method=POST path=/v1/transcribe}: gigastt_core::inference::engine::file_stream: transcribe complete (streaming windows) audio_s=3.90 wall_s=0.41 rtf=0.106
2026-10-01T20:10:35.433575Z  INFO request{request_id=01a0f917-1829-73cc-a907-e70ebc768847 method=POST path=/v1/transcribe}: gigastt_core::inference::audio::wave: Audio (wave): 16000Hz, 1ch (streaming windows)
2026-10-01T20:10:35.508887Z  INFO request{request_id=01a0f917-13cc-764e-8c90-4801bedee517 method=POST path=/v1/transcribe}: gigastt_core::inference::engine::infer: encoder_inference elapsed_ms=1188
2026-10-01T20:10:35.509013Z  INFO request{request_id=01a0f917-13cc-764e-8c90-4801bedee517 method=POST path=/v1/transcribe}: gigastt_core::inference::engine::file_stream: transcribe complete (streaming windows) audio_s=9.11 wall_s=1.19 rtf=0.131
2026-10-01T20:10:35.511992Z  INFO request{request_id=01a0f917-1877-7300-a218-5a56590121b5 method=POST path=/v1/transcribe}: gigastt_core::inference::audio::wave: Audio (wave): 16000Hz, 1ch (streaming windows)
2026-10-01T20:10:35.769786Z  INFO request{request_id=01a0f917-1829-73cc-a907-e70ebc768847 method=POST path=/v1/transcribe}: gigastt_core::inference::engine::infer: encoder_inference elapsed_ms=335
2026-10-01T20:10:35.769885Z  INFO request{request_id=01a0f917-1829-73cc-a907-e70ebc768847 method=POST path=/v1/transcribe}: gigastt_core::inference::engine::file_stream: transcribe complete (streaming windows) audio_s=3.07 wall_s=0.34 rtf=0.110
2026-10-01T20:10:35.775664Z  INFO request{request_id=01a0f917-197f-7131-8262-84dfd9adb51e method=POST path=/v1/transcribe}: gigastt_core::inference::audio::wave: Audio (wave): 16000Hz, 1ch (streaming windows)
2026-10-01T20:10:36.001977Z  INFO request{request_id=01a0f917-1877-7300-a218-5a56590121b5 method=POST path=/v1/transcribe}: gigastt_core::inference::engine::infer: encoder_inference elapsed_ms=489
2026-10-01T20:10:36.002070Z  INFO request{request_id=01a0f917-1877-7300-a218-5a56590121b5 method=POST path=/v1/transcribe}: gigastt_core::inference::engine::file_stream: transcribe complete (streaming windows) audio_s=4.60 wall_s=0.49 rtf=0.107
2026-10-01T20:10:36.013411Z  INFO request{request_id=01a0f917-1a6d-731e-b37b-9262ff9954b7 method=POST path=/v1/transcribe}: gigastt_core::inference::audio::wave: Audio (wave): 16000Hz, 1ch (streaming windows)
2026-10-01T20:10:36.257334Z  INFO request{request_id=01a0f917-1a6d-731e-b37b-9262ff9954b7 method=POST path=/v1/transcribe}: gigastt_core::inference::engine::infer: encoder_inference elapsed_ms=243
2026-10-01T20:10:36.257413Z  INFO request{request_id=01a0f917-1a6d-731e-b37b-9262ff9954b7 method=POST path=/v1/transcribe}: gigastt_core::inference::engine::file_stream: transcribe complete (streaming windows) audio_s=2.02 wall_s=0.24 rtf=0.121
2026-10-01T20:10:36.264750Z  INFO request{request_id=01a0f917-1b68-7055-9841-091ee3057a27 method=POST path=/v1/transcribe}: gigastt_core::inference::audio::wave: Audio (wave): 16000Hz, 1ch (streaming windows)
2026-10-01T20:10:36.547852Z  INFO request{request_id=01a0f917-1b68-7055-9841-091ee3057a27 method=POST path=/v1/transcribe}: gigastt_core::inference::engine::infer: encoder_inference elapsed_ms=282
2026-10-01T20:10:36.547956Z  INFO request{request_id=01a0f917-1b68-7055-9841-091ee3057a27 method=POST path=/v1/transcribe}: gigastt_core::inference::engine::file_stream: transcribe complete (streaming windows) audio_s=2.56 wall_s=0.28 rtf=0.111
2026-10-01T20:10:36.559454Z  INFO request{request_id=01a0f917-1c8f-745c-8705-555a3ddff39b method=POST path=/v1/transcribe}: gigastt_core::inference::audio::wave: Audio (wave): 16000Hz, 1ch (streaming windows)
2026-10-01T20:10:36.928591Z  INFO request{request_id=01a0f917-1c8f-745c-8705-555a3ddff39b method=POST path=/v1/transcribe}: gigastt_core::inference::engine::infer: encoder_inference elapsed_ms=368
2026-10-01T20:10:36.928664Z  INFO request{request_id=01a0f917-1c8f-745c-8705-555a3ddff39b method=POST path=/v1/transcribe}: gigastt_core::inference::engine::file_stream: transcribe complete (streaming windows) audio_s=3.45 wall_s=0.37 rtf=0.107
2026-10-01T20:10:36.940750Z  INFO request{request_id=01a0f917-1e0c-753f-82ec-98e177d2c90d method=POST path=/v1/transcribe}: gigastt_core::inference::audio::wave: Audio (wave): 16000Hz, 1ch (streaming windows)
2026-10-01T20:10:36.956182Z  INFO request{request_id=01a0f917-197f-7131-8262-84dfd9adb51e method=POST path=/v1/transcribe}: gigastt_core::inference::engine::infer: encoder_inference elapsed_ms=1179
2026-10-01T20:10:36.956332Z  INFO request{request_id=01a0f917-197f-7131-8262-84dfd9adb51e method=POST path=/v1/transcribe}: gigastt_core::inference::engine::file_stream: transcribe complete (streaming windows) audio_s=11.29 wall_s=1.18 rtf=0.105
2026-10-01T20:10:36.966534Z  INFO request{request_id=01a0f917-1e26-71c0-825b-7a97015d3275 method=POST path=/v1/transcribe}: gigastt_core::inference::audio::wave: Audio (wave): 16000Hz, 1ch (streaming windows)
2026-10-01T20:10:37.645357Z  INFO request{request_id=01a0f917-1e26-71c0-825b-7a97015d3275 method=POST path=/v1/transcribe}: gigastt_core::inference::engine::infer: encoder_inference elapsed_ms=677
2026-10-01T20:10:37.645490Z  INFO request{request_id=01a0f917-1e26-71c0-825b-7a97015d3275 method=POST path=/v1/transcribe}: gigastt_core::inference::engine::file_stream: transcribe complete (streaming windows) audio_s=6.76 wall_s=0.68 rtf=0.100
2026-10-01T20:10:37.659745Z  INFO request{request_id=01a0f917-20db-7371-962b-abd14da9c46a method=POST path=/v1/transcribe}: gigastt_core::inference::audio::wave: Audio (wave): 16000Hz, 1ch (streaming windows)
2026-10-01T20:10:40.006850Z  INFO request{request_id=01a0f917-1e0c-753f-82ec-98e177d2c90d method=POST path=/v1/transcribe}: gigastt_core::inference::engine::infer: encoder_inference elapsed_ms=3064
2026-10-01T20:10:40.007206Z  INFO request{request_id=01a0f917-1e0c-753f-82ec-98e177d2c90d method=POST path=/v1/transcribe}: gigastt_core::inference::engine::file_stream: transcribe complete (streaming windows) audio_s=22.91 wall_s=3.07 rtf=0.134
2026-10-01T20:10:40.013377Z  INFO request{request_id=01a0f917-2a0d-76c8-8276-f8a32ed9349e method=POST path=/v1/transcribe}: gigastt_core::inference::audio::wave: Audio (wave): 16000Hz, 1ch (streaming windows)
2026-10-01T20:10:40.363482Z  INFO request{request_id=01a0f917-20db-7371-962b-abd14da9c46a method=POST path=/v1/transcribe}: gigastt_core::inference::engine::infer: encoder_inference elapsed_ms=2701
2026-10-01T20:10:40.363708Z  INFO request{request_id=01a0f917-20db-7371-962b-abd14da9c46a method=POST path=/v1/transcribe}: gigastt_core::inference::engine::file_stream: transcribe complete (streaming windows) audio_s=22.05 wall_s=2.70 rtf=0.123
2026-10-01T20:10:40.366892Z  INFO request{request_id=01a0f917-2a0d-76c8-8276-f8a32ed9349e method=POST path=/v1/transcribe}: gigastt_core::inference::engine::infer: encoder_inference elapsed_ms=353
2026-10-01T20:10:40.366989Z  INFO request{request_id=01a0f917-2a0d-76c8-8276-f8a32ed9349e method=POST path=/v1/transcribe}: gigastt_core::inference::engine::file_stream: transcribe complete (streaming windows) audio_s=3.09 wall_s=0.35 rtf=0.114
2026-10-01T20:10:40.370443Z  INFO request{request_id=01a0f917-2b72-7193-b426-050c5a120017 method=POST path=/v1/transcribe}: gigastt_core::inference::audio::wave: Audio (wave): 16000Hz, 1ch (streaming windows)
2026-10-01T20:10:40.371499Z  INFO request{request_id=01a0f917-2b73-7087-90b8-90042073c57c method=POST path=/v1/transcribe}: gigastt_core::inference::audio::wave: Audio (wave): 16000Hz, 1ch (streaming windows)
2026-10-01T20:10:41.113792Z  INFO request{request_id=01a0f917-2b73-7087-90b8-90042073c57c method=POST path=/v1/transcribe}: gigastt_core::inference::engine::infer: encoder_inference elapsed_ms=741
2026-10-01T20:10:41.113895Z  INFO request{request_id=01a0f917-2b73-7087-90b8-90042073c57c method=POST path=/v1/transcribe}: gigastt_core::inference::engine::file_stream: transcribe complete (streaming windows) audio_s=6.10 wall_s=0.74 rtf=0.122
2026-10-01T20:10:41.121007Z  INFO request{request_id=01a0f917-2e60-7130-884b-6bb9e88edf55 method=POST path=/v1/transcribe}: gigastt_core::inference::audio::wave: Audio (wave): 16000Hz, 1ch (streaming windows)
2026-10-01T20:10:41.355699Z  INFO request{request_id=01a0f917-2b72-7193-b426-050c5a120017 method=POST path=/v1/transcribe}: gigastt_core::inference::engine::infer: encoder_inference elapsed_ms=984
2026-10-01T20:10:41.355820Z  INFO request{request_id=01a0f917-2b72-7193-b426-050c5a120017 method=POST path=/v1/transcribe}: gigastt_core::inference::engine::file_stream: transcribe complete (streaming windows) audio_s=8.56 wall_s=0.99 rtf=0.115
2026-10-01T20:10:41.361691Z  INFO request{request_id=01a0f917-2f51-72d6-989b-e84ee1be9ab6 method=POST path=/v1/transcribe}: gigastt_core::inference::audio::wave: Audio (wave): 16000Hz, 1ch (streaming windows)
2026-10-01T20:10:41.829034Z  INFO request{request_id=01a0f917-2e60-7130-884b-6bb9e88edf55 method=POST path=/v1/transcribe}: gigastt_core::inference::engine::infer: encoder_inference elapsed_ms=707
2026-10-01T20:10:41.829154Z  INFO request{request_id=01a0f917-2e60-7130-884b-6bb9e88edf55 method=POST path=/v1/transcribe}: gigastt_core::inference::engine::file_stream: transcribe complete (streaming windows) audio_s=7.27 wall_s=0.71 rtf=0.097
2026-10-01T20:10:41.835139Z  INFO request{request_id=01a0f917-312b-7628-aad7-42a4284413a0 method=POST path=/v1/transcribe}: gigastt_core::inference::audio::wave: Audio (wave): 16000Hz, 1ch (streaming windows)
2026-10-01T20:10:42.054866Z  INFO request{request_id=01a0f917-312b-7628-aad7-42a4284413a0 method=POST path=/v1/transcribe}: gigastt_core::inference::engine::infer: encoder_inference elapsed_ms=219
2026-10-01T20:10:42.054945Z  INFO request{request_id=01a0f917-312b-7628-aad7-42a4284413a0 method=POST path=/v1/transcribe}: gigastt_core::inference::engine::file_stream: transcribe complete (streaming windows) audio_s=1.88 wall_s=0.22 rtf=0.117
2026-10-01T20:10:42.060790Z  INFO request{request_id=01a0f917-320c-7505-b0c9-9bdad016130b method=POST path=/v1/transcribe}: gigastt_core::inference::audio::wave: Audio (wave): 16000Hz, 1ch (streaming windows)
2026-10-01T20:10:42.280247Z  INFO request{request_id=01a0f917-2f51-72d6-989b-e84ee1be9ab6 method=POST path=/v1/transcribe}: gigastt_core::inference::engine::infer: encoder_inference elapsed_ms=917
2026-10-01T20:10:42.280362Z  INFO request{request_id=01a0f917-2f51-72d6-989b-e84ee1be9ab6 method=POST path=/v1/transcribe}: gigastt_core::inference::engine::file_stream: transcribe complete (streaming windows) audio_s=9.39 wall_s=0.92 rtf=0.098
2026-10-01T20:10:42.286861Z  INFO request{request_id=01a0f917-32ee-71f8-8fa4-f1ea601fca59 method=POST path=/v1/transcribe}: gigastt_core::inference::audio::wave: Audio (wave): 16000Hz, 1ch (streaming windows)
2026-10-01T20:10:42.485295Z  INFO request{request_id=01a0f917-320c-7505-b0c9-9bdad016130b method=POST path=/v1/transcribe}: gigastt_core::inference::engine::infer: encoder_inference elapsed_ms=424
2026-10-01T20:10:42.485381Z  INFO request{request_id=01a0f917-320c-7505-b0c9-9bdad016130b method=POST path=/v1/transcribe}: gigastt_core::inference::engine::file_stream: transcribe complete (streaming windows) audio_s=4.10 wall_s=0.42 rtf=0.104
2026-10-01T20:10:42.496125Z  INFO request{request_id=01a0f917-33bf-772a-a688-6a43a3bb6fb3 method=POST path=/v1/transcribe}: gigastt_core::inference::audio::wave: Audio (wave): 16000Hz, 1ch (streaming windows)
2026-10-01T20:10:43.661260Z  INFO request{request_id=01a0f917-33bf-772a-a688-6a43a3bb6fb3 method=POST path=/v1/transcribe}: gigastt_core::inference::engine::infer: encoder_inference elapsed_ms=1164
2026-10-01T20:10:43.661408Z  INFO request{request_id=01a0f917-33bf-772a-a688-6a43a3bb6fb3 method=POST path=/v1/transcribe}: gigastt_core::inference::engine::file_stream: transcribe complete (streaming windows) audio_s=10.82 wall_s=1.17 rtf=0.108
2026-10-01T20:10:43.669641Z  INFO request{request_id=01a0f917-3855-719e-a830-56387cf3e6e7 method=POST path=/v1/transcribe}: gigastt_core::inference::audio::wave: Audio (wave): 16000Hz, 1ch (streaming windows)
2026-10-01T20:10:43.977557Z  INFO request{request_id=01a0f917-32ee-71f8-8fa4-f1ea601fca59 method=POST path=/v1/transcribe}: gigastt_core::inference::engine::infer: encoder_inference elapsed_ms=1689
2026-10-01T20:10:43.977737Z  INFO request{request_id=01a0f917-32ee-71f8-8fa4-f1ea601fca59 method=POST path=/v1/transcribe}: gigastt_core::inference::engine::file_stream: transcribe complete (streaming windows) audio_s=15.54 wall_s=1.69 rtf=0.109
2026-10-01T20:10:43.985259Z  INFO request{request_id=01a0f917-3990-71ca-898a-5103e6320ec5 method=POST path=/v1/transcribe}: gigastt_core::inference::audio::wave: Audio (wave): 16000Hz, 1ch (streaming windows)
2026-10-01T20:10:44.228037Z  INFO request{request_id=01a0f917-3855-719e-a830-56387cf3e6e7 method=POST path=/v1/transcribe}: gigastt_core::inference::engine::infer: encoder_inference elapsed_ms=557
2026-10-01T20:10:44.228146Z  INFO request{request_id=01a0f917-3855-719e-a830-56387cf3e6e7 method=POST path=/v1/transcribe}: gigastt_core::inference::engine::file_stream: transcribe complete (streaming windows) audio_s=5.50 wall_s=0.56 rtf=0.102
2026-10-01T20:10:44.238424Z  INFO request{request_id=01a0f917-3a8e-778b-9d48-9839e6dd1c92 method=POST path=/v1/transcribe}: gigastt_core::inference::audio::wave: Audio (wave): 16000Hz, 1ch (streaming windows)
2026-10-01T20:10:44.846343Z  INFO request{request_id=01a0f917-3a8e-778b-9d48-9839e6dd1c92 method=POST path=/v1/transcribe}: gigastt_core::inference::engine::infer: encoder_inference elapsed_ms=607
2026-10-01T20:10:44.846485Z  INFO request{request_id=01a0f917-3a8e-778b-9d48-9839e6dd1c92 method=POST path=/v1/transcribe}: gigastt_core::inference::engine::file_stream: transcribe complete (streaming windows) audio_s=5.81 wall_s=0.61 rtf=0.105
2026-10-01T20:10:44.854453Z  INFO request{request_id=01a0f917-3cf6-741e-8134-0014983b7dd9 method=POST path=/v1/transcribe}: gigastt_core::inference::audio::wave: Audio (wave): 16000Hz, 1ch (streaming windows)
2026-10-01T20:10:45.637790Z  INFO request{request_id=01a0f917-3990-71ca-898a-5103e6320ec5 method=POST path=/v1/transcribe}: gigastt_core::inference::engine::infer: encoder_inference elapsed_ms=1651
2026-10-01T20:10:45.637974Z  INFO request{request_id=01a0f917-3990-71ca-898a-5103e6320ec5 method=POST path=/v1/transcribe}: gigastt_core::inference::engine::file_stream: transcribe complete (streaming windows) audio_s=16.61 wall_s=1.65 rtf=0.099
2026-10-01T20:10:45.645430Z  INFO request{request_id=01a0f917-400d-746c-8b78-e43c9e24a777 method=POST path=/v1/transcribe}: gigastt_core::inference::audio::wave: Audio (wave): 16000Hz, 1ch (streaming windows)
2026-10-01T20:10:46.051543Z  INFO request{request_id=01a0f917-400d-746c-8b78-e43c9e24a777 method=POST path=/v1/transcribe}: gigastt_core::inference::engine::infer: encoder_inference elapsed_ms=405
2026-10-01T20:10:46.051637Z  INFO request{request_id=01a0f917-400d-746c-8b78-e43c9e24a777 method=POST path=/v1/transcribe}: gigastt_core::inference::engine::file_stream: transcribe complete (streaming windows) audio_s=3.90 wall_s=0.41 rtf=0.104
2026-10-01T20:10:46.058795Z  INFO request{request_id=01a0f917-41aa-71ff-bcd3-e9ee66551b4b method=POST path=/v1/transcribe}: gigastt_core::inference::audio::wave: Audio (wave): 16000Hz, 1ch (streaming windows)
2026-10-01T20:10:46.773081Z  INFO request{request_id=01a0f917-3cf6-741e-8134-0014983b7dd9 method=POST path=/v1/transcribe}: gigastt_core::inference::engine::infer: encoder_inference elapsed_ms=1916
2026-10-01T20:10:46.773264Z  INFO request{request_id=01a0f917-3cf6-741e-8134-0014983b7dd9 method=POST path=/v1/transcribe}: gigastt_core::inference::engine::file_stream: transcribe complete (streaming windows) audio_s=16.58 wall_s=1.92 rtf=0.116
2026-10-01T20:10:46.778909Z  INFO request{request_id=01a0f917-447a-74e5-8d60-4b7a4364bf38 method=POST path=/v1/transcribe}: gigastt_core::inference::audio::wave: Audio (wave): 16000Hz, 1ch (streaming windows)
2026-10-01T20:10:47.036091Z  INFO request{request_id=01a0f917-41aa-71ff-bcd3-e9ee66551b4b method=POST path=/v1/transcribe}: gigastt_core::inference::engine::infer: encoder_inference elapsed_ms=976
2026-10-01T20:10:47.036268Z  INFO request{request_id=01a0f917-41aa-71ff-bcd3-e9ee66551b4b method=POST path=/v1/transcribe}: gigastt_core::inference::engine::file_stream: transcribe complete (streaming windows) audio_s=9.28 wall_s=0.98 rtf=0.105
2026-10-01T20:10:47.040972Z  INFO request{request_id=01a0f917-4580-772e-9b50-01144b853af1 method=POST path=/v1/transcribe}: gigastt_core::inference::audio::wave: Audio (wave): 16000Hz, 1ch (streaming windows)
2026-10-01T20:10:47.097802Z  INFO request{request_id=01a0f917-447a-74e5-8d60-4b7a4364bf38 method=POST path=/v1/transcribe}: gigastt_core::inference::engine::infer: encoder_inference elapsed_ms=318
2026-10-01T20:10:47.097887Z  INFO request{request_id=01a0f917-447a-74e5-8d60-4b7a4364bf38 method=POST path=/v1/transcribe}: gigastt_core::inference::engine::file_stream: transcribe complete (streaming windows) audio_s=2.99 wall_s=0.32 rtf=0.107
2026-10-01T20:10:47.110836Z  INFO request{request_id=01a0f917-45c6-7613-bc81-eaf48f7694fb method=POST path=/v1/transcribe}: gigastt_core::inference::audio::wave: Audio (wave): 16000Hz, 1ch (streaming windows)
2026-10-01T20:10:47.519591Z  INFO request{request_id=01a0f917-4580-772e-9b50-01144b853af1 method=POST path=/v1/transcribe}: gigastt_core::inference::engine::infer: encoder_inference elapsed_ms=478
2026-10-01T20:10:47.519714Z  INFO request{request_id=01a0f917-4580-772e-9b50-01144b853af1 method=POST path=/v1/transcribe}: gigastt_core::inference::engine::file_stream: transcribe complete (streaming windows) audio_s=4.47 wall_s=0.48 rtf=0.107
2026-10-01T20:10:47.534087Z  INFO request{request_id=01a0f917-476d-7072-acf2-3e239e578fb7 method=POST path=/v1/transcribe}: gigastt_core::inference::audio::wave: Audio (wave): 16000Hz, 1ch (streaming windows)
2026-10-01T20:10:47.829918Z  INFO request{request_id=01a0f917-45c6-7613-bc81-eaf48f7694fb method=POST path=/v1/transcribe}: gigastt_core::inference::engine::infer: encoder_inference elapsed_ms=718
2026-10-01T20:10:47.830059Z  INFO request{request_id=01a0f917-45c6-7613-bc81-eaf48f7694fb method=POST path=/v1/transcribe}: gigastt_core::inference::engine::file_stream: transcribe complete (streaming windows) audio_s=7.14 wall_s=0.72 rtf=0.101
2026-10-01T20:10:47.848930Z  INFO request{request_id=01a0f917-48a8-7764-9b88-7acba44df108 method=POST path=/v1/transcribe}: gigastt_core::inference::audio::wave: Audio (wave): 16000Hz, 1ch (streaming windows)
2026-10-01T20:10:48.123384Z  INFO request{request_id=01a0f917-48a8-7764-9b88-7acba44df108 method=POST path=/v1/transcribe}: gigastt_core::inference::engine::infer: encoder_inference elapsed_ms=274
2026-10-01T20:10:48.123466Z  INFO request{request_id=01a0f917-48a8-7764-9b88-7acba44df108 method=POST path=/v1/transcribe}: gigastt_core::inference::engine::file_stream: transcribe complete (streaming windows) audio_s=2.34 wall_s=0.27 rtf=0.117
2026-10-01T20:10:48.132911Z  INFO request{request_id=01a0f917-49c4-70c1-a3e3-c61b064d1da9 method=POST path=/v1/transcribe}: gigastt_core::inference::audio::wave: Audio (wave): 16000Hz, 1ch (streaming windows)
2026-10-01T20:10:50.179959Z  INFO request{request_id=01a0f917-476d-7072-acf2-3e239e578fb7 method=POST path=/v1/transcribe}: gigastt_core::inference::engine::infer: encoder_inference elapsed_ms=2643
2026-10-01T20:10:50.180228Z  INFO request{request_id=01a0f917-476d-7072-acf2-3e239e578fb7 method=POST path=/v1/transcribe}: gigastt_core::inference::engine::file_stream: transcribe complete (streaming windows) audio_s=16.65 wall_s=2.65 rtf=0.159
2026-10-01T20:10:50.189233Z  INFO request{request_id=01a0f917-51cb-7348-aaa6-26b8f1966e0d method=POST path=/v1/transcribe}: gigastt_core::inference::audio::wave: Audio (wave): 16000Hz, 1ch (streaming windows)
2026-10-01T20:10:52.416963Z  INFO request{request_id=01a0f917-49c4-70c1-a3e3-c61b064d1da9 method=POST path=/v1/transcribe}: gigastt_core::inference::engine::infer: encoder_inference elapsed_ms=4282
2026-10-01T20:10:52.417220Z  INFO request{request_id=01a0f917-49c4-70c1-a3e3-c61b064d1da9 method=POST path=/v1/transcribe}: gigastt_core::inference::engine::file_stream: transcribe complete (streaming windows) audio_s=25.78 wall_s=4.28 rtf=0.166
2026-10-01T20:10:52.420103Z  INFO request{request_id=01a0f917-5a83-738b-b09a-852ddb45dcba method=POST path=/v1/transcribe}: gigastt_core::inference::audio::wave: Audio (wave): 16000Hz, 1ch (streaming windows)
2026-10-01T20:10:52.717298Z  INFO request{request_id=01a0f917-51cb-7348-aaa6-26b8f1966e0d method=POST path=/v1/transcribe}: gigastt_core::inference::engine::infer: encoder_inference elapsed_ms=2524
2026-10-01T20:10:52.717590Z  INFO request{request_id=01a0f917-51cb-7348-aaa6-26b8f1966e0d method=POST path=/v1/transcribe}: gigastt_core::inference::engine::file_stream: transcribe complete (streaming windows) audio_s=19.21 wall_s=2.53 rtf=0.132
2026-10-01T20:10:52.733884Z  INFO request{request_id=01a0f917-5bbd-75e1-82c4-04ba7492ce49 method=POST path=/v1/transcribe}: gigastt_core::inference::audio::wave: Audio (wave): 16000Hz, 1ch (streaming windows)
2026-10-01T20:10:52.766649Z  INFO request{request_id=01a0f917-5a83-738b-b09a-852ddb45dcba method=POST path=/v1/transcribe}: gigastt_core::inference::engine::infer: encoder_inference elapsed_ms=346
2026-10-01T20:10:52.766749Z  INFO request{request_id=01a0f917-5a83-738b-b09a-852ddb45dcba method=POST path=/v1/transcribe}: gigastt_core::inference::engine::file_stream: transcribe complete (streaming windows) audio_s=3.01 wall_s=0.35 rtf=0.115
2026-10-01T20:10:52.770314Z  INFO request{request_id=01a0f917-5be1-74ef-b3ab-327b2921e654 method=POST path=/v1/transcribe}: gigastt_core::inference::audio::wave: Audio (wave): 16000Hz, 1ch (streaming windows)
2026-10-01T20:10:53.003909Z  INFO request{request_id=01a0f917-5bbd-75e1-82c4-04ba7492ce49 method=POST path=/v1/transcribe}: gigastt_core::inference::engine::infer: encoder_inference elapsed_ms=269
2026-10-01T20:10:53.003979Z  INFO request{request_id=01a0f917-5bbd-75e1-82c4-04ba7492ce49 method=POST path=/v1/transcribe}: gigastt_core::inference::engine::file_stream: transcribe complete (streaming windows) audio_s=2.20 wall_s=0.27 rtf=0.123
2026-10-01T20:10:53.009745Z  INFO request{request_id=01a0f917-5cd1-75be-a2ec-72c494353c67 method=POST path=/v1/transcribe}: gigastt_core::inference::audio::wave: Audio (wave): 16000Hz, 1ch (streaming windows)
2026-10-01T20:10:53.361689Z  INFO request{request_id=01a0f917-5cd1-75be-a2ec-72c494353c67 method=POST path=/v1/transcribe}: gigastt_core::inference::engine::infer: encoder_inference elapsed_ms=351
2026-10-01T20:10:53.361774Z  INFO request{request_id=01a0f917-5cd1-75be-a2ec-72c494353c67 method=POST path=/v1/transcribe}: gigastt_core::inference::engine::file_stream: transcribe complete (streaming windows) audio_s=3.81 wall_s=0.35 rtf=0.092
2026-10-01T20:10:53.367982Z  INFO request{request_id=01a0f917-5e37-7519-b541-e1942eec7d43 method=POST path=/v1/transcribe}: gigastt_core::inference::audio::wave: Audio (wave): 16000Hz, 1ch (streaming windows)
2026-10-01T20:10:53.531199Z  INFO request{request_id=01a0f917-5e37-7519-b541-e1942eec7d43 method=POST path=/v1/transcribe}: gigastt_core::inference::engine::infer: encoder_inference elapsed_ms=162
2026-10-01T20:10:53.531270Z  INFO request{request_id=01a0f917-5e37-7519-b541-e1942eec7d43 method=POST path=/v1/transcribe}: gigastt_core::inference::engine::file_stream: transcribe complete (streaming windows) audio_s=1.50 wall_s=0.16 rtf=0.109
2026-10-01T20:10:53.536875Z  INFO request{request_id=01a0f917-5ee0-749b-be93-7253b7ba57f5 method=POST path=/v1/transcribe}: gigastt_core::inference::audio::wave: Audio (wave): 16000Hz, 1ch (streaming windows)
2026-10-01T20:10:53.916409Z  INFO request{request_id=01a0f917-5ee0-749b-be93-7253b7ba57f5 method=POST path=/v1/transcribe}: gigastt_core::inference::engine::infer: encoder_inference elapsed_ms=378
2026-10-01T20:10:53.916497Z  INFO request{request_id=01a0f917-5ee0-749b-be93-7253b7ba57f5 method=POST path=/v1/transcribe}: gigastt_core::inference::engine::file_stream: transcribe complete (streaming windows) audio_s=3.80 wall_s=0.38 rtf=0.100
2026-10-01T20:10:53.921158Z  INFO request{request_id=01a0f917-6060-70a5-b739-a8ba9eddc5a8 method=POST path=/v1/transcribe}: gigastt_core::inference::audio::wave: Audio (wave): 16000Hz, 1ch (streaming windows)
2026-10-01T20:10:54.202932Z  INFO request{request_id=01a0f917-5be1-74ef-b3ab-327b2921e654 method=POST path=/v1/transcribe}: gigastt_core::inference::engine::infer: encoder_inference elapsed_ms=1431
2026-10-01T20:10:54.203089Z  INFO request{request_id=01a0f917-5be1-74ef-b3ab-327b2921e654 method=POST path=/v1/transcribe}: gigastt_core::inference::engine::file_stream: transcribe complete (streaming windows) audio_s=13.95 wall_s=1.43 rtf=0.103
2026-10-01T20:10:54.209175Z  INFO request{request_id=01a0f917-6181-75a3-8a9e-5e033e2ba055 method=POST path=/v1/transcribe}: gigastt_core::inference::audio::wave: Audio (wave): 16000Hz, 1ch (streaming windows)
2026-10-01T20:10:54.453223Z  INFO request{request_id=01a0f917-6181-75a3-8a9e-5e033e2ba055 method=POST path=/v1/transcribe}: gigastt_core::inference::engine::infer: encoder_inference elapsed_ms=243
2026-10-01T20:10:54.453298Z  INFO request{request_id=01a0f917-6181-75a3-8a9e-5e033e2ba055 method=POST path=/v1/transcribe}: gigastt_core::inference::engine::file_stream: transcribe complete (streaming windows) audio_s=2.11 wall_s=0.24 rtf=0.116
2026-10-01T20:10:54.460132Z  INFO request{request_id=01a0f917-627b-7203-bb64-ad532b35863e method=POST path=/v1/transcribe}: gigastt_core::inference::audio::wave: Audio (wave): 16000Hz, 1ch (streaming windows)
2026-10-01T20:10:54.606665Z  INFO request{request_id=01a0f917-6060-70a5-b739-a8ba9eddc5a8 method=POST path=/v1/transcribe}: gigastt_core::inference::engine::infer: encoder_inference elapsed_ms=684
2026-10-01T20:10:54.606807Z  INFO request{request_id=01a0f917-6060-70a5-b739-a8ba9eddc5a8 method=POST path=/v1/transcribe}: gigastt_core::inference::engine::file_stream: transcribe complete (streaming windows) audio_s=6.47 wall_s=0.69 rtf=0.106
2026-10-01T20:10:54.613277Z  INFO request{request_id=01a0f917-6315-7126-97e0-2e1fb7dfb0fb method=POST path=/v1/transcribe}: gigastt_core::inference::audio::wave: Audio (wave): 16000Hz, 1ch (streaming windows)
2026-10-01T20:10:55.273584Z  INFO request{request_id=01a0f917-6315-7126-97e0-2e1fb7dfb0fb method=POST path=/v1/transcribe}: gigastt_core::inference::engine::infer: encoder_inference elapsed_ms=659
2026-10-01T20:10:55.273736Z  INFO request{request_id=01a0f917-6315-7126-97e0-2e1fb7dfb0fb method=POST path=/v1/transcribe}: gigastt_core::inference::engine::file_stream: transcribe complete (streaming windows) audio_s=6.13 wall_s=0.66 rtf=0.108
2026-10-01T20:10:55.280610Z  INFO request{request_id=01a0f917-65b0-77e9-a59c-75e0b9e05631 method=POST path=/v1/transcribe}: gigastt_core::inference::audio::wave: Audio (wave): 16000Hz, 1ch (streaming windows)
2026-10-01T20:10:55.784011Z  INFO request{request_id=01a0f917-627b-7203-bb64-ad532b35863e method=POST path=/v1/transcribe}: gigastt_core::inference::engine::infer: encoder_inference elapsed_ms=1322
2026-10-01T20:10:55.784159Z  INFO request{request_id=01a0f917-627b-7203-bb64-ad532b35863e method=POST path=/v1/transcribe}: gigastt_core::inference::engine::file_stream: transcribe complete (streaming windows) audio_s=12.34 wall_s=1.32 rtf=0.107
2026-10-01T20:10:55.791072Z  INFO request{request_id=01a0f917-67ae-763a-90b9-87f5305377f3 method=POST path=/v1/transcribe}: gigastt_core::inference::audio::wave: Audio (wave): 16000Hz, 1ch (streaming windows)
2026-10-01T20:10:55.946270Z  INFO request{request_id=01a0f917-65b0-77e9-a59c-75e0b9e05631 method=POST path=/v1/transcribe}: gigastt_core::inference::engine::infer: encoder_inference elapsed_ms=664
2026-10-01T20:10:55.946429Z  INFO request{request_id=01a0f917-65b0-77e9-a59c-75e0b9e05631 method=POST path=/v1/transcribe}: gigastt_core::inference::engine::file_stream: transcribe complete (streaming windows) audio_s=6.54 wall_s=0.67 rtf=0.102
2026-10-01T20:10:55.956533Z  INFO request{request_id=01a0f917-6854-7648-9eea-bb8b675eb6c5 method=POST path=/v1/transcribe}: gigastt_core::inference::audio::wave: Audio (wave): 16000Hz, 1ch (streaming windows)
2026-10-01T20:10:56.457192Z  INFO request{request_id=01a0f917-67ae-763a-90b9-87f5305377f3 method=POST path=/v1/transcribe}: gigastt_core::inference::engine::infer: encoder_inference elapsed_ms=665
2026-10-01T20:10:56.457420Z  INFO request{request_id=01a0f917-67ae-763a-90b9-87f5305377f3 method=POST path=/v1/transcribe}: gigastt_core::inference::engine::file_stream: transcribe complete (streaming windows) audio_s=5.90 wall_s=0.67 rtf=0.113
2026-10-01T20:10:56.465433Z  INFO request{request_id=01a0f917-6a51-777b-a688-ea4a275e1cc1 method=POST path=/v1/transcribe}: gigastt_core::inference::audio::wave: Audio (wave): 16000Hz, 1ch (streaming windows)
2026-10-01T20:10:56.933679Z  INFO request{request_id=01a0f917-6a51-777b-a688-ea4a275e1cc1 method=POST path=/v1/transcribe}: gigastt_core::inference::engine::infer: encoder_inference elapsed_ms=467
2026-10-01T20:10:56.933770Z  INFO request{request_id=01a0f917-6a51-777b-a688-ea4a275e1cc1 method=POST path=/v1/transcribe}: gigastt_core::inference::engine::file_stream: transcribe complete (streaming windows) audio_s=4.24 wall_s=0.47 rtf=0.110
2026-10-01T20:10:56.948039Z  INFO request{request_id=01a0f917-6c33-7041-bc07-da2bc26384ed method=POST path=/v1/transcribe}: gigastt_core::inference::audio::wave: Audio (wave): 16000Hz, 1ch (streaming windows)
2026-10-01T20:10:57.263604Z  INFO request{request_id=01a0f917-6854-7648-9eea-bb8b675eb6c5 method=POST path=/v1/transcribe}: gigastt_core::inference::engine::infer: encoder_inference elapsed_ms=1305
2026-10-01T20:10:57.263751Z  INFO request{request_id=01a0f917-6854-7648-9eea-bb8b675eb6c5 method=POST path=/v1/transcribe}: gigastt_core::inference::engine::file_stream: transcribe complete (streaming windows) audio_s=10.37 wall_s=1.31 rtf=0.126
2026-10-01T20:10:57.271995Z  INFO request{request_id=01a0f917-6d77-7071-8d11-bb4a8927845c method=POST path=/v1/transcribe}: gigastt_core::inference::audio::wave: Audio (wave): 16000Hz, 1ch (streaming windows)
2026-10-01T20:10:57.700910Z  INFO request{request_id=01a0f917-6d77-7071-8d11-bb4a8927845c method=POST path=/v1/transcribe}: gigastt_core::inference::engine::infer: encoder_inference elapsed_ms=428
2026-10-01T20:10:57.700995Z  INFO request{request_id=01a0f917-6d77-7071-8d11-bb4a8927845c method=POST path=/v1/transcribe}: gigastt_core::inference::engine::file_stream: transcribe complete (streaming windows) audio_s=4.07 wall_s=0.43 rtf=0.105
2026-10-01T20:10:57.726595Z  INFO request{request_id=01a0f917-6f3e-7439-a222-d1ba3009f337 method=POST path=/v1/transcribe}: gigastt_core::inference::audio::wave: Audio (wave): 16000Hz, 1ch (streaming windows)
2026-10-01T20:10:58.187526Z  INFO request{request_id=01a0f917-6c33-7041-bc07-da2bc26384ed method=POST path=/v1/transcribe}: gigastt_core::inference::engine::infer: encoder_inference elapsed_ms=1238
2026-10-01T20:10:58.187734Z  INFO request{request_id=01a0f917-6c33-7041-bc07-da2bc26384ed method=POST path=/v1/transcribe}: gigastt_core::inference::engine::file_stream: transcribe complete (streaming windows) audio_s=10.52 wall_s=1.24 rtf=0.118
2026-10-01T20:10:58.204390Z  INFO request{request_id=01a0f917-711c-75d6-915d-1283f5956ef0 method=POST path=/v1/transcribe}: gigastt_core::inference::audio::wave: Audio (wave): 16000Hz, 1ch (streaming windows)
2026-10-01T20:10:58.463376Z  INFO request{request_id=01a0f917-6f3e-7439-a222-d1ba3009f337 method=POST path=/v1/transcribe}: gigastt_core::inference::engine::infer: encoder_inference elapsed_ms=736
2026-10-01T20:10:58.463525Z  INFO request{request_id=01a0f917-6f3e-7439-a222-d1ba3009f337 method=POST path=/v1/transcribe}: gigastt_core::inference::engine::file_stream: transcribe complete (streaming windows) audio_s=7.68 wall_s=0.74 rtf=0.096
2026-10-01T20:10:58.485231Z  INFO request{request_id=01a0f917-7234-7728-9158-8069aed2acdd method=POST path=/v1/transcribe}: gigastt_core::inference::audio::wave: Audio (wave): 16000Hz, 1ch (streaming windows)
2026-10-01T20:10:58.642324Z  INFO request{request_id=01a0f917-711c-75d6-915d-1283f5956ef0 method=POST path=/v1/transcribe}: gigastt_core::inference::engine::infer: encoder_inference elapsed_ms=437
2026-10-01T20:10:58.642463Z  INFO request{request_id=01a0f917-711c-75d6-915d-1283f5956ef0 method=POST path=/v1/transcribe}: gigastt_core::inference::engine::file_stream: transcribe complete (streaming windows) audio_s=4.18 wall_s=0.44 rtf=0.105
2026-10-01T20:10:58.654294Z  INFO request{request_id=01a0f917-72de-734c-87eb-d11a87730dd2 method=POST path=/v1/transcribe}: gigastt_core::inference::audio::wave: Audio (wave): 16000Hz, 1ch (streaming windows)
2026-10-01T20:10:58.934588Z  INFO request{request_id=01a0f917-72de-734c-87eb-d11a87730dd2 method=POST path=/v1/transcribe}: gigastt_core::inference::engine::infer: encoder_inference elapsed_ms=279
2026-10-01T20:10:58.934684Z  INFO request{request_id=01a0f917-72de-734c-87eb-d11a87730dd2 method=POST path=/v1/transcribe}: gigastt_core::inference::engine::file_stream: transcribe complete (streaming windows) audio_s=2.59 wall_s=0.28 rtf=0.108
2026-10-01T20:10:58.945034Z  INFO request{request_id=01a0f917-7400-7427-b68f-1416de06d5ba method=POST path=/v1/transcribe}: gigastt_core::inference::audio::wave: Audio (wave): 16000Hz, 1ch (streaming windows)
2026-10-01T20:10:59.019617Z  INFO request{request_id=01a0f917-7234-7728-9158-8069aed2acdd method=POST path=/v1/transcribe}: gigastt_core::inference::engine::infer: encoder_inference elapsed_ms=533
2026-10-01T20:10:59.019766Z  INFO request{request_id=01a0f917-7234-7728-9158-8069aed2acdd method=POST path=/v1/transcribe}: gigastt_core::inference::engine::file_stream: transcribe complete (streaming windows) audio_s=4.94 wall_s=0.53 rtf=0.108
2026-10-01T20:10:59.025307Z  INFO request{request_id=01a0f917-7451-708a-9ce0-6e1a10b67084 method=POST path=/v1/transcribe}: gigastt_core::inference::audio::wave: Audio (wave): 16000Hz, 1ch (streaming windows)
2026-10-01T20:10:59.541742Z  INFO request{request_id=01a0f917-7451-708a-9ce0-6e1a10b67084 method=POST path=/v1/transcribe}: gigastt_core::inference::engine::infer: encoder_inference elapsed_ms=515
2026-10-01T20:10:59.541870Z  INFO request{request_id=01a0f917-7451-708a-9ce0-6e1a10b67084 method=POST path=/v1/transcribe}: gigastt_core::inference::engine::file_stream: transcribe complete (streaming windows) audio_s=4.91 wall_s=0.52 rtf=0.105
2026-10-01T20:10:59.555856Z  INFO request{request_id=01a0f917-7663-71f9-9cfc-fec77a187c48 method=POST path=/v1/transcribe}: gigastt_core::inference::audio::wave: Audio (wave): 16000Hz, 1ch (streaming windows)
2026-10-01T20:10:59.981604Z  INFO request{request_id=01a0f917-7663-71f9-9cfc-fec77a187c48 method=POST path=/v1/transcribe}: gigastt_core::inference::engine::infer: encoder_inference elapsed_ms=425
2026-10-01T20:10:59.981710Z  INFO request{request_id=01a0f917-7663-71f9-9cfc-fec77a187c48 method=POST path=/v1/transcribe}: gigastt_core::inference::engine::file_stream: transcribe complete (streaming windows) audio_s=3.78 wall_s=0.43 rtf=0.113
2026-10-01T20:10:59.992530Z  INFO request{request_id=01a0f917-7818-74f0-8a66-f068bb3be1a7 method=POST path=/v1/transcribe}: gigastt_core::inference::audio::wave: Audio (wave): 16000Hz, 1ch (streaming windows)
2026-10-01T20:11:00.398076Z  INFO request{request_id=01a0f917-7818-74f0-8a66-f068bb3be1a7 method=POST path=/v1/transcribe}: gigastt_core::inference::engine::infer: encoder_inference elapsed_ms=405
2026-10-01T20:11:00.398183Z  INFO request{request_id=01a0f917-7818-74f0-8a66-f068bb3be1a7 method=POST path=/v1/transcribe}: gigastt_core::inference::engine::file_stream: transcribe complete (streaming windows) audio_s=3.68 wall_s=0.41 rtf=0.110
2026-10-01T20:11:00.418004Z  INFO request{request_id=01a0f917-79c1-7445-8b2e-57b87476a0c0 method=POST path=/v1/transcribe}: gigastt_core::inference::audio::wave: Audio (wave): 16000Hz, 1ch (streaming windows)
2026-10-01T20:11:01.733259Z  INFO request{request_id=01a0f917-79c1-7445-8b2e-57b87476a0c0 method=POST path=/v1/transcribe}: gigastt_core::inference::engine::infer: encoder_inference elapsed_ms=1313
2026-10-01T20:11:01.733426Z  INFO request{request_id=01a0f917-79c1-7445-8b2e-57b87476a0c0 method=POST path=/v1/transcribe}: gigastt_core::inference::engine::file_stream: transcribe complete (streaming windows) audio_s=11.20 wall_s=1.32 rtf=0.117
2026-10-01T20:11:01.740300Z  INFO request{request_id=01a0f917-7eeb-7197-b468-f5ea7920f0ed method=POST path=/v1/transcribe}: gigastt_core::inference::audio::wave: Audio (wave): 16000Hz, 1ch (streaming windows)
2026-10-01T20:11:02.830332Z  INFO request{request_id=01a0f917-7eeb-7197-b468-f5ea7920f0ed method=POST path=/v1/transcribe}: gigastt_core::inference::engine::infer: encoder_inference elapsed_ms=1089
2026-10-01T20:11:02.830511Z  INFO request{request_id=01a0f917-7eeb-7197-b468-f5ea7920f0ed method=POST path=/v1/transcribe}: gigastt_core::inference::engine::file_stream: transcribe complete (streaming windows) audio_s=8.70 wall_s=1.09 rtf=0.125
2026-10-01T20:11:02.842657Z  INFO request{request_id=01a0f917-833a-74a4-a06a-816d01b4344e method=POST path=/v1/transcribe}: gigastt_core::inference::audio::wave: Audio (wave): 16000Hz, 1ch (streaming windows)
2026-10-01T20:11:02.982412Z  INFO request{request_id=01a0f917-7400-7427-b68f-1416de06d5ba method=POST path=/v1/transcribe}: gigastt_core::inference::engine::infer: encoder_inference elapsed_ms=4034
2026-10-01T20:11:02.982808Z  INFO request{request_id=01a0f917-7400-7427-b68f-1416de06d5ba method=POST path=/v1/transcribe}: gigastt_core::inference::engine::file_stream: transcribe complete (streaming windows) audio_s=26.98 wall_s=4.04 rtf=0.150
2026-10-01T20:11:02.989493Z  INFO request{request_id=01a0f917-83cd-77c4-8b83-4f4f9a214dcf method=POST path=/v1/transcribe}: gigastt_core::inference::audio::wave: Audio (wave): 16000Hz, 1ch (streaming windows)
2026-10-01T20:11:03.182699Z  INFO request{request_id=01a0f917-833a-74a4-a06a-816d01b4344e method=POST path=/v1/transcribe}: gigastt_core::inference::engine::infer: encoder_inference elapsed_ms=339
2026-10-01T20:11:03.182792Z  INFO request{request_id=01a0f917-833a-74a4-a06a-816d01b4344e method=POST path=/v1/transcribe}: gigastt_core::inference::engine::file_stream: transcribe complete (streaming windows) audio_s=2.29 wall_s=0.34 rtf=0.148
2026-10-01T20:11:03.187742Z  INFO request{request_id=01a0f917-8493-746c-bfc0-17f91679eb81 method=POST path=/v1/transcribe}: gigastt_core::inference::audio::wave: Audio (wave): 16000Hz, 1ch (streaming windows)
2026-10-01T20:11:03.545972Z  INFO request{request_id=01a0f917-83cd-77c4-8b83-4f4f9a214dcf method=POST path=/v1/transcribe}: gigastt_core::inference::engine::infer: encoder_inference elapsed_ms=555
2026-10-01T20:11:03.546095Z  INFO request{request_id=01a0f917-83cd-77c4-8b83-4f4f9a214dcf method=POST path=/v1/transcribe}: gigastt_core::inference::engine::file_stream: transcribe complete (streaming windows) audio_s=3.89 wall_s=0.56 rtf=0.143
2026-10-01T20:11:03.554630Z  INFO request{request_id=01a0f917-8602-762e-bb99-eae77ce5d2fb method=POST path=/v1/transcribe}: gigastt_core::inference::audio::wave: Audio (wave): 16000Hz, 1ch (streaming windows)
2026-10-01T20:11:03.942208Z  INFO request{request_id=01a0f917-8493-746c-bfc0-17f91679eb81 method=POST path=/v1/transcribe}: gigastt_core::inference::engine::infer: encoder_inference elapsed_ms=753
2026-10-01T20:11:03.942335Z  INFO request{request_id=01a0f917-8493-746c-bfc0-17f91679eb81 method=POST path=/v1/transcribe}: gigastt_core::inference::engine::file_stream: transcribe complete (streaming windows) audio_s=5.34 wall_s=0.75 rtf=0.141
2026-10-01T20:11:03.948742Z  INFO request{request_id=01a0f917-878b-7009-bf44-ea04d837ebe7 method=POST path=/v1/transcribe}: gigastt_core::inference::audio::wave: Audio (wave): 16000Hz, 1ch (streaming windows)
2026-10-01T20:11:07.419128Z  INFO request{request_id=01a0f917-8602-762e-bb99-eae77ce5d2fb method=POST path=/v1/transcribe}: gigastt_core::inference::engine::infer: encoder_inference elapsed_ms=3861
2026-10-01T20:11:07.419416Z  INFO request{request_id=01a0f917-8602-762e-bb99-eae77ce5d2fb method=POST path=/v1/transcribe}: gigastt_core::inference::engine::file_stream: transcribe complete (streaming windows) audio_s=21.19 wall_s=3.86 rtf=0.182
2026-10-01T20:11:07.434609Z  INFO request{request_id=01a0f917-952a-7521-9406-e6dd04972bfd method=POST path=/v1/transcribe}: gigastt_core::inference::audio::wave: Audio (wave): 16000Hz, 1ch (streaming windows)
2026-10-01T20:11:07.732910Z  INFO request{request_id=01a0f917-878b-7009-bf44-ea04d837ebe7 method=POST path=/v1/transcribe}: gigastt_core::inference::engine::infer: encoder_inference elapsed_ms=3781
2026-10-01T20:11:07.733235Z  INFO request{request_id=01a0f917-878b-7009-bf44-ea04d837ebe7 method=POST path=/v1/transcribe}: gigastt_core::inference::engine::file_stream: transcribe complete (streaming windows) audio_s=21.19 wall_s=3.78 rtf=0.179
2026-10-01T20:11:07.743833Z  INFO request{request_id=01a0f917-965f-7014-9a40-83e4ac527d79 method=POST path=/v1/transcribe}: gigastt_core::inference::audio::wave: Audio (wave): 16000Hz, 1ch (streaming windows)
2026-10-01T20:11:08.076465Z  INFO request{request_id=01a0f917-965f-7014-9a40-83e4ac527d79 method=POST path=/v1/transcribe}: gigastt_core::inference::engine::infer: encoder_inference elapsed_ms=332
2026-10-01T20:11:08.076561Z  INFO request{request_id=01a0f917-965f-7014-9a40-83e4ac527d79 method=POST path=/v1/transcribe}: gigastt_core::inference::engine::file_stream: transcribe complete (streaming windows) audio_s=1.43 wall_s=0.33 rtf=0.233
2026-10-01T20:11:08.085961Z  INFO request{request_id=01a0f917-97b5-75ea-8567-87d5a410aa95 method=POST path=/v1/transcribe}: gigastt_core::inference::audio::wave: Audio (wave): 16000Hz, 1ch (streaming windows)
2026-10-01T20:11:08.391917Z  INFO request{request_id=01a0f917-952a-7521-9406-e6dd04972bfd method=POST path=/v1/transcribe}: gigastt_core::inference::engine::infer: encoder_inference elapsed_ms=956
2026-10-01T20:11:08.392059Z  INFO request{request_id=01a0f917-952a-7521-9406-e6dd04972bfd method=POST path=/v1/transcribe}: gigastt_core::inference::engine::file_stream: transcribe complete (streaming windows) audio_s=5.10 wall_s=0.96 rtf=0.188
2026-10-01T20:11:08.400848Z  INFO request{request_id=01a0f917-98f0-7546-bfc2-537a86a0bca6 method=POST path=/v1/transcribe}: gigastt_core::inference::audio::wave: Audio (wave): 16000Hz, 1ch (streaming windows)
2026-10-01T20:11:11.392647Z  INFO request{request_id=01a0f917-98f0-7546-bfc2-537a86a0bca6 method=POST path=/v1/transcribe}: gigastt_core::inference::engine::infer: encoder_inference elapsed_ms=2989
2026-10-01T20:11:11.392946Z  INFO request{request_id=01a0f917-98f0-7546-bfc2-537a86a0bca6 method=POST path=/v1/transcribe}: gigastt_core::inference::engine::file_stream: transcribe complete (streaming windows) audio_s=19.36 wall_s=2.99 rtf=0.155
2026-10-01T20:11:11.407689Z  INFO request{request_id=01a0f917-a4ae-71a0-a4ce-13825480b344 method=POST path=/v1/transcribe}: gigastt_core::inference::audio::wave: Audio (wave): 16000Hz, 1ch (streaming windows)
2026-10-01T20:11:13.168394Z  INFO request{request_id=01a0f917-97b5-75ea-8567-87d5a410aa95 method=POST path=/v1/transcribe}: gigastt_core::inference::engine::infer: encoder_inference elapsed_ms=5079
2026-10-01T20:11:13.168820Z  INFO request{request_id=01a0f917-97b5-75ea-8567-87d5a410aa95 method=POST path=/v1/transcribe}: gigastt_core::inference::engine::file_stream: transcribe complete (streaming windows) audio_s=26.91 wall_s=5.08 rtf=0.189
2026-10-01T20:11:13.174488Z  INFO request{request_id=01a0f917-ab95-71b1-bec6-0f8f079c4760 method=POST path=/v1/transcribe}: gigastt_core::inference::audio::wave: Audio (wave): 16000Hz, 1ch (streaming windows)
2026-10-01T20:11:15.152417Z  INFO request{request_id=01a0f917-a4ae-71a0-a4ce-13825480b344 method=POST path=/v1/transcribe}: gigastt_core::inference::engine::infer: encoder_inference elapsed_ms=3740
2026-10-01T20:11:15.152670Z  INFO request{request_id=01a0f917-a4ae-71a0-a4ce-13825480b344 method=POST path=/v1/transcribe}: gigastt_core::inference::engine::file_stream: transcribe complete (streaming windows) audio_s=22.30 wall_s=3.74 rtf=0.168
2026-10-01T20:11:15.159934Z  INFO request{request_id=01a0f917-b357-7045-895e-6a14b0dbe735 method=POST path=/v1/transcribe}: gigastt_core::inference::audio::wave: Audio (wave): 16000Hz, 1ch (streaming windows)
2026-10-01T20:11:15.356515Z  INFO request{request_id=01a0f917-ab95-71b1-bec6-0f8f079c4760 method=POST path=/v1/transcribe}: gigastt_core::inference::engine::infer: encoder_inference elapsed_ms=2180
2026-10-01T20:11:15.356761Z  INFO request{request_id=01a0f917-ab95-71b1-bec6-0f8f079c4760 method=POST path=/v1/transcribe}: gigastt_core::inference::engine::file_stream: transcribe complete (streaming windows) audio_s=14.88 wall_s=2.18 rtf=0.147
2026-10-01T20:11:15.360295Z  INFO request{request_id=01a0f917-b420-73d8-a9df-1973e19424ac method=POST path=/v1/transcribe}: gigastt_core::inference::audio::wave: Audio (wave): 16000Hz, 1ch (streaming windows)
2026-10-01T20:11:15.793123Z  INFO request{request_id=01a0f917-b357-7045-895e-6a14b0dbe735 method=POST path=/v1/transcribe}: gigastt_core::inference::engine::infer: encoder_inference elapsed_ms=632
2026-10-01T20:11:15.793247Z  INFO request{request_id=01a0f917-b357-7045-895e-6a14b0dbe735 method=POST path=/v1/transcribe}: gigastt_core::inference::engine::file_stream: transcribe complete (streaming windows) audio_s=4.95 wall_s=0.63 rtf=0.128
2026-10-01T20:11:15.797244Z  INFO request{request_id=01a0f917-b5d4-720d-aa95-d5c524b7ec43 method=POST path=/v1/transcribe}: gigastt_core::inference::audio::wave: Audio (wave): 16000Hz, 1ch (streaming windows)
2026-10-01T20:11:15.983657Z  INFO request{request_id=01a0f917-b420-73d8-a9df-1973e19424ac method=POST path=/v1/transcribe}: gigastt_core::inference::engine::infer: encoder_inference elapsed_ms=622
2026-10-01T20:11:15.983765Z  INFO request{request_id=01a0f917-b420-73d8-a9df-1973e19424ac method=POST path=/v1/transcribe}: gigastt_core::inference::engine::file_stream: transcribe complete (streaming windows) audio_s=4.82 wall_s=0.62 rtf=0.129
2026-10-01T20:11:16.003137Z  INFO request{request_id=01a0f917-b6a2-716f-8359-2d5d4db0f9ee method=POST path=/v1/transcribe}: gigastt_core::inference::audio::wave: Audio (wave): 16000Hz, 1ch (streaming windows)
2026-10-01T20:11:16.765960Z  INFO request{request_id=01a0f917-b5d4-720d-aa95-d5c524b7ec43 method=POST path=/v1/transcribe}: gigastt_core::inference::engine::infer: encoder_inference elapsed_ms=967
2026-10-01T20:11:16.766121Z  INFO request{request_id=01a0f917-b5d4-720d-aa95-d5c524b7ec43 method=POST path=/v1/transcribe}: gigastt_core::inference::engine::file_stream: transcribe complete (streaming windows) audio_s=7.46 wall_s=0.97 rtf=0.130
2026-10-01T20:11:16.772788Z  INFO request{request_id=01a0f917-b9a4-76cb-9073-6a8bc4db3164 method=POST path=/v1/transcribe}: gigastt_core::inference::audio::wave: Audio (wave): 16000Hz, 1ch (streaming windows)
2026-10-01T20:11:17.708540Z  INFO request{request_id=01a0f917-b9a4-76cb-9073-6a8bc4db3164 method=POST path=/v1/transcribe}: gigastt_core::inference::engine::infer: encoder_inference elapsed_ms=934
2026-10-01T20:11:17.708670Z  INFO request{request_id=01a0f917-b9a4-76cb-9073-6a8bc4db3164 method=POST path=/v1/transcribe}: gigastt_core::inference::engine::file_stream: transcribe complete (streaming windows) audio_s=7.32 wall_s=0.94 rtf=0.128
2026-10-01T20:11:17.716180Z  INFO request{request_id=01a0f917-bd53-7589-abb3-29d193325edb method=POST path=/v1/transcribe}: gigastt_core::inference::audio::wave: Audio (wave): 16000Hz, 1ch (streaming windows)
2026-10-01T20:11:18.447142Z  INFO request{request_id=01a0f917-b6a2-716f-8359-2d5d4db0f9ee method=POST path=/v1/transcribe}: gigastt_core::inference::engine::infer: encoder_inference elapsed_ms=2440
2026-10-01T20:11:18.447464Z  INFO request{request_id=01a0f917-b6a2-716f-8359-2d5d4db0f9ee method=POST path=/v1/transcribe}: gigastt_core::inference::engine::file_stream: transcribe complete (streaming windows) audio_s=20.54 wall_s=2.44 rtf=0.119
2026-10-01T20:11:18.451249Z  INFO request{request_id=01a0f917-c032-727e-88da-c3231c394a09 method=POST path=/v1/transcribe}: gigastt_core::inference::audio::wave: Audio (wave): 16000Hz, 1ch (streaming windows)
2026-10-01T20:11:19.289069Z  INFO request{request_id=01a0f917-bd53-7589-abb3-29d193325edb method=POST path=/v1/transcribe}: gigastt_core::inference::engine::infer: encoder_inference elapsed_ms=1571
2026-10-01T20:11:19.289321Z  INFO request{request_id=01a0f917-bd53-7589-abb3-29d193325edb method=POST path=/v1/transcribe}: gigastt_core::inference::engine::file_stream: transcribe complete (streaming windows) audio_s=14.94 wall_s=1.57 rtf=0.105
2026-10-01T20:11:19.295770Z  INFO request{request_id=01a0f917-c37f-75d9-a08e-c644f798b8e7 method=POST path=/v1/transcribe}: gigastt_core::inference::audio::wave: Audio (wave): 16000Hz, 1ch (streaming windows)
2026-10-01T20:11:19.460022Z  INFO request{request_id=01a0f917-c032-727e-88da-c3231c394a09 method=POST path=/v1/transcribe}: gigastt_core::inference::engine::infer: encoder_inference elapsed_ms=1007
2026-10-01T20:11:19.460172Z  INFO request{request_id=01a0f917-c032-727e-88da-c3231c394a09 method=POST path=/v1/transcribe}: gigastt_core::inference::engine::file_stream: transcribe complete (streaming windows) audio_s=10.12 wall_s=1.01 rtf=0.100
2026-10-01T20:11:19.466310Z  INFO request{request_id=01a0f917-c42a-71bc-9c31-9fae0b3d2abd method=POST path=/v1/transcribe}: gigastt_core::inference::audio::wave: Audio (wave): 16000Hz, 1ch (streaming windows)
2026-10-01T20:11:19.837038Z  INFO request{request_id=01a0f917-c37f-75d9-a08e-c644f798b8e7 method=POST path=/v1/transcribe}: gigastt_core::inference::engine::infer: encoder_inference elapsed_ms=540
2026-10-01T20:11:19.837144Z  INFO request{request_id=01a0f917-c37f-75d9-a08e-c644f798b8e7 method=POST path=/v1/transcribe}: gigastt_core::inference::engine::file_stream: transcribe complete (streaming windows) audio_s=5.33 wall_s=0.54 rtf=0.102
2026-10-01T20:11:19.844210Z  INFO request{request_id=01a0f917-c5a3-76e6-a1c5-2205579c662c method=POST path=/v1/transcribe}: gigastt_core::inference::audio::wave: Audio (wave): 16000Hz, 1ch (streaming windows)
2026-10-01T20:11:20.244627Z  INFO request{request_id=01a0f917-c42a-71bc-9c31-9fae0b3d2abd method=POST path=/v1/transcribe}: gigastt_core::inference::engine::infer: encoder_inference elapsed_ms=777
2026-10-01T20:11:20.244737Z  INFO request{request_id=01a0f917-c42a-71bc-9c31-9fae0b3d2abd method=POST path=/v1/transcribe}: gigastt_core::inference::engine::file_stream: transcribe complete (streaming windows) audio_s=8.17 wall_s=0.78 rtf=0.095
2026-10-01T20:11:20.247974Z  INFO request{request_id=01a0f917-c737-7246-8c7e-90dd93935749 method=POST path=/v1/transcribe}: gigastt_core::inference::audio::wave: Audio (wave): 16000Hz, 1ch (streaming windows)
2026-10-01T20:11:20.704307Z  INFO request{request_id=01a0f917-c737-7246-8c7e-90dd93935749 method=POST path=/v1/transcribe}: gigastt_core::inference::engine::infer: encoder_inference elapsed_ms=455
2026-10-01T20:11:20.704417Z  INFO request{request_id=01a0f917-c737-7246-8c7e-90dd93935749 method=POST path=/v1/transcribe}: gigastt_core::inference::engine::file_stream: transcribe complete (streaming windows) audio_s=4.16 wall_s=0.46 rtf=0.110
2026-10-01T20:11:20.711572Z  INFO request{request_id=01a0f917-c907-765f-905d-08612facacec method=POST path=/v1/transcribe}: gigastt_core::inference::audio::wave: Audio (wave): 16000Hz, 1ch (streaming windows)
2026-10-01T20:11:22.120776Z  INFO request{request_id=01a0f917-c907-765f-905d-08612facacec method=POST path=/v1/transcribe}: gigastt_core::inference::engine::infer: encoder_inference elapsed_ms=1407
2026-10-01T20:11:22.120990Z  INFO request{request_id=01a0f917-c907-765f-905d-08612facacec method=POST path=/v1/transcribe}: gigastt_core::inference::engine::file_stream: transcribe complete (streaming windows) audio_s=12.84 wall_s=1.41 rtf=0.110
2026-10-01T20:11:22.124231Z  INFO request{request_id=01a0f917-c5a3-76e6-a1c5-2205579c662c method=POST path=/v1/transcribe}: gigastt_core::inference::engine::infer: encoder_inference elapsed_ms=2278
2026-10-01T20:11:22.124440Z  INFO request{request_id=01a0f917-c5a3-76e6-a1c5-2205579c662c method=POST path=/v1/transcribe}: gigastt_core::inference::engine::file_stream: transcribe complete (streaming windows) audio_s=20.76 wall_s=2.28 rtf=0.110
2026-10-01T20:11:22.127342Z  INFO request{request_id=01a0f917-ce8f-75cb-8d58-bf0c0d6881c6 method=POST path=/v1/transcribe}: gigastt_core::inference::audio::wave: Audio (wave): 16000Hz, 1ch (streaming windows)
2026-10-01T20:11:22.128973Z  INFO request{request_id=01a0f917-ce90-70a8-aec1-6995f57d573a method=POST path=/v1/transcribe}: gigastt_core::inference::audio::wave: Audio (wave): 16000Hz, 1ch (streaming windows)
2026-10-01T20:11:22.400277Z  INFO request{request_id=01a0f917-ce8f-75cb-8d58-bf0c0d6881c6 method=POST path=/v1/transcribe}: gigastt_core::inference::engine::infer: encoder_inference elapsed_ms=272
2026-10-01T20:11:22.400358Z  INFO request{request_id=01a0f917-ce8f-75cb-8d58-bf0c0d6881c6 method=POST path=/v1/transcribe}: gigastt_core::inference::engine::file_stream: transcribe complete (streaming windows) audio_s=2.12 wall_s=0.27 rtf=0.129
2026-10-01T20:11:22.406834Z  INFO request{request_id=01a0f917-cfa6-700f-b7b6-17663f1ae220 method=POST path=/v1/transcribe}: gigastt_core::inference::audio::wave: Audio (wave): 16000Hz, 1ch (streaming windows)
2026-10-01T20:11:22.716601Z  INFO request{request_id=01a0f917-ce90-70a8-aec1-6995f57d573a method=POST path=/v1/transcribe}: gigastt_core::inference::engine::infer: encoder_inference elapsed_ms=587
2026-10-01T20:11:22.716697Z  INFO request{request_id=01a0f917-ce90-70a8-aec1-6995f57d573a method=POST path=/v1/transcribe}: gigastt_core::inference::engine::file_stream: transcribe complete (streaming windows) audio_s=6.48 wall_s=0.59 rtf=0.091
2026-10-01T20:11:22.722567Z  INFO request{request_id=01a0f917-d0e2-71ce-8bd4-95833463804b method=POST path=/v1/transcribe}: gigastt_core::inference::audio::wave: Audio (wave): 16000Hz, 1ch (streaming windows)
2026-10-01T20:11:23.374477Z  INFO request{request_id=01a0f917-d0e2-71ce-8bd4-95833463804b method=POST path=/v1/transcribe}: gigastt_core::inference::engine::infer: encoder_inference elapsed_ms=651
2026-10-01T20:11:23.374586Z  INFO request{request_id=01a0f917-d0e2-71ce-8bd4-95833463804b method=POST path=/v1/transcribe}: gigastt_core::inference::engine::file_stream: transcribe complete (streaming windows) audio_s=6.53 wall_s=0.65 rtf=0.100
2026-10-01T20:11:23.402159Z  INFO request{request_id=01a0f917-cfa6-700f-b7b6-17663f1ae220 method=POST path=/v1/transcribe}: gigastt_core::inference::engine::infer: encoder_inference elapsed_ms=994
2026-10-01T20:11:23.402337Z  INFO request{request_id=01a0f917-cfa6-700f-b7b6-17663f1ae220 method=POST path=/v1/transcribe}: gigastt_core::inference::engine::file_stream: transcribe complete (streaming windows) audio_s=9.30 wall_s=1.00 rtf=0.107
2026-10-01T20:11:23.407947Z  INFO request{request_id=01a0f917-d38f-7152-a7f5-c97cbc117a25 method=POST path=/v1/transcribe}: gigastt_core::inference::audio::wave: Audio (wave): 16000Hz, 1ch (streaming windows)
2026-10-01T20:11:23.412514Z  INFO request{request_id=01a0f917-d394-7396-a1ee-60cc5ceacabc method=POST path=/v1/transcribe}: gigastt_core::inference::audio::wave: Audio (wave): 16000Hz, 1ch (streaming windows)
2026-10-01T20:11:25.246653Z  INFO request{request_id=01a0f917-d394-7396-a1ee-60cc5ceacabc method=POST path=/v1/transcribe}: gigastt_core::inference::engine::infer: encoder_inference elapsed_ms=1832
2026-10-01T20:11:25.247105Z  INFO request{request_id=01a0f917-d394-7396-a1ee-60cc5ceacabc method=POST path=/v1/transcribe}: gigastt_core::inference::engine::file_stream: transcribe complete (streaming windows) audio_s=12.37 wall_s=1.83 rtf=0.148
2026-10-01T20:11:25.257941Z  INFO request{request_id=01a0f917-dac9-7534-ba95-757ef82c3959 method=POST path=/v1/transcribe}: gigastt_core::inference::audio::wave: Audio (wave): 16000Hz, 1ch (streaming windows)
2026-10-01T20:11:26.557008Z  INFO request{request_id=01a0f917-d38f-7152-a7f5-c97cbc117a25 method=POST path=/v1/transcribe}: gigastt_core::inference::engine::infer: encoder_inference elapsed_ms=3147
2026-10-01T20:11:26.557323Z  INFO request{request_id=01a0f917-d38f-7152-a7f5-c97cbc117a25 method=POST path=/v1/transcribe}: gigastt_core::inference::engine::file_stream: transcribe complete (streaming windows) audio_s=19.51 wall_s=3.15 rtf=0.161
2026-10-01T20:11:26.564784Z  INFO request{request_id=01a0f917-dfe4-7341-a280-11d0201a8b40 method=POST path=/v1/transcribe}: gigastt_core::inference::audio::wave: Audio (wave): 16000Hz, 1ch (streaming windows)
2026-10-01T20:11:26.792493Z  INFO request{request_id=01a0f917-dac9-7534-ba95-757ef82c3959 method=POST path=/v1/transcribe}: gigastt_core::inference::engine::infer: encoder_inference elapsed_ms=1532
2026-10-01T20:11:26.792675Z  INFO request{request_id=01a0f917-dac9-7534-ba95-757ef82c3959 method=POST path=/v1/transcribe}: gigastt_core::inference::engine::file_stream: transcribe complete (streaming windows) audio_s=10.00 wall_s=1.53 rtf=0.153
2026-10-01T20:11:26.799208Z  INFO request{request_id=01a0f917-e0ce-71cb-a4a4-c838af09fcc5 method=POST path=/v1/transcribe}: gigastt_core::inference::audio::wave: Audio (wave): 16000Hz, 1ch (streaming windows)
2026-10-01T20:11:27.406841Z  INFO request{request_id=01a0f917-e0ce-71cb-a4a4-c838af09fcc5 method=POST path=/v1/transcribe}: gigastt_core::inference::engine::infer: encoder_inference elapsed_ms=606
2026-10-01T20:11:27.406985Z  INFO request{request_id=01a0f917-e0ce-71cb-a4a4-c838af09fcc5 method=POST path=/v1/transcribe}: gigastt_core::inference::engine::file_stream: transcribe complete (streaming windows) audio_s=5.59 wall_s=0.61 rtf=0.109
2026-10-01T20:11:27.413324Z  INFO request{request_id=01a0f917-e335-70e7-8557-ab3daa6ce99d method=POST path=/v1/transcribe}: gigastt_core::inference::audio::wave: Audio (wave): 16000Hz, 1ch (streaming windows)
2026-10-01T20:11:27.800356Z  INFO request{request_id=01a0f917-dfe4-7341-a280-11d0201a8b40 method=POST path=/v1/transcribe}: gigastt_core::inference::engine::infer: encoder_inference elapsed_ms=1234
2026-10-01T20:11:27.800496Z  INFO request{request_id=01a0f917-dfe4-7341-a280-11d0201a8b40 method=POST path=/v1/transcribe}: gigastt_core::inference::engine::file_stream: transcribe complete (streaming windows) audio_s=10.93 wall_s=1.24 rtf=0.113
2026-10-01T20:11:27.811465Z  INFO request{request_id=01a0f917-e4c3-7301-b798-4542b6cb6596 method=POST path=/v1/transcribe}: gigastt_core::inference::audio::wave: Audio (wave): 16000Hz, 1ch (streaming windows)
2026-10-01T20:11:27.832081Z  INFO request{request_id=01a0f917-e335-70e7-8557-ab3daa6ce99d method=POST path=/v1/transcribe}: gigastt_core::inference::engine::infer: encoder_inference elapsed_ms=417
2026-10-01T20:11:27.832177Z  INFO request{request_id=01a0f917-e335-70e7-8557-ab3daa6ce99d method=POST path=/v1/transcribe}: gigastt_core::inference::engine::file_stream: transcribe complete (streaming windows) audio_s=4.27 wall_s=0.42 rtf=0.098
2026-10-01T20:11:27.848534Z  INFO request{request_id=01a0f917-e4e8-71e6-8332-90e9817a59bd method=POST path=/v1/transcribe}: gigastt_core::inference::audio::wave: Audio (wave): 16000Hz, 1ch (streaming windows)
2026-10-01T20:11:28.493687Z  INFO request{request_id=01a0f917-e4e8-71e6-8332-90e9817a59bd method=POST path=/v1/transcribe}: gigastt_core::inference::engine::infer: encoder_inference elapsed_ms=644
2026-10-01T20:11:28.493792Z  INFO request{request_id=01a0f917-e4e8-71e6-8332-90e9817a59bd method=POST path=/v1/transcribe}: gigastt_core::inference::engine::file_stream: transcribe complete (streaming windows) audio_s=5.99 wall_s=0.65 rtf=0.108
2026-10-01T20:11:28.512118Z  INFO request{request_id=01a0f917-e77f-7545-9f32-7477e0e15ea3 method=POST path=/v1/transcribe}: gigastt_core::inference::audio::wave: Audio (wave): 16000Hz, 1ch (streaming windows)
2026-10-01T20:11:29.258694Z  INFO request{request_id=01a0f917-e4c3-7301-b798-4542b6cb6596 method=POST path=/v1/transcribe}: gigastt_core::inference::engine::infer: encoder_inference elapsed_ms=1446
2026-10-01T20:11:29.258952Z  INFO request{request_id=01a0f917-e4c3-7301-b798-4542b6cb6596 method=POST path=/v1/transcribe}: gigastt_core::inference::engine::file_stream: transcribe complete (streaming windows) audio_s=12.72 wall_s=1.45 rtf=0.114
2026-10-01T20:11:29.265743Z  INFO request{request_id=01a0f917-ea71-7273-9a51-cbb70dac2a1a method=POST path=/v1/transcribe}: gigastt_core::inference::audio::wave: Audio (wave): 16000Hz, 1ch (streaming windows)
2026-10-01T20:11:29.769325Z  INFO request{request_id=01a0f917-ea71-7273-9a51-cbb70dac2a1a method=POST path=/v1/transcribe}: gigastt_core::inference::engine::infer: encoder_inference elapsed_ms=502
2026-10-01T20:11:29.769438Z  INFO request{request_id=01a0f917-ea71-7273-9a51-cbb70dac2a1a method=POST path=/v1/transcribe}: gigastt_core::inference::engine::file_stream: transcribe complete (streaming windows) audio_s=4.56 wall_s=0.50 rtf=0.110
2026-10-01T20:11:29.780091Z  INFO request{request_id=01a0f917-ec73-7775-8b11-0610923dcb4c method=POST path=/v1/transcribe}: gigastt_core::inference::audio::wave: Audio (wave): 16000Hz, 1ch (streaming windows)
2026-10-01T20:11:30.325925Z  INFO request{request_id=01a0f917-ec73-7775-8b11-0610923dcb4c method=POST path=/v1/transcribe}: gigastt_core::inference::engine::infer: encoder_inference elapsed_ms=545
2026-10-01T20:11:30.326064Z  INFO request{request_id=01a0f917-ec73-7775-8b11-0610923dcb4c method=POST path=/v1/transcribe}: gigastt_core::inference::engine::file_stream: transcribe complete (streaming windows) audio_s=5.01 wall_s=0.55 rtf=0.109
2026-10-01T20:11:30.339840Z  INFO request{request_id=01a0f917-eea3-73da-b6d4-44d5b95ce074 method=POST path=/v1/transcribe}: gigastt_core::inference::audio::wave: Audio (wave): 16000Hz, 1ch (streaming windows)
2026-10-01T20:11:30.978851Z  INFO request{request_id=01a0f917-eea3-73da-b6d4-44d5b95ce074 method=POST path=/v1/transcribe}: gigastt_core::inference::engine::infer: encoder_inference elapsed_ms=638
2026-10-01T20:11:30.978971Z  INFO request{request_id=01a0f917-eea3-73da-b6d4-44d5b95ce074 method=POST path=/v1/transcribe}: gigastt_core::inference::engine::file_stream: transcribe complete (streaming windows) audio_s=6.43 wall_s=0.64 rtf=0.099
2026-10-01T20:11:30.990898Z  INFO request{request_id=01a0f917-f12e-712c-a3f1-d7ca518ee003 method=POST path=/v1/transcribe}: gigastt_core::inference::audio::wave: Audio (wave): 16000Hz, 1ch (streaming windows)
2026-10-01T20:11:31.422851Z  INFO request{request_id=01a0f917-e77f-7545-9f32-7477e0e15ea3 method=POST path=/v1/transcribe}: gigastt_core::inference::engine::infer: encoder_inference elapsed_ms=2908
2026-10-01T20:11:31.423425Z  INFO request{request_id=01a0f917-e77f-7545-9f32-7477e0e15ea3 method=POST path=/v1/transcribe}: gigastt_core::inference::engine::file_stream: transcribe complete (streaming windows) audio_s=22.45 wall_s=2.91 rtf=0.130
2026-10-01T20:11:31.444960Z  INFO request{request_id=01a0f917-f2f4-7387-ae02-12f8fa936224 method=POST path=/v1/transcribe}: gigastt_core::inference::audio::wave: Audio (wave): 16000Hz, 1ch (streaming windows)
2026-10-01T20:11:31.742433Z  INFO request{request_id=01a0f917-f2f4-7387-ae02-12f8fa936224 method=POST path=/v1/transcribe}: gigastt_core::inference::engine::infer: encoder_inference elapsed_ms=295
2026-10-01T20:11:31.742526Z  INFO request{request_id=01a0f917-f2f4-7387-ae02-12f8fa936224 method=POST path=/v1/transcribe}: gigastt_core::inference::engine::file_stream: transcribe complete (streaming windows) audio_s=2.27 wall_s=0.30 rtf=0.131
2026-10-01T20:11:31.753619Z  INFO request{request_id=01a0f917-f429-7605-8d49-d4149983ef9c method=POST path=/v1/transcribe}: gigastt_core::inference::audio::wave: Audio (wave): 16000Hz, 1ch (streaming windows)
2026-10-01T20:11:32.064716Z  INFO request{request_id=01a0f917-f429-7605-8d49-d4149983ef9c method=POST path=/v1/transcribe}: gigastt_core::inference::engine::infer: encoder_inference elapsed_ms=310
2026-10-01T20:11:32.064809Z  INFO request{request_id=01a0f917-f429-7605-8d49-d4149983ef9c method=POST path=/v1/transcribe}: gigastt_core::inference::engine::file_stream: transcribe complete (streaming windows) audio_s=2.11 wall_s=0.31 rtf=0.147
2026-10-01T20:11:32.071636Z  INFO request{request_id=01a0f917-f567-7762-9a7a-6c50d6ab39e7 method=POST path=/v1/transcribe}: gigastt_core::inference::audio::wave: Audio (wave): 16000Hz, 1ch (streaming windows)
2026-10-01T20:11:32.162213Z  INFO request{request_id=01a0f917-f12e-712c-a3f1-d7ca518ee003 method=POST path=/v1/transcribe}: gigastt_core::inference::engine::infer: encoder_inference elapsed_ms=1170
2026-10-01T20:11:32.162346Z  INFO request{request_id=01a0f917-f12e-712c-a3f1-d7ca518ee003 method=POST path=/v1/transcribe}: gigastt_core::inference::engine::file_stream: transcribe complete (streaming windows) audio_s=10.34 wall_s=1.17 rtf=0.113
2026-10-01T20:11:32.173845Z  INFO request{request_id=01a0f917-f5cc-738f-af94-367e08495ec8 method=POST path=/v1/transcribe}: gigastt_core::inference::audio::wave: Audio (wave): 16000Hz, 1ch (streaming windows)
2026-10-01T20:11:33.002478Z  INFO request{request_id=01a0f917-f567-7762-9a7a-6c50d6ab39e7 method=POST path=/v1/transcribe}: gigastt_core::inference::engine::infer: encoder_inference elapsed_ms=929
2026-10-01T20:11:33.002594Z  INFO request{request_id=01a0f917-f567-7762-9a7a-6c50d6ab39e7 method=POST path=/v1/transcribe}: gigastt_core::inference::engine::file_stream: transcribe complete (streaming windows) audio_s=7.86 wall_s=0.93 rtf=0.119
2026-10-01T20:11:33.039628Z  INFO request{request_id=01a0f917-f92f-72dc-9314-369902db87e4 method=POST path=/v1/transcribe}: gigastt_core::inference::audio::wave: Audio (wave): 16000Hz, 1ch (streaming windows)
2026-10-01T20:11:33.446661Z  INFO request{request_id=01a0f917-f92f-72dc-9314-369902db87e4 method=POST path=/v1/transcribe}: gigastt_core::inference::engine::infer: encoder_inference elapsed_ms=406
2026-10-01T20:11:33.446758Z  INFO request{request_id=01a0f917-f92f-72dc-9314-369902db87e4 method=POST path=/v1/transcribe}: gigastt_core::inference::engine::file_stream: transcribe complete (streaming windows) audio_s=3.57 wall_s=0.41 rtf=0.114
2026-10-01T20:11:33.453192Z  INFO request{request_id=01a0f917-facc-7172-a944-df1f45051ec1 method=POST path=/v1/transcribe}: gigastt_core::inference::audio::wave: Audio (wave): 16000Hz, 1ch (streaming windows)
2026-10-01T20:11:33.967798Z  INFO request{request_id=01a0f917-facc-7172-a944-df1f45051ec1 method=POST path=/v1/transcribe}: gigastt_core::inference::engine::infer: encoder_inference elapsed_ms=513
2026-10-01T20:11:33.967881Z  INFO request{request_id=01a0f917-facc-7172-a944-df1f45051ec1 method=POST path=/v1/transcribe}: gigastt_core::inference::engine::file_stream: transcribe complete (streaming windows) audio_s=4.96 wall_s=0.51 rtf=0.104
2026-10-01T20:11:33.980139Z  INFO request{request_id=01a0f917-fcdb-77df-9548-4c775b19f36a method=POST path=/v1/transcribe}: gigastt_core::inference::audio::wave: Audio (wave): 16000Hz, 1ch (streaming windows)
2026-10-01T20:11:34.635463Z  INFO request{request_id=01a0f917-fcdb-77df-9548-4c775b19f36a method=POST path=/v1/transcribe}: gigastt_core::inference::engine::infer: encoder_inference elapsed_ms=654
2026-10-01T20:11:34.635577Z  INFO request{request_id=01a0f917-fcdb-77df-9548-4c775b19f36a method=POST path=/v1/transcribe}: gigastt_core::inference::engine::file_stream: transcribe complete (streaming windows) audio_s=7.07 wall_s=0.66 rtf=0.093
2026-10-01T20:11:34.643493Z  INFO request{request_id=01a0f917-ff73-7208-9da1-8a6ac9214445 method=POST path=/v1/transcribe}: gigastt_core::inference::audio::wave: Audio (wave): 16000Hz, 1ch (streaming windows)
2026-10-01T20:11:36.495437Z  INFO request{request_id=01a0f917-ff73-7208-9da1-8a6ac9214445 method=POST path=/v1/transcribe}: gigastt_core::inference::engine::infer: encoder_inference elapsed_ms=1849
2026-10-01T20:11:36.495619Z  INFO request{request_id=01a0f917-ff73-7208-9da1-8a6ac9214445 method=POST path=/v1/transcribe}: gigastt_core::inference::engine::file_stream: transcribe complete (streaming windows) audio_s=17.59 wall_s=1.85 rtf=0.105
2026-10-01T20:11:36.502286Z  INFO request{request_id=01a0f918-06b6-71a8-890e-5110877bad4e method=POST path=/v1/transcribe}: gigastt_core::inference::audio::wave: Audio (wave): 16000Hz, 1ch (streaming windows)
2026-10-01T20:11:36.880724Z  INFO request{request_id=01a0f918-06b6-71a8-890e-5110877bad4e method=POST path=/v1/transcribe}: gigastt_core::inference::engine::infer: encoder_inference elapsed_ms=374
2026-10-01T20:11:36.880816Z  INFO request{request_id=01a0f918-06b6-71a8-890e-5110877bad4e method=POST path=/v1/transcribe}: gigastt_core::inference::engine::file_stream: transcribe complete (streaming windows) audio_s=3.57 wall_s=0.38 rtf=0.106
2026-10-01T20:11:36.886926Z  INFO request{request_id=01a0f918-0836-70b5-ba3c-500707492f4a method=POST path=/v1/transcribe}: gigastt_core::inference::audio::wave: Audio (wave): 16000Hz, 1ch (streaming windows)
2026-10-01T20:11:36.993647Z  INFO request{request_id=01a0f917-f5cc-738f-af94-367e08495ec8 method=POST path=/v1/transcribe}: gigastt_core::inference::engine::infer: encoder_inference elapsed_ms=4817
2026-10-01T20:11:36.994059Z  INFO request{request_id=01a0f917-f5cc-738f-af94-367e08495ec8 method=POST path=/v1/transcribe}: gigastt_core::inference::engine::file_stream: transcribe complete (streaming windows) audio_s=29.79 wall_s=4.82 rtf=0.162
2026-10-01T20:11:37.000678Z  INFO request{request_id=01a0f918-08a8-70f0-9fab-cfa1e41fd43a method=POST path=/v1/transcribe}: gigastt_core::inference::audio::wave: Audio (wave): 16000Hz, 1ch (streaming windows)
2026-10-01T20:11:37.370630Z  INFO request{request_id=01a0f918-08a8-70f0-9fab-cfa1e41fd43a method=POST path=/v1/transcribe}: gigastt_core::inference::engine::infer: encoder_inference elapsed_ms=369
2026-10-01T20:11:37.370734Z  INFO request{request_id=01a0f918-08a8-70f0-9fab-cfa1e41fd43a method=POST path=/v1/transcribe}: gigastt_core::inference::engine::file_stream: transcribe complete (streaming windows) audio_s=3.32 wall_s=0.37 rtf=0.112
2026-10-01T20:11:37.376546Z  INFO request{request_id=01a0f918-0a20-76d5-ac60-e03863913e38 method=POST path=/v1/transcribe}: gigastt_core::inference::audio::wave: Audio (wave): 16000Hz, 1ch (streaming windows)
2026-10-01T20:11:37.732166Z  INFO request{request_id=01a0f918-0836-70b5-ba3c-500707492f4a method=POST path=/v1/transcribe}: gigastt_core::inference::engine::infer: encoder_inference elapsed_ms=844
2026-10-01T20:11:37.732287Z  INFO request{request_id=01a0f918-0836-70b5-ba3c-500707492f4a method=POST path=/v1/transcribe}: gigastt_core::inference::engine::file_stream: transcribe complete (streaming windows) audio_s=8.46 wall_s=0.85 rtf=0.100
2026-10-01T20:11:37.738685Z  INFO request{request_id=01a0f918-0b8a-7590-b989-3bd1ca768445 method=POST path=/v1/transcribe}: gigastt_core::inference::audio::wave: Audio (wave): 16000Hz, 1ch (streaming windows)
2026-10-01T20:11:37.786409Z  INFO request{request_id=01a0f918-0a20-76d5-ac60-e03863913e38 method=POST path=/v1/transcribe}: gigastt_core::inference::engine::infer: encoder_inference elapsed_ms=409
2026-10-01T20:11:37.786531Z  INFO request{request_id=01a0f918-0a20-76d5-ac60-e03863913e38 method=POST path=/v1/transcribe}: gigastt_core::inference::engine::file_stream: transcribe complete (streaming windows) audio_s=3.57 wall_s=0.41 rtf=0.115
2026-10-01T20:11:37.789614Z  INFO request{request_id=01a0f918-0bbd-76cd-8e8e-0d236c600a93 method=POST path=/v1/transcribe}: gigastt_core::inference::audio::wave: Audio (wave): 16000Hz, 1ch (streaming windows)
2026-10-01T20:11:38.500737Z  INFO request{request_id=01a0f918-0b8a-7590-b989-3bd1ca768445 method=POST path=/v1/transcribe}: gigastt_core::inference::engine::infer: encoder_inference elapsed_ms=761
2026-10-01T20:11:38.500867Z  INFO request{request_id=01a0f918-0b8a-7590-b989-3bd1ca768445 method=POST path=/v1/transcribe}: gigastt_core::inference::engine::file_stream: transcribe complete (streaming windows) audio_s=7.45 wall_s=0.76 rtf=0.102
2026-10-01T20:11:38.507078Z  INFO request{request_id=01a0f918-0e8a-73d6-97d8-dd9bd7b1ec69 method=POST path=/v1/transcribe}: gigastt_core::inference::audio::wave: Audio (wave): 16000Hz, 1ch (streaming windows)
2026-10-01T20:11:38.559193Z  INFO request{request_id=01a0f918-0bbd-76cd-8e8e-0d236c600a93 method=POST path=/v1/transcribe}: gigastt_core::inference::engine::infer: encoder_inference elapsed_ms=768
2026-10-01T20:11:38.559369Z  INFO request{request_id=01a0f918-0bbd-76cd-8e8e-0d236c600a93 method=POST path=/v1/transcribe}: gigastt_core::inference::engine::file_stream: transcribe complete (streaming windows) audio_s=7.50 wall_s=0.77 rtf=0.103
2026-10-01T20:11:38.562538Z  INFO request{request_id=01a0f918-0ec2-761c-b3a8-7efec5e7cb40 method=POST path=/v1/transcribe}: gigastt_core::inference::audio::wave: Audio (wave): 16000Hz, 1ch (streaming windows)
2026-10-01T20:11:38.782301Z  INFO request{request_id=01a0f918-0ec2-761c-b3a8-7efec5e7cb40 method=POST path=/v1/transcribe}: gigastt_core::inference::engine::infer: encoder_inference elapsed_ms=219
2026-10-01T20:11:38.782369Z  INFO request{request_id=01a0f918-0ec2-761c-b3a8-7efec5e7cb40 method=POST path=/v1/transcribe}: gigastt_core::inference::engine::file_stream: transcribe complete (streaming windows) audio_s=1.76 wall_s=0.22 rtf=0.125
2026-10-01T20:11:38.788688Z  INFO request{request_id=01a0f918-0fa4-7596-9699-565a1c189084 method=POST path=/v1/transcribe}: gigastt_core::inference::audio::wave: Audio (wave): 16000Hz, 1ch (streaming windows)
2026-10-01T20:11:39.022184Z  INFO request{request_id=01a0f918-0e8a-73d6-97d8-dd9bd7b1ec69 method=POST path=/v1/transcribe}: gigastt_core::inference::engine::infer: encoder_inference elapsed_ms=514
2026-10-01T20:11:39.022277Z  INFO request{request_id=01a0f918-0e8a-73d6-97d8-dd9bd7b1ec69 method=POST path=/v1/transcribe}: gigastt_core::inference::engine::file_stream: transcribe complete (streaming windows) audio_s=5.39 wall_s=0.52 rtf=0.096
2026-10-01T20:11:39.029323Z  INFO request{request_id=01a0f918-1094-7700-b9e2-1be647a1150c method=POST path=/v1/transcribe}: gigastt_core::inference::audio::wave: Audio (wave): 16000Hz, 1ch (streaming windows)
2026-10-01T20:11:39.550835Z  INFO request{request_id=01a0f918-0fa4-7596-9699-565a1c189084 method=POST path=/v1/transcribe}: gigastt_core::inference::engine::infer: encoder_inference elapsed_ms=761
2026-10-01T20:11:39.550951Z  INFO request{request_id=01a0f918-0fa4-7596-9699-565a1c189084 method=POST path=/v1/transcribe}: gigastt_core::inference::engine::file_stream: transcribe complete (streaming windows) audio_s=7.24 wall_s=0.76 rtf=0.105
2026-10-01T20:11:39.558317Z  INFO request{request_id=01a0f918-12a5-770a-b9e5-c7e5f31658a1 method=POST path=/v1/transcribe}: gigastt_core::inference::audio::wave: Audio (wave): 16000Hz, 1ch (streaming windows)
2026-10-01T20:11:41.948609Z  INFO request{request_id=01a0f918-1094-7700-b9e2-1be647a1150c method=POST path=/v1/transcribe}: gigastt_core::inference::engine::infer: encoder_inference elapsed_ms=2916
2026-10-01T20:11:41.948843Z  INFO request{request_id=01a0f918-1094-7700-b9e2-1be647a1150c method=POST path=/v1/transcribe}: gigastt_core::inference::engine::file_stream: transcribe complete (streaming windows) audio_s=23.21 wall_s=2.92 rtf=0.126
2026-10-01T20:11:41.964045Z  INFO request{request_id=01a0f918-1c0b-722a-9df7-a44f4040490d method=POST path=/v1/transcribe}: gigastt_core::inference::audio::wave: Audio (wave): 16000Hz, 1ch (streaming windows)
2026-10-01T20:11:42.635706Z  INFO request{request_id=01a0f918-12a5-770a-b9e5-c7e5f31658a1 method=POST path=/v1/transcribe}: gigastt_core::inference::engine::infer: encoder_inference elapsed_ms=3075
2026-10-01T20:11:42.635946Z  INFO request{request_id=01a0f918-12a5-770a-b9e5-c7e5f31658a1 method=POST path=/v1/transcribe}: gigastt_core::inference::engine::file_stream: transcribe complete (streaming windows) audio_s=23.41 wall_s=3.08 rtf=0.131
2026-10-01T20:11:42.641957Z  INFO request{request_id=01a0f918-1eb1-70d2-8a69-3d3c2da16d41 method=POST path=/v1/transcribe}: gigastt_core::inference::audio::wave: Audio (wave): 16000Hz, 1ch (streaming windows)
2026-10-01T20:11:42.859176Z  INFO request{request_id=01a0f918-1c0b-722a-9df7-a44f4040490d method=POST path=/v1/transcribe}: gigastt_core::inference::engine::infer: encoder_inference elapsed_ms=894
2026-10-01T20:11:42.859300Z  INFO request{request_id=01a0f918-1c0b-722a-9df7-a44f4040490d method=POST path=/v1/transcribe}: gigastt_core::inference::engine::file_stream: transcribe complete (streaming windows) audio_s=9.29 wall_s=0.90 rtf=0.096
2026-10-01T20:11:42.867166Z  INFO request{request_id=01a0f918-1f92-72c4-b13b-a71d3e710339 method=POST path=/v1/transcribe}: gigastt_core::inference::audio::wave: Audio (wave): 16000Hz, 1ch (streaming windows)
2026-10-01T20:11:42.977238Z  INFO request{request_id=01a0f918-1eb1-70d2-8a69-3d3c2da16d41 method=POST path=/v1/transcribe}: gigastt_core::inference::engine::infer: encoder_inference elapsed_ms=334
2026-10-01T20:11:42.977340Z  INFO request{request_id=01a0f918-1eb1-70d2-8a69-3d3c2da16d41 method=POST path=/v1/transcribe}: gigastt_core::inference::engine::file_stream: transcribe complete (streaming windows) audio_s=3.37 wall_s=0.34 rtf=0.100
2026-10-01T20:11:42.984010Z  INFO request{request_id=01a0f918-2007-77f4-ae40-b1ed51e58a10 method=POST path=/v1/transcribe}: gigastt_core::inference::audio::wave: Audio (wave): 16000Hz, 1ch (streaming windows)
2026-10-01T20:11:44.271539Z  INFO request{request_id=01a0f918-1f92-72c4-b13b-a71d3e710339 method=POST path=/v1/transcribe}: gigastt_core::inference::engine::infer: encoder_inference elapsed_ms=1403
2026-10-01T20:11:44.271706Z  INFO request{request_id=01a0f918-1f92-72c4-b13b-a71d3e710339 method=POST path=/v1/transcribe}: gigastt_core::inference::engine::file_stream: transcribe complete (streaming windows) audio_s=14.58 wall_s=1.40 rtf=0.096
2026-10-01T20:11:44.280605Z  INFO request{request_id=01a0f918-2518-7028-9c91-9275fa2b001a method=POST path=/v1/transcribe}: gigastt_core::inference::audio::wave: Audio (wave): 16000Hz, 1ch (streaming windows)
2026-10-01T20:11:44.983432Z  INFO request{request_id=01a0f918-2007-77f4-ae40-b1ed51e58a10 method=POST path=/v1/transcribe}: gigastt_core::inference::engine::infer: encoder_inference elapsed_ms=1997
2026-10-01T20:11:44.983647Z  INFO request{request_id=01a0f918-2007-77f4-ae40-b1ed51e58a10 method=POST path=/v1/transcribe}: gigastt_core::inference::engine::file_stream: transcribe complete (streaming windows) audio_s=20.43 wall_s=2.00 rtf=0.098
2026-10-01T20:11:44.990742Z  INFO request{request_id=01a0f918-27de-728b-b61d-993b93ce44b4 method=POST path=/v1/transcribe}: gigastt_core::inference::audio::wave: Audio (wave): 16000Hz, 1ch (streaming windows)
2026-10-01T20:11:46.339713Z  INFO request{request_id=01a0f918-2518-7028-9c91-9275fa2b001a method=POST path=/v1/transcribe}: gigastt_core::inference::engine::infer: encoder_inference elapsed_ms=2057
2026-10-01T20:11:46.340001Z  INFO request{request_id=01a0f918-2518-7028-9c91-9275fa2b001a method=POST path=/v1/transcribe}: gigastt_core::inference::engine::file_stream: transcribe complete (streaming windows) audio_s=20.23 wall_s=2.06 rtf=0.102
2026-10-01T20:11:46.347285Z  INFO request{request_id=01a0f918-2d2a-7173-9dd3-2c54ccb52813 method=POST path=/v1/transcribe}: gigastt_core::inference::audio::wave: Audio (wave): 16000Hz, 1ch (streaming windows)
2026-10-01T20:11:46.579520Z  INFO request{request_id=01a0f918-27de-728b-b61d-993b93ce44b4 method=POST path=/v1/transcribe}: gigastt_core::inference::engine::infer: encoder_inference elapsed_ms=1587
2026-10-01T20:11:46.579783Z  INFO request{request_id=01a0f918-27de-728b-b61d-993b93ce44b4 method=POST path=/v1/transcribe}: gigastt_core::inference::engine::file_stream: transcribe complete (streaming windows) audio_s=15.99 wall_s=1.59 rtf=0.099
2026-10-01T20:11:46.588502Z  INFO request{request_id=01a0f918-2e1c-70fa-a0a4-9b24c4a04ff3 method=POST path=/v1/transcribe}: gigastt_core::inference::audio::wave: Audio (wave): 16000Hz, 1ch (streaming windows)
2026-10-01T20:11:46.816041Z  INFO request{request_id=01a0f918-2e1c-70fa-a0a4-9b24c4a04ff3 method=POST path=/v1/transcribe}: gigastt_core::inference::engine::infer: encoder_inference elapsed_ms=227
2026-10-01T20:11:46.816120Z  INFO request{request_id=01a0f918-2e1c-70fa-a0a4-9b24c4a04ff3 method=POST path=/v1/transcribe}: gigastt_core::inference::engine::file_stream: transcribe complete (streaming windows) audio_s=1.90 wall_s=0.23 rtf=0.120
2026-10-01T20:11:46.824535Z  INFO request{request_id=01a0f918-2f08-77ba-9619-f8caca0af1ab method=POST path=/v1/transcribe}: gigastt_core::inference::audio::wave: Audio (wave): 16000Hz, 1ch (streaming windows)
2026-10-01T20:11:47.043296Z  INFO request{request_id=01a0f918-2f08-77ba-9619-f8caca0af1ab method=POST path=/v1/transcribe}: gigastt_core::inference::engine::infer: encoder_inference elapsed_ms=218
2026-10-01T20:11:47.043361Z  INFO request{request_id=01a0f918-2f08-77ba-9619-f8caca0af1ab method=POST path=/v1/transcribe}: gigastt_core::inference::engine::file_stream: transcribe complete (streaming windows) audio_s=1.78 wall_s=0.22 rtf=0.123
2026-10-01T20:11:47.052603Z  INFO request{request_id=01a0f918-2fec-72e8-8174-972201811d1c method=POST path=/v1/transcribe}: gigastt_core::inference::audio::wave: Audio (wave): 16000Hz, 1ch (streaming windows)
2026-10-01T20:11:47.244769Z  INFO request{request_id=01a0f918-2fec-72e8-8174-972201811d1c method=POST path=/v1/transcribe}: gigastt_core::inference::engine::infer: encoder_inference elapsed_ms=191
2026-10-01T20:11:47.244832Z  INFO request{request_id=01a0f918-2fec-72e8-8174-972201811d1c method=POST path=/v1/transcribe}: gigastt_core::inference::engine::file_stream: transcribe complete (streaming windows) audio_s=1.48 wall_s=0.19 rtf=0.130
2026-10-01T20:11:47.258946Z  INFO request{request_id=01a0f918-30ba-7111-a598-81dd43fd73de method=POST path=/v1/transcribe}: gigastt_core::inference::audio::wave: Audio (wave): 16000Hz, 1ch (streaming windows)
2026-10-01T20:11:47.522293Z  INFO request{request_id=01a0f918-30ba-7111-a598-81dd43fd73de method=POST path=/v1/transcribe}: gigastt_core::inference::engine::infer: encoder_inference elapsed_ms=263
2026-10-01T20:11:47.522381Z  INFO request{request_id=01a0f918-30ba-7111-a598-81dd43fd73de method=POST path=/v1/transcribe}: gigastt_core::inference::engine::file_stream: transcribe complete (streaming windows) audio_s=2.23 wall_s=0.26 rtf=0.118
2026-10-01T20:11:47.537029Z  INFO request{request_id=01a0f918-31d0-72fe-bef1-6b67c6b64479 method=POST path=/v1/transcribe}: gigastt_core::inference::audio::wave: Audio (wave): 16000Hz, 1ch (streaming windows)
2026-10-01T20:11:47.940208Z  INFO request{request_id=01a0f918-2d2a-7173-9dd3-2c54ccb52813 method=POST path=/v1/transcribe}: gigastt_core::inference::engine::infer: encoder_inference elapsed_ms=1591
2026-10-01T20:11:47.940377Z  INFO request{request_id=01a0f918-2d2a-7173-9dd3-2c54ccb52813 method=POST path=/v1/transcribe}: gigastt_core::inference::engine::file_stream: transcribe complete (streaming windows) audio_s=15.99 wall_s=1.59 rtf=0.100
2026-10-01T20:11:47.943100Z  INFO request{request_id=01a0f918-31d0-72fe-bef1-6b67c6b64479 method=POST path=/v1/transcribe}: gigastt_core::inference::engine::infer: encoder_inference elapsed_ms=405
2026-10-01T20:11:47.943210Z  INFO request{request_id=01a0f918-31d0-72fe-bef1-6b67c6b64479 method=POST path=/v1/transcribe}: gigastt_core::inference::engine::file_stream: transcribe complete (streaming windows) audio_s=3.79 wall_s=0.41 rtf=0.107
2026-10-01T20:11:47.962898Z  INFO request{request_id=01a0f918-337a-718f-9a7e-f145fdaa9aed method=POST path=/v1/transcribe}: gigastt_core::inference::audio::wave: Audio (wave): 16000Hz, 1ch (streaming windows)
2026-10-01T20:11:47.973857Z  INFO request{request_id=01a0f918-3385-777f-a681-476fe60422a1 method=POST path=/v1/transcribe}: gigastt_core::inference::audio::wave: Audio (wave): 16000Hz, 1ch (streaming windows)
2026-10-01T20:11:48.313945Z  INFO request{request_id=01a0f918-337a-718f-9a7e-f145fdaa9aed method=POST path=/v1/transcribe}: gigastt_core::inference::engine::infer: encoder_inference elapsed_ms=350
2026-10-01T20:11:48.314060Z  INFO request{request_id=01a0f918-337a-718f-9a7e-f145fdaa9aed method=POST path=/v1/transcribe}: gigastt_core::inference::engine::file_stream: transcribe complete (streaming windows) audio_s=3.13 wall_s=0.35 rtf=0.112
2026-10-01T20:11:48.320228Z  INFO request{request_id=01a0f918-34e0-7549-8054-6e8061faa77e method=POST path=/v1/transcribe}: gigastt_core::inference::audio::wave: Audio (wave): 16000Hz, 1ch (streaming windows)
2026-10-01T20:11:48.531907Z  INFO request{request_id=01a0f918-3385-777f-a681-476fe60422a1 method=POST path=/v1/transcribe}: gigastt_core::inference::engine::infer: encoder_inference elapsed_ms=557
2026-10-01T20:11:48.532037Z  INFO request{request_id=01a0f918-3385-777f-a681-476fe60422a1 method=POST path=/v1/transcribe}: gigastt_core::inference::engine::file_stream: transcribe complete (streaming windows) audio_s=5.23 wall_s=0.56 rtf=0.107
2026-10-01T20:11:48.579015Z  INFO request{request_id=01a0f918-34e0-7549-8054-6e8061faa77e method=POST path=/v1/transcribe}: gigastt_core::inference::engine::infer: encoder_inference elapsed_ms=258
2026-10-01T20:11:48.579079Z  INFO request{request_id=01a0f918-34e0-7549-8054-6e8061faa77e method=POST path=/v1/transcribe}: gigastt_core::inference::engine::file_stream: transcribe complete (streaming windows) audio_s=2.12 wall_s=0.26 rtf=0.122
2026-10-01T20:11:48.592410Z  INFO request{request_id=01a0f918-35ef-746d-a945-1f274adc6036 method=POST path=/v1/transcribe}: gigastt_core::inference::audio::wave: Audio (wave): 16000Hz, 1ch (streaming windows)
2026-10-01T20:11:48.593654Z  INFO request{request_id=01a0f918-35f1-7211-ba36-f8440b9b2f4d method=POST path=/v1/transcribe}: gigastt_core::inference::audio::wave: Audio (wave): 16000Hz, 1ch (streaming windows)
2026-10-01T20:11:50.612019Z  INFO request{request_id=01a0f918-35ef-746d-a945-1f274adc6036 method=POST path=/v1/transcribe}: gigastt_core::inference::engine::infer: encoder_inference elapsed_ms=2017
2026-10-01T20:11:50.612222Z  INFO request{request_id=01a0f918-35ef-746d-a945-1f274adc6036 method=POST path=/v1/transcribe}: gigastt_core::inference::engine::file_stream: transcribe complete (streaming windows) audio_s=17.71 wall_s=2.02 rtf=0.114
2026-10-01T20:11:50.618745Z  INFO request{request_id=01a0f918-3dda-777b-b978-6cfbf8ac841f method=POST path=/v1/transcribe}: gigastt_core::inference::audio::wave: Audio (wave): 16000Hz, 1ch (streaming windows)
2026-10-01T20:11:50.699675Z  INFO request{request_id=01a0f918-35f1-7211-ba36-f8440b9b2f4d method=POST path=/v1/transcribe}: gigastt_core::inference::engine::infer: encoder_inference elapsed_ms=2104
2026-10-01T20:11:50.699890Z  INFO request{request_id=01a0f918-35f1-7211-ba36-f8440b9b2f4d method=POST path=/v1/transcribe}: gigastt_core::inference::engine::file_stream: transcribe complete (streaming windows) audio_s=17.91 wall_s=2.11 rtf=0.118
2026-10-01T20:11:50.703514Z  INFO request{request_id=01a0f918-3e2f-753b-bb9f-6d83794dd9fe method=POST path=/v1/transcribe}: gigastt_core::inference::audio::wave: Audio (wave): 16000Hz, 1ch (streaming windows)
2026-10-01T20:11:51.021659Z  INFO request{request_id=01a0f918-3dda-777b-b978-6cfbf8ac841f method=POST path=/v1/transcribe}: gigastt_core::inference::engine::infer: encoder_inference elapsed_ms=402
2026-10-01T20:11:51.021738Z  INFO request{request_id=01a0f918-3dda-777b-b978-6cfbf8ac841f method=POST path=/v1/transcribe}: gigastt_core::inference::engine::file_stream: transcribe complete (streaming windows) audio_s=4.03 wall_s=0.40 rtf=0.100
2026-10-01T20:11:51.028303Z  INFO request{request_id=01a0f918-3f74-729f-bada-be8913b021f2 method=POST path=/v1/transcribe}: gigastt_core::inference::audio::wave: Audio (wave): 16000Hz, 1ch (streaming windows)
2026-10-01T20:11:51.312410Z  INFO request{request_id=01a0f918-3f74-729f-bada-be8913b021f2 method=POST path=/v1/transcribe}: gigastt_core::inference::engine::infer: encoder_inference elapsed_ms=283
2026-10-01T20:11:51.312491Z  INFO request{request_id=01a0f918-3f74-729f-bada-be8913b021f2 method=POST path=/v1/transcribe}: gigastt_core::inference::engine::file_stream: transcribe complete (streaming windows) audio_s=2.76 wall_s=0.28 rtf=0.103
2026-10-01T20:11:51.318731Z  INFO request{request_id=01a0f918-4096-7030-b7b1-0089141656df method=POST path=/v1/transcribe}: gigastt_core::inference::audio::wave: Audio (wave): 16000Hz, 1ch (streaming windows)
2026-10-01T20:11:51.729027Z  INFO request{request_id=01a0f918-3e2f-753b-bb9f-6d83794dd9fe method=POST path=/v1/transcribe}: gigastt_core::inference::engine::infer: encoder_inference elapsed_ms=1024
2026-10-01T20:11:51.729154Z  INFO request{request_id=01a0f918-3e2f-753b-bb9f-6d83794dd9fe method=POST path=/v1/transcribe}: gigastt_core::inference::engine::file_stream: transcribe complete (streaming windows) audio_s=10.96 wall_s=1.03 rtf=0.094
2026-10-01T20:11:51.732888Z  INFO request{request_id=01a0f918-4234-74b4-9494-685926642da9 method=POST path=/v1/transcribe}: gigastt_core::inference::audio::wave: Audio (wave): 16000Hz, 1ch (streaming windows)
2026-10-01T20:11:51.900131Z  INFO request{request_id=01a0f918-4234-74b4-9494-685926642da9 method=POST path=/v1/transcribe}: gigastt_core::inference::engine::infer: encoder_inference elapsed_ms=167
2026-10-01T20:11:51.900215Z  INFO request{request_id=01a0f918-4234-74b4-9494-685926642da9 method=POST path=/v1/transcribe}: gigastt_core::inference::engine::file_stream: transcribe complete (streaming windows) audio_s=1.45 wall_s=0.17 rtf=0.116
2026-10-01T20:11:51.905770Z  INFO request{request_id=01a0f918-42e1-735b-bd2c-dbe221932270 method=POST path=/v1/transcribe}: gigastt_core::inference::audio::wave: Audio (wave): 16000Hz, 1ch (streaming windows)
2026-10-01T20:11:52.404092Z  INFO request{request_id=01a0f918-42e1-735b-bd2c-dbe221932270 method=POST path=/v1/transcribe}: gigastt_core::inference::engine::infer: encoder_inference elapsed_ms=497
2026-10-01T20:11:52.404240Z  INFO request{request_id=01a0f918-42e1-735b-bd2c-dbe221932270 method=POST path=/v1/transcribe}: gigastt_core::inference::engine::file_stream: transcribe complete (streaming windows) audio_s=4.99 wall_s=0.50 rtf=0.100
2026-10-01T20:11:52.409679Z  INFO request{request_id=01a0f918-44d9-75e5-b46d-7dd1db7954b4 method=POST path=/v1/transcribe}: gigastt_core::inference::audio::wave: Audio (wave): 16000Hz, 1ch (streaming windows)
2026-10-01T20:11:52.810856Z  INFO request{request_id=01a0f918-44d9-75e5-b46d-7dd1db7954b4 method=POST path=/v1/transcribe}: gigastt_core::inference::engine::infer: encoder_inference elapsed_ms=400
2026-10-01T20:11:52.810983Z  INFO request{request_id=01a0f918-44d9-75e5-b46d-7dd1db7954b4 method=POST path=/v1/transcribe}: gigastt_core::inference::engine::file_stream: transcribe complete (streaming windows) audio_s=3.62 wall_s=0.40 rtf=0.111
2026-10-01T20:11:52.816657Z  INFO request{request_id=01a0f918-4670-7273-bee8-0690478a62ad method=POST path=/v1/transcribe}: gigastt_core::inference::audio::wave: Audio (wave): 16000Hz, 1ch (streaming windows)
2026-10-01T20:11:53.024390Z  INFO request{request_id=01a0f918-4096-7030-b7b1-0089141656df method=POST path=/v1/transcribe}: gigastt_core::inference::engine::infer: encoder_inference elapsed_ms=1704
2026-10-01T20:11:53.024554Z  INFO request{request_id=01a0f918-4096-7030-b7b1-0089141656df method=POST path=/v1/transcribe}: gigastt_core::inference::engine::file_stream: transcribe complete (streaming windows) audio_s=15.11 wall_s=1.71 rtf=0.113
2026-10-01T20:11:53.027563Z  INFO request{request_id=01a0f918-4743-744d-80d6-23d47f33ac57 method=POST path=/v1/transcribe}: gigastt_core::inference::audio::wave: Audio (wave): 16000Hz, 1ch (streaming windows)
2026-10-01T20:11:53.601160Z  INFO request{request_id=01a0f918-4670-7273-bee8-0690478a62ad method=POST path=/v1/transcribe}: gigastt_core::inference::engine::infer: encoder_inference elapsed_ms=783
2026-10-01T20:11:53.601307Z  INFO request{request_id=01a0f918-4670-7273-bee8-0690478a62ad method=POST path=/v1/transcribe}: gigastt_core::inference::engine::file_stream: transcribe complete (streaming windows) audio_s=7.56 wall_s=0.78 rtf=0.104
2026-10-01T20:11:53.604055Z  INFO request{request_id=01a0f918-4983-77c8-9810-7a2e3ca46dc2 method=POST path=/v1/transcribe}: gigastt_core::inference::audio::wave: Audio (wave): 16000Hz, 1ch (streaming windows)
2026-10-01T20:11:54.108114Z  INFO request{request_id=01a0f918-4983-77c8-9810-7a2e3ca46dc2 method=POST path=/v1/transcribe}: gigastt_core::inference::engine::infer: encoder_inference elapsed_ms=503
2026-10-01T20:11:54.108241Z  INFO request{request_id=01a0f918-4983-77c8-9810-7a2e3ca46dc2 method=POST path=/v1/transcribe}: gigastt_core::inference::engine::file_stream: transcribe complete (streaming windows) audio_s=4.81 wall_s=0.50 rtf=0.105
2026-10-01T20:11:54.121866Z  INFO request{request_id=01a0f918-4b89-7139-b759-847fc53a8f08 method=POST path=/v1/transcribe}: gigastt_core::inference::audio::wave: Audio (wave): 16000Hz, 1ch (streaming windows)
2026-10-01T20:11:54.676115Z  INFO request{request_id=01a0f918-4b89-7139-b759-847fc53a8f08 method=POST path=/v1/transcribe}: gigastt_core::inference::engine::infer: encoder_inference elapsed_ms=553
2026-10-01T20:11:54.676268Z  INFO request{request_id=01a0f918-4b89-7139-b759-847fc53a8f08 method=POST path=/v1/transcribe}: gigastt_core::inference::engine::file_stream: transcribe complete (streaming windows) audio_s=5.11 wall_s=0.55 rtf=0.109
2026-10-01T20:11:54.682132Z  INFO request{request_id=01a0f918-4dba-718d-91a7-d71ab00be31d method=POST path=/v1/transcribe}: gigastt_core::inference::audio::wave: Audio (wave): 16000Hz, 1ch (streaming windows)
2026-10-01T20:11:54.864613Z  INFO request{request_id=01a0f918-4743-744d-80d6-23d47f33ac57 method=POST path=/v1/transcribe}: gigastt_core::inference::engine::infer: encoder_inference elapsed_ms=1835
2026-10-01T20:11:54.864849Z  INFO request{request_id=01a0f918-4743-744d-80d6-23d47f33ac57 method=POST path=/v1/transcribe}: gigastt_core::inference::engine::file_stream: transcribe complete (streaming windows) audio_s=17.16 wall_s=1.84 rtf=0.107
2026-10-01T20:11:54.880004Z  INFO request{request_id=01a0f918-4e7f-7645-ab75-53623ed3d4ce method=POST path=/v1/transcribe}: gigastt_core::inference::audio::wave: Audio (wave): 16000Hz, 1ch (streaming windows)
2026-10-01T20:11:54.907589Z  INFO request{request_id=01a0f918-4dba-718d-91a7-d71ab00be31d method=POST path=/v1/transcribe}: gigastt_core::inference::engine::infer: encoder_inference elapsed_ms=225
2026-10-01T20:11:54.907668Z  INFO request{request_id=01a0f918-4dba-718d-91a7-d71ab00be31d method=POST path=/v1/transcribe}: gigastt_core::inference::engine::file_stream: transcribe complete (streaming windows) audio_s=1.92 wall_s=0.23 rtf=0.117
2026-10-01T20:11:54.911822Z  INFO request{request_id=01a0f918-4e9f-7484-9ca0-1fcf310f0c60 method=POST path=/v1/transcribe}: gigastt_core::inference::audio::wave: Audio (wave): 16000Hz, 1ch (streaming windows)
2026-10-01T20:11:55.702453Z  INFO request{request_id=01a0f918-4e9f-7484-9ca0-1fcf310f0c60 method=POST path=/v1/transcribe}: gigastt_core::inference::engine::infer: encoder_inference elapsed_ms=789
2026-10-01T20:11:55.702604Z  INFO request{request_id=01a0f918-4e9f-7484-9ca0-1fcf310f0c60 method=POST path=/v1/transcribe}: gigastt_core::inference::engine::file_stream: transcribe complete (streaming windows) audio_s=7.77 wall_s=0.79 rtf=0.102
2026-10-01T20:11:55.710517Z  INFO request{request_id=01a0f918-51be-7203-a55a-5ec285af98cd method=POST path=/v1/transcribe}: gigastt_core::inference::audio::wave: Audio (wave): 16000Hz, 1ch (streaming windows)
2026-10-01T20:11:55.786219Z  INFO request{request_id=01a0f918-4e7f-7645-ab75-53623ed3d4ce method=POST path=/v1/transcribe}: gigastt_core::inference::engine::infer: encoder_inference elapsed_ms=904
2026-10-01T20:11:55.786343Z  INFO request{request_id=01a0f918-4e7f-7645-ab75-53623ed3d4ce method=POST path=/v1/transcribe}: gigastt_core::inference::engine::file_stream: transcribe complete (streaming windows) audio_s=8.79 wall_s=0.91 rtf=0.103
2026-10-01T20:11:55.792772Z  INFO request{request_id=01a0f918-5210-77d3-bb4c-1459cddaa05e method=POST path=/v1/transcribe}: gigastt_core::inference::audio::wave: Audio (wave): 16000Hz, 1ch (streaming windows)
2026-10-01T20:11:56.584233Z  INFO request{request_id=01a0f918-5210-77d3-bb4c-1459cddaa05e method=POST path=/v1/transcribe}: gigastt_core::inference::engine::infer: encoder_inference elapsed_ms=789
2026-10-01T20:11:56.584353Z  INFO request{request_id=01a0f918-5210-77d3-bb4c-1459cddaa05e method=POST path=/v1/transcribe}: gigastt_core::inference::engine::file_stream: transcribe complete (streaming windows) audio_s=7.35 wall_s=0.79 rtf=0.108
2026-10-01T20:11:56.599370Z  INFO request{request_id=01a0f918-5537-7527-bd66-250205bf5770 method=POST path=/v1/transcribe}: gigastt_core::inference::audio::wave: Audio (wave): 16000Hz, 1ch (streaming windows)
2026-10-01T20:11:56.896656Z  INFO request{request_id=01a0f918-51be-7203-a55a-5ec285af98cd method=POST path=/v1/transcribe}: gigastt_core::inference::engine::infer: encoder_inference elapsed_ms=1185
2026-10-01T20:11:56.896790Z  INFO request{request_id=01a0f918-51be-7203-a55a-5ec285af98cd method=POST path=/v1/transcribe}: gigastt_core::inference::engine::file_stream: transcribe complete (streaming windows) audio_s=11.64 wall_s=1.19 rtf=0.102
2026-10-01T20:11:56.903819Z  INFO request{request_id=01a0f918-5667-7569-ab7d-67d1332f776a method=POST path=/v1/transcribe}: gigastt_core::inference::audio::wave: Audio (wave): 16000Hz, 1ch (streaming windows)
2026-10-01T20:11:57.187130Z  INFO request{request_id=01a0f918-5537-7527-bd66-250205bf5770 method=POST path=/v1/transcribe}: gigastt_core::inference::engine::infer: encoder_inference elapsed_ms=587
2026-10-01T20:11:57.187240Z  INFO request{request_id=01a0f918-5537-7527-bd66-250205bf5770 method=POST path=/v1/transcribe}: gigastt_core::inference::engine::file_stream: transcribe complete (streaming windows) audio_s=5.36 wall_s=0.59 rtf=0.110
2026-10-01T20:11:57.216171Z  INFO request{request_id=01a0f918-579f-7476-b492-01db26ad80bc method=POST path=/v1/transcribe}: gigastt_core::inference::audio::wave: Audio (wave): 16000Hz, 1ch (streaming windows)
2026-10-01T20:11:57.277910Z  INFO request{request_id=01a0f918-5667-7569-ab7d-67d1332f776a method=POST path=/v1/transcribe}: gigastt_core::inference::engine::infer: encoder_inference elapsed_ms=373
2026-10-01T20:11:57.277987Z  INFO request{request_id=01a0f918-5667-7569-ab7d-67d1332f776a method=POST path=/v1/transcribe}: gigastt_core::inference::engine::file_stream: transcribe complete (streaming windows) audio_s=3.66 wall_s=0.37 rtf=0.102
2026-10-01T20:11:57.290395Z  INFO request{request_id=01a0f918-57e9-775b-8e45-8d60e191b45a method=POST path=/v1/transcribe}: gigastt_core::inference::audio::wave: Audio (wave): 16000Hz, 1ch (streaming windows)
2026-10-01T20:11:58.225193Z  INFO request{request_id=01a0f918-579f-7476-b492-01db26ad80bc method=POST path=/v1/transcribe}: gigastt_core::inference::engine::infer: encoder_inference elapsed_ms=1008
2026-10-01T20:11:58.225360Z  INFO request{request_id=01a0f918-579f-7476-b492-01db26ad80bc method=POST path=/v1/transcribe}: gigastt_core::inference::engine::file_stream: transcribe complete (streaming windows) audio_s=6.39 wall_s=1.01 rtf=0.158
2026-10-01T20:11:58.238208Z  INFO request{request_id=01a0f918-5b9d-7716-b40b-c26899becf82 method=POST path=/v1/transcribe}: gigastt_core::inference::audio::wave: Audio (wave): 16000Hz, 1ch (streaming windows)
2026-10-01T20:11:59.352424Z  INFO request{request_id=01a0f918-57e9-775b-8e45-8d60e191b45a method=POST path=/v1/transcribe}: gigastt_core::inference::engine::infer: encoder_inference elapsed_ms=2061
2026-10-01T20:11:59.352595Z  INFO request{request_id=01a0f918-57e9-775b-8e45-8d60e191b45a method=POST path=/v1/transcribe}: gigastt_core::inference::engine::file_stream: transcribe complete (streaming windows) audio_s=11.59 wall_s=2.06 rtf=0.178
2026-10-01T20:11:59.359503Z  INFO request{request_id=01a0f918-5fff-70b9-98ba-843827f3a28f method=POST path=/v1/transcribe}: gigastt_core::inference::audio::wave: Audio (wave): 16000Hz, 1ch (streaming windows)
2026-10-01T20:12:00.029163Z  INFO request{request_id=01a0f918-5fff-70b9-98ba-843827f3a28f method=POST path=/v1/transcribe}: gigastt_core::inference::engine::infer: encoder_inference elapsed_ms=668
2026-10-01T20:12:00.029282Z  INFO request{request_id=01a0f918-5fff-70b9-98ba-843827f3a28f method=POST path=/v1/transcribe}: gigastt_core::inference::engine::file_stream: transcribe complete (streaming windows) audio_s=6.63 wall_s=0.67 rtf=0.101
2026-10-01T20:12:00.037825Z  INFO request{request_id=01a0f918-62a4-7350-a83f-c3508712589c method=POST path=/v1/transcribe}: gigastt_core::inference::audio::wave: Audio (wave): 16000Hz, 1ch (streaming windows)
2026-10-01T20:12:02.074621Z  INFO request{request_id=01a0f918-5b9d-7716-b40b-c26899becf82 method=POST path=/v1/transcribe}: gigastt_core::inference::engine::infer: encoder_inference elapsed_ms=3831
2026-10-01T20:12:02.074988Z  INFO request{request_id=01a0f918-5b9d-7716-b40b-c26899becf82 method=POST path=/v1/transcribe}: gigastt_core::inference::engine::file_stream: transcribe complete (streaming windows) audio_s=24.63 wall_s=3.84 rtf=0.156
2026-10-01T20:12:02.080910Z  INFO request{request_id=01a0f918-6aa0-7379-9502-84c5915482b9 method=POST path=/v1/transcribe}: gigastt_core::inference::audio::wave: Audio (wave): 16000Hz, 1ch (streaming windows)
2026-10-01T20:12:02.102267Z  INFO request{request_id=01a0f918-62a4-7350-a83f-c3508712589c method=POST path=/v1/transcribe}: gigastt_core::inference::engine::infer: encoder_inference elapsed_ms=2062
2026-10-01T20:12:02.102473Z  INFO request{request_id=01a0f918-62a4-7350-a83f-c3508712589c method=POST path=/v1/transcribe}: gigastt_core::inference::engine::file_stream: transcribe complete (streaming windows) audio_s=18.53 wall_s=2.06 rtf=0.111
2026-10-01T20:12:02.106598Z  INFO request{request_id=01a0f918-6aba-758d-897a-7f01a6fdec7d method=POST path=/v1/transcribe}: gigastt_core::inference::audio::wave: Audio (wave): 16000Hz, 1ch (streaming windows)
2026-10-01T20:12:02.490724Z  INFO request{request_id=01a0f918-6aa0-7379-9502-84c5915482b9 method=POST path=/v1/transcribe}: gigastt_core::inference::engine::infer: encoder_inference elapsed_ms=409
2026-10-01T20:12:02.490833Z  INFO request{request_id=01a0f918-6aa0-7379-9502-84c5915482b9 method=POST path=/v1/transcribe}: gigastt_core::inference::engine::file_stream: transcribe complete (streaming windows) audio_s=4.13 wall_s=0.41 rtf=0.099
2026-10-01T20:12:02.497822Z  INFO request{request_id=01a0f918-6c41-70ca-864f-4ce251828ff2 method=POST path=/v1/transcribe}: gigastt_core::inference::audio::wave: Audio (wave): 16000Hz, 1ch (streaming windows)
2026-10-01T20:12:04.731305Z  INFO request{request_id=01a0f918-6aba-758d-897a-7f01a6fdec7d method=POST path=/v1/transcribe}: gigastt_core::inference::engine::infer: encoder_inference elapsed_ms=2622
2026-10-01T20:12:04.731539Z  INFO request{request_id=01a0f918-6aba-758d-897a-7f01a6fdec7d method=POST path=/v1/transcribe}: gigastt_core::inference::engine::file_stream: transcribe complete (streaming windows) audio_s=22.80 wall_s=2.62 rtf=0.115
2026-10-01T20:12:04.748996Z  INFO request{request_id=01a0f918-750c-72b0-aa27-0a72094e1c21 method=POST path=/v1/transcribe}: gigastt_core::inference::audio::wave: Audio (wave): 16000Hz, 1ch (streaming windows)
2026-10-01T20:12:05.306211Z  INFO request{request_id=01a0f918-6c41-70ca-864f-4ce251828ff2 method=POST path=/v1/transcribe}: gigastt_core::inference::engine::infer: encoder_inference elapsed_ms=2805
2026-10-01T20:12:05.306533Z  INFO request{request_id=01a0f918-6c41-70ca-864f-4ce251828ff2 method=POST path=/v1/transcribe}: gigastt_core::inference::engine::file_stream: transcribe complete (streaming windows) audio_s=23.00 wall_s=2.81 rtf=0.122
2026-10-01T20:12:05.322508Z  INFO request{request_id=01a0f918-774a-705e-a471-d38e33c96b53 method=POST path=/v1/transcribe}: gigastt_core::inference::audio::wave: Audio (wave): 16000Hz, 1ch (streaming windows)
2026-10-01T20:12:07.558926Z  INFO request{request_id=01a0f918-774a-705e-a471-d38e33c96b53 method=POST path=/v1/transcribe}: gigastt_core::inference::engine::infer: encoder_inference elapsed_ms=2234
2026-10-01T20:12:07.559319Z  INFO request{request_id=01a0f918-774a-705e-a471-d38e33c96b53 method=POST path=/v1/transcribe}: gigastt_core::inference::engine::file_stream: transcribe complete (streaming windows) audio_s=11.02 wall_s=2.24 rtf=0.203
2026-10-01T20:12:07.567699Z  INFO request{request_id=01a0f918-800f-77c4-8867-b281206fefda method=POST path=/v1/transcribe}: gigastt_core::inference::audio::wave: Audio (wave): 16000Hz, 1ch (streaming windows)
2026-10-01T20:12:08.034397Z  INFO request{request_id=01a0f918-800f-77c4-8867-b281206fefda method=POST path=/v1/transcribe}: gigastt_core::inference::engine::infer: encoder_inference elapsed_ms=466
2026-10-01T20:12:08.034470Z  INFO request{request_id=01a0f918-800f-77c4-8867-b281206fefda method=POST path=/v1/transcribe}: gigastt_core::inference::engine::file_stream: transcribe complete (streaming windows) audio_s=1.32 wall_s=0.47 rtf=0.353
2026-10-01T20:12:08.043038Z  INFO request{request_id=01a0f918-81ea-77c0-ac2a-f20743995d9e method=POST path=/v1/transcribe}: gigastt_core::inference::audio::wave: Audio (wave): 16000Hz, 1ch (streaming windows)
2026-10-01T20:12:08.119807Z  INFO request{request_id=01a0f918-750c-72b0-aa27-0a72094e1c21 method=POST path=/v1/transcribe}: gigastt_core::inference::engine::infer: encoder_inference elapsed_ms=3368
2026-10-01T20:12:08.120149Z  INFO request{request_id=01a0f918-750c-72b0-aa27-0a72094e1c21 method=POST path=/v1/transcribe}: gigastt_core::inference::engine::file_stream: transcribe complete (streaming windows) audio_s=22.81 wall_s=3.37 rtf=0.148
2026-10-01T20:12:08.123368Z  INFO request{request_id=01a0f918-823b-7299-9fce-3a821e012497 method=POST path=/v1/transcribe}: gigastt_core::inference::audio::wave: Audio (wave): 16000Hz, 1ch (streaming windows)
2026-10-01T20:12:08.908851Z  INFO request{request_id=01a0f918-81ea-77c0-ac2a-f20743995d9e method=POST path=/v1/transcribe}: gigastt_core::inference::engine::infer: encoder_inference elapsed_ms=863
2026-10-01T20:12:08.908981Z  INFO request{request_id=01a0f918-81ea-77c0-ac2a-f20743995d9e method=POST path=/v1/transcribe}: gigastt_core::inference::engine::file_stream: transcribe complete (streaming windows) audio_s=8.81 wall_s=0.87 rtf=0.098
2026-10-01T20:12:08.912630Z  INFO request{request_id=01a0f918-8550-7500-9377-f6f84fabdbaa method=POST path=/v1/transcribe}: gigastt_core::inference::audio::wave: Audio (wave): 16000Hz, 1ch (streaming windows)
2026-10-01T20:12:08.967603Z  INFO request{request_id=01a0f918-823b-7299-9fce-3a821e012497 method=POST path=/v1/transcribe}: gigastt_core::inference::engine::infer: encoder_inference elapsed_ms=843
2026-10-01T20:12:08.967746Z  INFO request{request_id=01a0f918-823b-7299-9fce-3a821e012497 method=POST path=/v1/transcribe}: gigastt_core::inference::engine::file_stream: transcribe complete (streaming windows) audio_s=8.37 wall_s=0.84 rtf=0.101
2026-10-01T20:12:08.970613Z  INFO request{request_id=01a0f918-858a-7658-8308-eb79150530fd method=POST path=/v1/transcribe}: gigastt_core::inference::audio::wave: Audio (wave): 16000Hz, 1ch (streaming windows)
2026-10-01T20:12:09.113165Z  INFO request{request_id=01a0f918-8550-7500-9377-f6f84fabdbaa method=POST path=/v1/transcribe}: gigastt_core::inference::engine::infer: encoder_inference elapsed_ms=200
2026-10-01T20:12:09.113250Z  INFO request{request_id=01a0f918-8550-7500-9377-f6f84fabdbaa method=POST path=/v1/transcribe}: gigastt_core::inference::engine::file_stream: transcribe complete (streaming windows) audio_s=1.73 wall_s=0.20 rtf=0.116
2026-10-01T20:12:09.117153Z  INFO request{request_id=01a0f918-861c-74b6-8735-f7d3c0af237c method=POST path=/v1/transcribe}: gigastt_core::inference::audio::wave: Audio (wave): 16000Hz, 1ch (streaming windows)
2026-10-01T20:12:09.391860Z  INFO request{request_id=01a0f918-858a-7658-8308-eb79150530fd method=POST path=/v1/transcribe}: gigastt_core::inference::engine::infer: encoder_inference elapsed_ms=420
2026-10-01T20:12:09.391957Z  INFO request{request_id=01a0f918-858a-7658-8308-eb79150530fd method=POST path=/v1/transcribe}: gigastt_core::inference::engine::file_stream: transcribe complete (streaming windows) audio_s=4.29 wall_s=0.42 rtf=0.098
2026-10-01T20:12:09.396746Z  INFO request{request_id=01a0f918-8734-746e-b0ed-04fcdc846215 method=POST path=/v1/transcribe}: gigastt_core::inference::audio::wave: Audio (wave): 16000Hz, 1ch (streaming windows)
2026-10-01T20:12:10.840609Z  INFO request{request_id=01a0f918-8734-746e-b0ed-04fcdc846215 method=POST path=/v1/transcribe}: gigastt_core::inference::engine::infer: encoder_inference elapsed_ms=1442
2026-10-01T20:12:10.840770Z  INFO request{request_id=01a0f918-8734-746e-b0ed-04fcdc846215 method=POST path=/v1/transcribe}: gigastt_core::inference::engine::file_stream: transcribe complete (streaming windows) audio_s=14.63 wall_s=1.44 rtf=0.099
2026-10-01T20:12:10.845446Z  INFO request{request_id=01a0f918-8cdd-7167-a8cd-9b16c4c118a8 method=POST path=/v1/transcribe}: gigastt_core::inference::audio::wave: Audio (wave): 16000Hz, 1ch (streaming windows)
2026-10-01T20:12:10.969550Z  INFO request{request_id=01a0f918-861c-74b6-8735-f7d3c0af237c method=POST path=/v1/transcribe}: gigastt_core::inference::engine::infer: encoder_inference elapsed_ms=1850
2026-10-01T20:12:10.969717Z  INFO request{request_id=01a0f918-861c-74b6-8735-f7d3c0af237c method=POST path=/v1/transcribe}: gigastt_core::inference::engine::file_stream: transcribe complete (streaming windows) audio_s=16.68 wall_s=1.85 rtf=0.111
2026-10-01T20:12:10.980198Z  INFO request{request_id=01a0f918-8d63-72aa-af4b-5633f57f7731 method=POST path=/v1/transcribe}: gigastt_core::inference::audio::wave: Audio (wave): 16000Hz, 1ch (streaming windows)
2026-10-01T20:12:11.457379Z  INFO request{request_id=01a0f918-8d63-72aa-af4b-5633f57f7731 method=POST path=/v1/transcribe}: gigastt_core::inference::engine::infer: encoder_inference elapsed_ms=476
2026-10-01T20:12:11.457470Z  INFO request{request_id=01a0f918-8d63-72aa-af4b-5633f57f7731 method=POST path=/v1/transcribe}: gigastt_core::inference::engine::file_stream: transcribe complete (streaming windows) audio_s=4.89 wall_s=0.48 rtf=0.098
2026-10-01T20:12:11.470113Z  INFO request{request_id=01a0f918-8f4d-74cb-9c85-4cb2ed1a4c7b method=POST path=/v1/transcribe}: gigastt_core::inference::audio::wave: Audio (wave): 16000Hz, 1ch (streaming windows)
2026-10-01T20:12:12.270490Z  INFO request{request_id=01a0f918-8cdd-7167-a8cd-9b16c4c118a8 method=POST path=/v1/transcribe}: gigastt_core::inference::engine::infer: encoder_inference elapsed_ms=1423
2026-10-01T20:12:12.270660Z  INFO request{request_id=01a0f918-8cdd-7167-a8cd-9b16c4c118a8 method=POST path=/v1/transcribe}: gigastt_core::inference::engine::file_stream: transcribe complete (streaming windows) audio_s=14.63 wall_s=1.43 rtf=0.097
2026-10-01T20:12:12.281585Z  INFO request{request_id=01a0f918-9279-70dd-add7-6029390876e2 method=POST path=/v1/transcribe}: gigastt_core::inference::audio::wave: Audio (wave): 16000Hz, 1ch (streaming windows)
2026-10-01T20:12:14.326861Z  INFO request{request_id=01a0f918-8f4d-74cb-9c85-4cb2ed1a4c7b method=POST path=/v1/transcribe}: gigastt_core::inference::engine::infer: encoder_inference elapsed_ms=2854
2026-10-01T20:12:14.327161Z  INFO request{request_id=01a0f918-8f4d-74cb-9c85-4cb2ed1a4c7b method=POST path=/v1/transcribe}: gigastt_core::inference::engine::file_stream: transcribe complete (streaming windows) audio_s=21.99 wall_s=2.86 rtf=0.130
2026-10-01T20:12:14.331462Z  INFO request{request_id=01a0f918-9a7a-75fc-95e7-1a8017821136 method=POST path=/v1/transcribe}: gigastt_core::inference::audio::wave: Audio (wave): 16000Hz, 1ch (streaming windows)
2026-10-01T20:12:15.046478Z  INFO request{request_id=01a0f918-9279-70dd-add7-6029390876e2 method=POST path=/v1/transcribe}: gigastt_core::inference::engine::infer: encoder_inference elapsed_ms=2763
2026-10-01T20:12:15.046751Z  INFO request{request_id=01a0f918-9279-70dd-add7-6029390876e2 method=POST path=/v1/transcribe}: gigastt_core::inference::engine::file_stream: transcribe complete (streaming windows) audio_s=22.19 wall_s=2.77 rtf=0.125
2026-10-01T20:12:15.051279Z  INFO request{request_id=01a0f918-9d4a-73b4-aace-ec3ee667b6af method=POST path=/v1/transcribe}: gigastt_core::inference::audio::wave: Audio (wave): 16000Hz, 1ch (streaming windows)
2026-10-01T20:12:16.691203Z  INFO request{request_id=01a0f918-9a7a-75fc-95e7-1a8017821136 method=POST path=/v1/transcribe}: gigastt_core::inference::engine::infer: encoder_inference elapsed_ms=2357
2026-10-01T20:12:16.691420Z  INFO request{request_id=01a0f918-9a7a-75fc-95e7-1a8017821136 method=POST path=/v1/transcribe}: gigastt_core::inference::engine::file_stream: transcribe complete (streaming windows) audio_s=21.15 wall_s=2.36 rtf=0.112
2026-10-01T20:12:16.699621Z  INFO request{request_id=01a0f918-a3ba-72a5-b9ab-c1211769dba4 method=POST path=/v1/transcribe}: gigastt_core::inference::audio::wave: Audio (wave): 16000Hz, 1ch (streaming windows)
2026-10-01T20:12:17.350485Z  INFO request{request_id=01a0f918-9d4a-73b4-aace-ec3ee667b6af method=POST path=/v1/transcribe}: gigastt_core::inference::engine::infer: encoder_inference elapsed_ms=2296
2026-10-01T20:12:17.350783Z  INFO request{request_id=01a0f918-9d4a-73b4-aace-ec3ee667b6af method=POST path=/v1/transcribe}: gigastt_core::inference::engine::file_stream: transcribe complete (streaming windows) audio_s=21.15 wall_s=2.30 rtf=0.109
2026-10-01T20:12:17.358517Z  INFO request{request_id=01a0f918-a64d-77f7-a475-4150c14c4781 method=POST path=/v1/transcribe}: gigastt_core::inference::audio::wave: Audio (wave): 16000Hz, 1ch (streaming windows)
2026-10-01T20:12:20.175746Z  INFO request{request_id=01a0f918-a3ba-72a5-b9ab-c1211769dba4 method=POST path=/v1/transcribe}: gigastt_core::inference::engine::infer: encoder_inference elapsed_ms=3474
2026-10-01T20:12:20.176046Z  INFO request{request_id=01a0f918-a3ba-72a5-b9ab-c1211769dba4 method=POST path=/v1/transcribe}: gigastt_core::inference::engine::file_stream: transcribe complete (streaming windows) audio_s=28.02 wall_s=3.48 rtf=0.124
2026-10-01T20:12:20.184457Z  INFO request{request_id=01a0f918-b157-72ed-b41f-a98665520012 method=POST path=/v1/transcribe}: gigastt_core::inference::audio::wave: Audio (wave): 16000Hz, 1ch (streaming windows)
2026-10-01T20:12:21.101917Z  INFO request{request_id=01a0f918-a64d-77f7-a475-4150c14c4781 method=POST path=/v1/transcribe}: gigastt_core::inference::engine::infer: encoder_inference elapsed_ms=3740
2026-10-01T20:12:21.102273Z  INFO request{request_id=01a0f918-a64d-77f7-a475-4150c14c4781 method=POST path=/v1/transcribe}: gigastt_core::inference::engine::file_stream: transcribe complete (streaming windows) audio_s=28.02 wall_s=3.74 rtf=0.134
2026-10-01T20:12:21.106395Z  INFO request{request_id=01a0f918-b4f1-729c-90ba-0dd4f8549efd method=POST path=/v1/transcribe}: gigastt_core::inference::audio::wave: Audio (wave): 16000Hz, 1ch (streaming windows)
2026-10-01T20:12:23.402055Z  INFO request{request_id=01a0f918-b157-72ed-b41f-a98665520012 method=POST path=/v1/transcribe}: gigastt_core::inference::engine::infer: encoder_inference elapsed_ms=3215
2026-10-01T20:12:23.402316Z  INFO request{request_id=01a0f918-b157-72ed-b41f-a98665520012 method=POST path=/v1/transcribe}: gigastt_core::inference::engine::file_stream: transcribe complete (streaming windows) audio_s=28.02 wall_s=3.22 rtf=0.115
2026-10-01T20:12:23.406695Z  INFO request{request_id=01a0f918-bdee-71b5-bbe7-a28225f390db method=POST path=/v1/transcribe}: gigastt_core::inference::audio::wave: Audio (wave): 16000Hz, 1ch (streaming windows)
2026-10-01T20:12:24.138518Z  INFO request{request_id=01a0f918-b4f1-729c-90ba-0dd4f8549efd method=POST path=/v1/transcribe}: gigastt_core::inference::engine::infer: encoder_inference elapsed_ms=3029
2026-10-01T20:12:24.138791Z  INFO request{request_id=01a0f918-b4f1-729c-90ba-0dd4f8549efd method=POST path=/v1/transcribe}: gigastt_core::inference::engine::file_stream: transcribe complete (streaming windows) audio_s=28.02 wall_s=3.03 rtf=0.108
2026-10-01T20:12:24.144986Z  INFO request{request_id=01a0f918-c0d0-77e1-91bf-9e910f7009b0 method=POST path=/v1/transcribe}: gigastt_core::inference::audio::wave: Audio (wave): 16000Hz, 1ch (streaming windows)
2026-10-01T20:12:24.581078Z  INFO request{request_id=01a0f918-c0d0-77e1-91bf-9e910f7009b0 method=POST path=/v1/transcribe}: gigastt_core::inference::engine::infer: encoder_inference elapsed_ms=435
2026-10-01T20:12:24.581173Z  INFO request{request_id=01a0f918-c0d0-77e1-91bf-9e910f7009b0 method=POST path=/v1/transcribe}: gigastt_core::inference::engine::file_stream: transcribe complete (streaming windows) audio_s=4.65 wall_s=0.44 rtf=0.094
2026-10-01T20:12:24.587259Z  INFO request{request_id=01a0f918-c28a-7546-aa3e-07e8bc2f7920 method=POST path=/v1/transcribe}: gigastt_core::inference::audio::wave: Audio (wave): 16000Hz, 1ch (streaming windows)
2026-10-01T20:12:25.134698Z  INFO request{request_id=01a0f918-c28a-7546-aa3e-07e8bc2f7920 method=POST path=/v1/transcribe}: gigastt_core::inference::engine::infer: encoder_inference elapsed_ms=546
2026-10-01T20:12:25.134808Z  INFO request{request_id=01a0f918-c28a-7546-aa3e-07e8bc2f7920 method=POST path=/v1/transcribe}: gigastt_core::inference::engine::file_stream: transcribe complete (streaming windows) audio_s=5.99 wall_s=0.55 rtf=0.091
2026-10-01T20:12:25.155063Z  INFO request{request_id=01a0f918-c4c2-716c-843d-7987a3dfa2cd method=POST path=/v1/transcribe}: gigastt_core::inference::audio::wave: Audio (wave): 16000Hz, 1ch (streaming windows)
2026-10-01T20:12:25.457908Z  INFO request{request_id=01a0f918-c4c2-716c-843d-7987a3dfa2cd method=POST path=/v1/transcribe}: gigastt_core::inference::engine::infer: encoder_inference elapsed_ms=302
2026-10-01T20:12:25.457985Z  INFO request{request_id=01a0f918-c4c2-716c-843d-7987a3dfa2cd method=POST path=/v1/transcribe}: gigastt_core::inference::engine::file_stream: transcribe complete (streaming windows) audio_s=3.11 wall_s=0.30 rtf=0.097
2026-10-01T20:12:25.463955Z  INFO request{request_id=01a0f918-c5f7-7717-a7d3-c60742f24353 method=POST path=/v1/transcribe}: gigastt_core::inference::audio::wave: Audio (wave): 16000Hz, 1ch (streaming windows)
2026-10-01T20:12:25.733185Z  INFO request{request_id=01a0f918-c5f7-7717-a7d3-c60742f24353 method=POST path=/v1/transcribe}: gigastt_core::inference::engine::infer: encoder_inference elapsed_ms=268
2026-10-01T20:12:25.733262Z  INFO request{request_id=01a0f918-c5f7-7717-a7d3-c60742f24353 method=POST path=/v1/transcribe}: gigastt_core::inference::engine::file_stream: transcribe complete (streaming windows) audio_s=2.42 wall_s=0.27 rtf=0.111
2026-10-01T20:12:25.739645Z  INFO request{request_id=01a0f918-c70b-7190-ab34-d3bbc7496c96 method=POST path=/v1/transcribe}: gigastt_core::inference::audio::wave: Audio (wave): 16000Hz, 1ch (streaming windows)
2026-10-01T20:12:26.273079Z  INFO request{request_id=01a0f918-c70b-7190-ab34-d3bbc7496c96 method=POST path=/v1/transcribe}: gigastt_core::inference::engine::infer: encoder_inference elapsed_ms=532
2026-10-01T20:12:26.273224Z  INFO request{request_id=01a0f918-c70b-7190-ab34-d3bbc7496c96 method=POST path=/v1/transcribe}: gigastt_core::inference::engine::file_stream: transcribe complete (streaming windows) audio_s=5.46 wall_s=0.53 rtf=0.098
2026-10-01T20:12:26.279200Z  INFO request{request_id=01a0f918-c926-7217-aa36-ca38b92eb23f method=POST path=/v1/transcribe}: gigastt_core::inference::audio::wave: Audio (wave): 16000Hz, 1ch (streaming windows)
2026-10-01T20:12:26.710585Z  INFO request{request_id=01a0f918-c926-7217-aa36-ca38b92eb23f method=POST path=/v1/transcribe}: gigastt_core::inference::engine::infer: encoder_inference elapsed_ms=430
2026-10-01T20:12:26.710674Z  INFO request{request_id=01a0f918-c926-7217-aa36-ca38b92eb23f method=POST path=/v1/transcribe}: gigastt_core::inference::engine::file_stream: transcribe complete (streaming windows) audio_s=4.41 wall_s=0.43 rtf=0.098
2026-10-01T20:12:26.720609Z  INFO request{request_id=01a0f918-cae0-74fc-afef-c19ebb60697e method=POST path=/v1/transcribe}: gigastt_core::inference::audio::wave: Audio (wave): 16000Hz, 1ch (streaming windows)
2026-10-01T20:12:26.736572Z  INFO request{request_id=01a0f918-bdee-71b5-bbe7-a28225f390db method=POST path=/v1/transcribe}: gigastt_core::inference::engine::infer: encoder_inference elapsed_ms=3326
2026-10-01T20:12:26.736835Z  INFO request{request_id=01a0f918-bdee-71b5-bbe7-a28225f390db method=POST path=/v1/transcribe}: gigastt_core::inference::engine::file_stream: transcribe complete (streaming windows) audio_s=27.82 wall_s=3.33 rtf=0.120
2026-10-01T20:12:26.748328Z  INFO request{request_id=01a0f918-cafc-73f8-96a7-953bfdbe0d40 method=POST path=/v1/transcribe}: gigastt_core::inference::audio::wave: Audio (wave): 16000Hz, 1ch (streaming windows)
2026-10-01T20:12:26.979088Z  INFO request{request_id=01a0f918-cae0-74fc-afef-c19ebb60697e method=POST path=/v1/transcribe}: gigastt_core::inference::engine::infer: encoder_inference elapsed_ms=257
2026-10-01T20:12:26.979168Z  INFO request{request_id=01a0f918-cae0-74fc-afef-c19ebb60697e method=POST path=/v1/transcribe}: gigastt_core::inference::engine::file_stream: transcribe complete (streaming windows) audio_s=2.49 wall_s=0.26 rtf=0.104
2026-10-01T20:12:26.990102Z  INFO request{request_id=01a0f918-cbed-77ea-bda0-89e149fd3616 method=POST path=/v1/transcribe}: gigastt_core::inference::audio::wave: Audio (wave): 16000Hz, 1ch (streaming windows)
2026-10-01T20:12:27.150847Z  INFO request{request_id=01a0f918-cafc-73f8-96a7-953bfdbe0d40 method=POST path=/v1/transcribe}: gigastt_core::inference::engine::infer: encoder_inference elapsed_ms=402
2026-10-01T20:12:27.150930Z  INFO request{request_id=01a0f918-cafc-73f8-96a7-953bfdbe0d40 method=POST path=/v1/transcribe}: gigastt_core::inference::engine::file_stream: transcribe complete (streaming windows) audio_s=4.16 wall_s=0.40 rtf=0.097
2026-10-01T20:12:27.157269Z  INFO request{request_id=01a0f918-cc95-7797-a2ca-8ff30eaf199a method=POST path=/v1/transcribe}: gigastt_core::inference::audio::wave: Audio (wave): 16000Hz, 1ch (streaming windows)
2026-10-01T20:12:27.419362Z  INFO request{request_id=01a0f918-cc95-7797-a2ca-8ff30eaf199a method=POST path=/v1/transcribe}: gigastt_core::inference::engine::infer: encoder_inference elapsed_ms=261
2026-10-01T20:12:27.419438Z  INFO request{request_id=01a0f918-cc95-7797-a2ca-8ff30eaf199a method=POST path=/v1/transcribe}: gigastt_core::inference::engine::file_stream: transcribe complete (streaming windows) audio_s=2.63 wall_s=0.26 rtf=0.099
2026-10-01T20:12:27.433569Z  INFO request{request_id=01a0f918-cda9-7760-8401-39fa53989978 method=POST path=/v1/transcribe}: gigastt_core::inference::audio::wave: Audio (wave): 16000Hz, 1ch (streaming windows)
2026-10-01T20:12:27.572865Z  INFO request{request_id=01a0f918-cbed-77ea-bda0-89e149fd3616 method=POST path=/v1/transcribe}: gigastt_core::inference::engine::infer: encoder_inference elapsed_ms=582
2026-10-01T20:12:27.573000Z  INFO request{request_id=01a0f918-cbed-77ea-bda0-89e149fd3616 method=POST path=/v1/transcribe}: gigastt_core::inference::engine::file_stream: transcribe complete (streaming windows) audio_s=6.11 wall_s=0.58 rtf=0.095
2026-10-01T20:12:27.581760Z  INFO request{request_id=01a0f918-ce3d-71dd-bd63-356941548a0a method=POST path=/v1/transcribe}: gigastt_core::inference::audio::wave: Audio (wave): 16000Hz, 1ch (streaming windows)
2026-10-01T20:12:27.731341Z  INFO request{request_id=01a0f918-cda9-7760-8401-39fa53989978 method=POST path=/v1/transcribe}: gigastt_core::inference::engine::infer: encoder_inference elapsed_ms=297
2026-10-01T20:12:27.731445Z  INFO request{request_id=01a0f918-cda9-7760-8401-39fa53989978 method=POST path=/v1/transcribe}: gigastt_core::inference::engine::file_stream: transcribe complete (streaming windows) audio_s=2.66 wall_s=0.30 rtf=0.112
2026-10-01T20:12:27.736845Z  INFO request{request_id=01a0f918-ced8-739b-887b-e40442f38f59 method=POST path=/v1/transcribe}: gigastt_core::inference::audio::wave: Audio (wave): 16000Hz, 1ch (streaming windows)
2026-10-01T20:12:28.057103Z  INFO request{request_id=01a0f918-ced8-739b-887b-e40442f38f59 method=POST path=/v1/transcribe}: gigastt_core::inference::engine::infer: encoder_inference elapsed_ms=319
2026-10-01T20:12:28.057186Z  INFO request{request_id=01a0f918-ced8-739b-887b-e40442f38f59 method=POST path=/v1/transcribe}: gigastt_core::inference::engine::file_stream: transcribe complete (streaming windows) audio_s=3.01 wall_s=0.32 rtf=0.106
2026-10-01T20:12:28.069853Z  INFO request{request_id=01a0f918-d025-7292-b43b-bfd8973feecc method=POST path=/v1/transcribe}: gigastt_core::inference::audio::wave: Audio (wave): 16000Hz, 1ch (streaming windows)
2026-10-01T20:12:28.391574Z  INFO request{request_id=01a0f918-d025-7292-b43b-bfd8973feecc method=POST path=/v1/transcribe}: gigastt_core::inference::engine::infer: encoder_inference elapsed_ms=321
2026-10-01T20:12:28.391653Z  INFO request{request_id=01a0f918-d025-7292-b43b-bfd8973feecc method=POST path=/v1/transcribe}: gigastt_core::inference::engine::file_stream: transcribe complete (streaming windows) audio_s=3.12 wall_s=0.32 rtf=0.103
2026-10-01T20:12:28.396820Z  INFO request{request_id=01a0f918-ce3d-71dd-bd63-356941548a0a method=POST path=/v1/transcribe}: gigastt_core::inference::engine::infer: encoder_inference elapsed_ms=814
2026-10-01T20:12:28.396934Z  INFO request{request_id=01a0f918-ce3d-71dd-bd63-356941548a0a method=POST path=/v1/transcribe}: gigastt_core::inference::engine::file_stream: transcribe complete (streaming windows) audio_s=9.18 wall_s=0.82 rtf=0.089
2026-10-01T20:12:28.398215Z  INFO request{request_id=01a0f918-d16e-76cb-bdd2-840880c4bee1 method=POST path=/v1/transcribe}: gigastt_core::inference::audio::wave: Audio (wave): 16000Hz, 1ch (streaming windows)
2026-10-01T20:12:28.401154Z  INFO request{request_id=01a0f918-d170-7109-9052-9c921b2827d1 method=POST path=/v1/transcribe}: gigastt_core::inference::audio::wave: Audio (wave): 16000Hz, 1ch (streaming windows)
2026-10-01T20:12:28.814025Z  INFO request{request_id=01a0f918-d16e-76cb-bdd2-840880c4bee1 method=POST path=/v1/transcribe}: gigastt_core::inference::engine::infer: encoder_inference elapsed_ms=415
2026-10-01T20:12:28.814115Z  INFO request{request_id=01a0f918-d16e-76cb-bdd2-840880c4bee1 method=POST path=/v1/transcribe}: gigastt_core::inference::engine::file_stream: transcribe complete (streaming windows) audio_s=4.14 wall_s=0.42 rtf=0.101
2026-10-01T20:12:28.823817Z  INFO request{request_id=01a0f918-d317-7655-a5c5-4b3b28493126 method=POST path=/v1/transcribe}: gigastt_core::inference::audio::wave: Audio (wave): 16000Hz, 1ch (streaming windows)
2026-10-01T20:12:29.057650Z  INFO request{request_id=01a0f918-d317-7655-a5c5-4b3b28493126 method=POST path=/v1/transcribe}: gigastt_core::inference::engine::infer: encoder_inference elapsed_ms=233
2026-10-01T20:12:29.057728Z  INFO request{request_id=01a0f918-d317-7655-a5c5-4b3b28493126 method=POST path=/v1/transcribe}: gigastt_core::inference::engine::file_stream: transcribe complete (streaming windows) audio_s=2.15 wall_s=0.23 rtf=0.109
2026-10-01T20:12:29.071656Z  INFO request{request_id=01a0f918-d40f-73db-b9e9-2656ea385176 method=POST path=/v1/transcribe}: gigastt_core::inference::audio::wave: Audio (wave): 16000Hz, 1ch (streaming windows)
2026-10-01T20:12:29.132821Z  INFO request{request_id=01a0f918-d170-7109-9052-9c921b2827d1 method=POST path=/v1/transcribe}: gigastt_core::inference::engine::infer: encoder_inference elapsed_ms=731
2026-10-01T20:12:29.132950Z  INFO request{request_id=01a0f918-d170-7109-9052-9c921b2827d1 method=POST path=/v1/transcribe}: gigastt_core::inference::engine::file_stream: transcribe complete (streaming windows) audio_s=8.31 wall_s=0.73 rtf=0.088
2026-10-01T20:12:29.136979Z  INFO request{request_id=01a0f918-d450-7169-bc9a-039a9534806e method=POST path=/v1/transcribe}: gigastt_core::inference::audio::wave: Audio (wave): 16000Hz, 1ch (streaming windows)
2026-10-01T20:12:29.352946Z  INFO request{request_id=01a0f918-d450-7169-bc9a-039a9534806e method=POST path=/v1/transcribe}: gigastt_core::inference::engine::infer: encoder_inference elapsed_ms=215
2026-10-01T20:12:29.353020Z  INFO request{request_id=01a0f918-d450-7169-bc9a-039a9534806e method=POST path=/v1/transcribe}: gigastt_core::inference::engine::file_stream: transcribe complete (streaming windows) audio_s=2.12 wall_s=0.22 rtf=0.102
2026-10-01T20:12:29.357947Z  INFO request{request_id=01a0f918-d40f-73db-b9e9-2656ea385176 method=POST path=/v1/transcribe}: gigastt_core::inference::engine::infer: encoder_inference elapsed_ms=285
2026-10-01T20:12:29.357995Z  INFO request{request_id=01a0f918-d40f-73db-b9e9-2656ea385176 method=POST path=/v1/transcribe}: gigastt_core::inference::engine::file_stream: transcribe complete (streaming windows) audio_s=2.90 wall_s=0.29 rtf=0.099
2026-10-01T20:12:29.360891Z  INFO request{request_id=01a0f918-d530-75c9-831e-088f63ee36b3 method=POST path=/v1/transcribe}: gigastt_core::inference::audio::wave: Audio (wave): 16000Hz, 1ch (streaming windows)
2026-10-01T20:12:29.362854Z  INFO request{request_id=01a0f918-d532-7391-86b9-c9c4561a2bbd method=POST path=/v1/transcribe}: gigastt_core::inference::audio::wave: Audio (wave): 16000Hz, 1ch (streaming windows)
2026-10-01T20:12:29.549136Z  INFO request{request_id=01a0f918-d532-7391-86b9-c9c4561a2bbd method=POST path=/v1/transcribe}: gigastt_core::inference::engine::infer: encoder_inference elapsed_ms=186
2026-10-01T20:12:29.549203Z  INFO request{request_id=01a0f918-d532-7391-86b9-c9c4561a2bbd method=POST path=/v1/transcribe}: gigastt_core::inference::engine::file_stream: transcribe complete (streaming windows) audio_s=1.52 wall_s=0.19 rtf=0.123
2026-10-01T20:12:29.561790Z  INFO request{request_id=01a0f918-d5f9-7608-88d4-b1c45b48fb8c method=POST path=/v1/transcribe}: gigastt_core::inference::audio::wave: Audio (wave): 16000Hz, 1ch (streaming windows)
2026-10-01T20:12:29.752246Z  INFO request{request_id=01a0f918-d5f9-7608-88d4-b1c45b48fb8c method=POST path=/v1/transcribe}: gigastt_core::inference::engine::infer: encoder_inference elapsed_ms=190
2026-10-01T20:12:29.752317Z  INFO request{request_id=01a0f918-d5f9-7608-88d4-b1c45b48fb8c method=POST path=/v1/transcribe}: gigastt_core::inference::engine::file_stream: transcribe complete (streaming windows) audio_s=1.90 wall_s=0.19 rtf=0.100
2026-10-01T20:12:29.763980Z  INFO request{request_id=01a0f918-d6c3-7620-afe1-ebe4b5a422ca method=POST path=/v1/transcribe}: gigastt_core::inference::audio::wave: Audio (wave): 16000Hz, 1ch (streaming windows)
2026-10-01T20:12:29.790608Z  INFO request{request_id=01a0f918-d530-75c9-831e-088f63ee36b3 method=POST path=/v1/transcribe}: gigastt_core::inference::engine::infer: encoder_inference elapsed_ms=429
2026-10-01T20:12:29.790722Z  INFO request{request_id=01a0f918-d530-75c9-831e-088f63ee36b3 method=POST path=/v1/transcribe}: gigastt_core::inference::engine::file_stream: transcribe complete (streaming windows) audio_s=4.40 wall_s=0.43 rtf=0.098
2026-10-01T20:12:29.795160Z  INFO request{request_id=01a0f918-d6e2-7301-8c01-4a04682bcecb method=POST path=/v1/transcribe}: gigastt_core::inference::audio::wave: Audio (wave): 16000Hz, 1ch (streaming windows)
2026-10-01T20:12:30.026628Z  INFO request{request_id=01a0f918-d6c3-7620-afe1-ebe4b5a422ca method=POST path=/v1/transcribe}: gigastt_core::inference::engine::infer: encoder_inference elapsed_ms=262
2026-10-01T20:12:30.026713Z  INFO request{request_id=01a0f918-d6c3-7620-afe1-ebe4b5a422ca method=POST path=/v1/transcribe}: gigastt_core::inference::engine::file_stream: transcribe complete (streaming windows) audio_s=2.53 wall_s=0.26 rtf=0.104
2026-10-01T20:12:30.051341Z  INFO request{request_id=01a0f918-d7e3-70e0-85ef-a11a294002d8 method=POST path=/v1/transcribe}: gigastt_core::inference::audio::wave: Audio (wave): 16000Hz, 1ch (streaming windows)
2026-10-01T20:12:30.315475Z  INFO request{request_id=01a0f918-d7e3-70e0-85ef-a11a294002d8 method=POST path=/v1/transcribe}: gigastt_core::inference::engine::infer: encoder_inference elapsed_ms=263
2026-10-01T20:12:30.315560Z  INFO request{request_id=01a0f918-d7e3-70e0-85ef-a11a294002d8 method=POST path=/v1/transcribe}: gigastt_core::inference::engine::file_stream: transcribe complete (streaming windows) audio_s=2.30 wall_s=0.26 rtf=0.115
2026-10-01T20:12:30.324020Z  INFO request{request_id=01a0f918-d8f3-702b-9aee-7e7b1d8a6697 method=POST path=/v1/transcribe}: gigastt_core::inference::audio::wave: Audio (wave): 16000Hz, 1ch (streaming windows)
2026-10-01T20:12:30.494387Z  INFO request{request_id=01a0f918-d6e2-7301-8c01-4a04682bcecb method=POST path=/v1/transcribe}: gigastt_core::inference::engine::infer: encoder_inference elapsed_ms=698
2026-10-01T20:12:30.494500Z  INFO request{request_id=01a0f918-d6e2-7301-8c01-4a04682bcecb method=POST path=/v1/transcribe}: gigastt_core::inference::engine::file_stream: transcribe complete (streaming windows) audio_s=6.86 wall_s=0.70 rtf=0.102
2026-10-01T20:12:30.508868Z  INFO request{request_id=01a0f918-d9ac-72ad-b967-933971b4762b method=POST path=/v1/transcribe}: gigastt_core::inference::audio::wave: Audio (wave): 16000Hz, 1ch (streaming windows)
2026-10-01T20:12:30.608201Z  INFO request{request_id=01a0f918-d8f3-702b-9aee-7e7b1d8a6697 method=POST path=/v1/transcribe}: gigastt_core::inference::engine::infer: encoder_inference elapsed_ms=283
2026-10-01T20:12:30.608277Z  INFO request{request_id=01a0f918-d8f3-702b-9aee-7e7b1d8a6697 method=POST path=/v1/transcribe}: gigastt_core::inference::engine::file_stream: transcribe complete (streaming windows) audio_s=2.77 wall_s=0.28 rtf=0.102
2026-10-01T20:12:30.614600Z  INFO request{request_id=01a0f918-da16-759a-955f-9c56a5729bdc method=POST path=/v1/transcribe}: gigastt_core::inference::audio::wave: Audio (wave): 16000Hz, 1ch (streaming windows)
2026-10-01T20:12:31.095750Z  INFO request{request_id=01a0f918-d9ac-72ad-b967-933971b4762b method=POST path=/v1/transcribe}: gigastt_core::inference::engine::infer: encoder_inference elapsed_ms=586
2026-10-01T20:12:31.095850Z  INFO request{request_id=01a0f918-d9ac-72ad-b967-933971b4762b method=POST path=/v1/transcribe}: gigastt_core::inference::engine::file_stream: transcribe complete (streaming windows) audio_s=5.86 wall_s=0.59 rtf=0.100
2026-10-01T20:12:31.101827Z  INFO request{request_id=01a0f918-dbfd-75fb-9304-98928c91f23f method=POST path=/v1/transcribe}: gigastt_core::inference::audio::wave: Audio (wave): 16000Hz, 1ch (streaming windows)
2026-10-01T20:12:31.126225Z  INFO request{request_id=01a0f918-da16-759a-955f-9c56a5729bdc method=POST path=/v1/transcribe}: gigastt_core::inference::engine::infer: encoder_inference elapsed_ms=510
2026-10-01T20:12:31.126327Z  INFO request{request_id=01a0f918-da16-759a-955f-9c56a5729bdc method=POST path=/v1/transcribe}: gigastt_core::inference::engine::file_stream: transcribe complete (streaming windows) audio_s=4.80 wall_s=0.51 rtf=0.107
2026-10-01T20:12:31.129254Z  INFO request{request_id=01a0f918-dc18-73cd-a155-4b134507f93e method=POST path=/v1/transcribe}: gigastt_core::inference::audio::wave: Audio (wave): 16000Hz, 1ch (streaming windows)
2026-10-01T20:12:31.518671Z  INFO request{request_id=01a0f918-dbfd-75fb-9304-98928c91f23f method=POST path=/v1/transcribe}: gigastt_core::inference::engine::infer: encoder_inference elapsed_ms=416
2026-10-01T20:12:31.518788Z  INFO request{request_id=01a0f918-dbfd-75fb-9304-98928c91f23f method=POST path=/v1/transcribe}: gigastt_core::inference::engine::file_stream: transcribe complete (streaming windows) audio_s=3.88 wall_s=0.42 rtf=0.107
2026-10-01T20:12:31.524716Z  INFO request{request_id=01a0f918-dda4-71fc-9eba-d0ff29d4e812 method=POST path=/v1/transcribe}: gigastt_core::inference::audio::wave: Audio (wave): 16000Hz, 1ch (streaming windows)
2026-10-01T20:12:31.660287Z  INFO request{request_id=01a0f918-dc18-73cd-a155-4b134507f93e method=POST path=/v1/transcribe}: gigastt_core::inference::engine::infer: encoder_inference elapsed_ms=530
2026-10-01T20:12:31.660413Z  INFO request{request_id=01a0f918-dc18-73cd-a155-4b134507f93e method=POST path=/v1/transcribe}: gigastt_core::inference::engine::file_stream: transcribe complete (streaming windows) audio_s=5.61 wall_s=0.53 rtf=0.095
2026-10-01T20:12:31.666012Z  INFO request{request_id=01a0f918-de31-7213-a887-26f04438eb16 method=POST path=/v1/transcribe}: gigastt_core::inference::audio::wave: Audio (wave): 16000Hz, 1ch (streaming windows)
2026-10-01T20:12:31.865123Z  INFO request{request_id=01a0f918-de31-7213-a887-26f04438eb16 method=POST path=/v1/transcribe}: gigastt_core::inference::engine::infer: encoder_inference elapsed_ms=198
2026-10-01T20:12:31.865222Z  INFO request{request_id=01a0f918-de31-7213-a887-26f04438eb16 method=POST path=/v1/transcribe}: gigastt_core::inference::engine::file_stream: transcribe complete (streaming windows) audio_s=1.82 wall_s=0.20 rtf=0.109
2026-10-01T20:12:31.871516Z  INFO request{request_id=01a0f918-deff-7780-aaa6-446efb31d0f9 method=POST path=/v1/transcribe}: gigastt_core::inference::audio::wave: Audio (wave): 16000Hz, 1ch (streaming windows)
2026-10-01T20:12:31.987430Z  INFO request{request_id=01a0f918-dda4-71fc-9eba-d0ff29d4e812 method=POST path=/v1/transcribe}: gigastt_core::inference::engine::infer: encoder_inference elapsed_ms=462
2026-10-01T20:12:31.987524Z  INFO request{request_id=01a0f918-dda4-71fc-9eba-d0ff29d4e812 method=POST path=/v1/transcribe}: gigastt_core::inference::engine::file_stream: transcribe complete (streaming windows) audio_s=5.16 wall_s=0.46 rtf=0.090
2026-10-01T20:12:31.993555Z  INFO request{request_id=01a0f918-df79-7210-963d-04908db89fb3 method=POST path=/v1/transcribe}: gigastt_core::inference::audio::wave: Audio (wave): 16000Hz, 1ch (streaming windows)
2026-10-01T20:12:32.240091Z  INFO request{request_id=01a0f918-deff-7780-aaa6-446efb31d0f9 method=POST path=/v1/transcribe}: gigastt_core::inference::engine::infer: encoder_inference elapsed_ms=368
2026-10-01T20:12:32.240196Z  INFO request{request_id=01a0f918-deff-7780-aaa6-446efb31d0f9 method=POST path=/v1/transcribe}: gigastt_core::inference::engine::file_stream: transcribe complete (streaming windows) audio_s=3.54 wall_s=0.37 rtf=0.104
2026-10-01T20:12:32.245904Z  INFO request{request_id=01a0f918-e075-75e4-8ff6-bd22c9634059 method=POST path=/v1/transcribe}: gigastt_core::inference::audio::wave: Audio (wave): 16000Hz, 1ch (streaming windows)
2026-10-01T20:12:32.567998Z  INFO request{request_id=01a0f918-df79-7210-963d-04908db89fb3 method=POST path=/v1/transcribe}: gigastt_core::inference::engine::infer: encoder_inference elapsed_ms=573
2026-10-01T20:12:32.568114Z  INFO request{request_id=01a0f918-df79-7210-963d-04908db89fb3 method=POST path=/v1/transcribe}: gigastt_core::inference::engine::file_stream: transcribe complete (streaming windows) audio_s=6.93 wall_s=0.57 rtf=0.083
2026-10-01T20:12:32.574259Z  INFO request{request_id=01a0f918-e1be-738f-8b4a-fb9267576e8b method=POST path=/v1/transcribe}: gigastt_core::inference::audio::wave: Audio (wave): 16000Hz, 1ch (streaming windows)
2026-10-01T20:12:32.680016Z  INFO request{request_id=01a0f918-e075-75e4-8ff6-bd22c9634059 method=POST path=/v1/transcribe}: gigastt_core::inference::engine::infer: encoder_inference elapsed_ms=433
2026-10-01T20:12:32.680125Z  INFO request{request_id=01a0f918-e075-75e4-8ff6-bd22c9634059 method=POST path=/v1/transcribe}: gigastt_core::inference::engine::file_stream: transcribe complete (streaming windows) audio_s=4.54 wall_s=0.43 rtf=0.096
2026-10-01T20:12:32.684867Z  INFO request{request_id=01a0f918-e22c-76a2-8a29-54298a729220 method=POST path=/v1/transcribe}: gigastt_core::inference::audio::wave: Audio (wave): 16000Hz, 1ch (streaming windows)
2026-10-01T20:12:32.748117Z  INFO request{request_id=01a0f918-e1be-738f-8b4a-fb9267576e8b method=POST path=/v1/transcribe}: gigastt_core::inference::engine::infer: encoder_inference elapsed_ms=173
2026-10-01T20:12:32.748188Z  INFO request{request_id=01a0f918-e1be-738f-8b4a-fb9267576e8b method=POST path=/v1/transcribe}: gigastt_core::inference::engine::file_stream: transcribe complete (streaming windows) audio_s=1.77 wall_s=0.17 rtf=0.098
2026-10-01T20:12:32.750924Z  INFO request{request_id=01a0f918-e26e-77a9-8a4a-335069a9d2b5 method=POST path=/v1/transcribe}: gigastt_core::inference::audio::wave: Audio (wave): 16000Hz, 1ch (streaming windows)
2026-10-01T20:12:32.882338Z  INFO request{request_id=01a0f918-e22c-76a2-8a29-54298a729220 method=POST path=/v1/transcribe}: gigastt_core::inference::engine::infer: encoder_inference elapsed_ms=197
2026-10-01T20:12:32.882410Z  INFO request{request_id=01a0f918-e22c-76a2-8a29-54298a729220 method=POST path=/v1/transcribe}: gigastt_core::inference::engine::file_stream: transcribe complete (streaming windows) audio_s=1.79 wall_s=0.20 rtf=0.111
2026-10-01T20:12:32.887818Z  INFO request{request_id=01a0f918-e2f7-74c4-8656-ad35202704cc method=POST path=/v1/transcribe}: gigastt_core::inference::audio::wave: Audio (wave): 16000Hz, 1ch (streaming windows)
2026-10-01T20:12:32.956554Z  INFO request{request_id=01a0f918-e26e-77a9-8a4a-335069a9d2b5 method=POST path=/v1/transcribe}: gigastt_core::inference::engine::infer: encoder_inference elapsed_ms=205
2026-10-01T20:12:32.956634Z  INFO request{request_id=01a0f918-e26e-77a9-8a4a-335069a9d2b5 method=POST path=/v1/transcribe}: gigastt_core::inference::engine::file_stream: transcribe complete (streaming windows) audio_s=1.96 wall_s=0.21 rtf=0.105
2026-10-01T20:12:32.959406Z  INFO request{request_id=01a0f918-e33f-716a-9c5e-fd4eb2fdda80 method=POST path=/v1/transcribe}: gigastt_core::inference::audio::wave: Audio (wave): 16000Hz, 1ch (streaming windows)
2026-10-01T20:12:33.108980Z  INFO request{request_id=01a0f918-e2f7-74c4-8656-ad35202704cc method=POST path=/v1/transcribe}: gigastt_core::inference::engine::infer: encoder_inference elapsed_ms=220
2026-10-01T20:12:33.109061Z  INFO request{request_id=01a0f918-e2f7-74c4-8656-ad35202704cc method=POST path=/v1/transcribe}: gigastt_core::inference::engine::file_stream: transcribe complete (streaming windows) audio_s=2.12 wall_s=0.22 rtf=0.104
2026-10-01T20:12:33.117916Z  INFO request{request_id=01a0f918-e3dd-745e-836e-5894a694a8d6 method=POST path=/v1/transcribe}: gigastt_core::inference::audio::wave: Audio (wave): 16000Hz, 1ch (streaming windows)
2026-10-01T20:12:33.142798Z  INFO request{request_id=01a0f918-e33f-716a-9c5e-fd4eb2fdda80 method=POST path=/v1/transcribe}: gigastt_core::inference::engine::infer: encoder_inference elapsed_ms=183
2026-10-01T20:12:33.142866Z  INFO request{request_id=01a0f918-e33f-716a-9c5e-fd4eb2fdda80 method=POST path=/v1/transcribe}: gigastt_core::inference::engine::file_stream: transcribe complete (streaming windows) audio_s=1.90 wall_s=0.18 rtf=0.096
2026-10-01T20:12:33.150564Z  INFO request{request_id=01a0f918-e3fe-7739-940d-37219753ca67 method=POST path=/v1/transcribe}: gigastt_core::inference::audio::wave: Audio (wave): 16000Hz, 1ch (streaming windows)
2026-10-01T20:12:33.307377Z  INFO request{request_id=01a0f918-e3dd-745e-836e-5894a694a8d6 method=POST path=/v1/transcribe}: gigastt_core::inference::engine::infer: encoder_inference elapsed_ms=189
2026-10-01T20:12:33.307459Z  INFO request{request_id=01a0f918-e3dd-745e-836e-5894a694a8d6 method=POST path=/v1/transcribe}: gigastt_core::inference::engine::file_stream: transcribe complete (streaming windows) audio_s=1.61 wall_s=0.19 rtf=0.118
2026-10-01T20:12:33.321259Z  INFO request{request_id=01a0f918-e4a8-7230-a7bf-1be9cb84571d method=POST path=/v1/transcribe}: gigastt_core::inference::audio::wave: Audio (wave): 16000Hz, 1ch (streaming windows)
2026-10-01T20:12:33.342219Z  INFO request{request_id=01a0f918-e3fe-7739-940d-37219753ca67 method=POST path=/v1/transcribe}: gigastt_core::inference::engine::infer: encoder_inference elapsed_ms=191
2026-10-01T20:12:33.342295Z  INFO request{request_id=01a0f918-e3fe-7739-940d-37219753ca67 method=POST path=/v1/transcribe}: gigastt_core::inference::engine::file_stream: transcribe complete (streaming windows) audio_s=1.76 wall_s=0.19 rtf=0.109
2026-10-01T20:12:33.348750Z  INFO request{request_id=01a0f918-e4c4-7646-a484-017607e43007 method=POST path=/v1/transcribe}: gigastt_core::inference::audio::wave: Audio (wave): 16000Hz, 1ch (streaming windows)
2026-10-01T20:12:33.559281Z  INFO request{request_id=01a0f918-e4c4-7646-a484-017607e43007 method=POST path=/v1/transcribe}: gigastt_core::inference::engine::infer: encoder_inference elapsed_ms=210
2026-10-01T20:12:33.559360Z  INFO request{request_id=01a0f918-e4c4-7646-a484-017607e43007 method=POST path=/v1/transcribe}: gigastt_core::inference::engine::file_stream: transcribe complete (streaming windows) audio_s=1.87 wall_s=0.21 rtf=0.113
2026-10-01T20:12:33.566067Z  INFO request{request_id=01a0f918-e59d-7562-8989-a60f20c50200 method=POST path=/v1/transcribe}: gigastt_core::inference::audio::wave: Audio (wave): 16000Hz, 1ch (streaming windows)
2026-10-01T20:12:33.760844Z  INFO request{request_id=01a0f918-e59d-7562-8989-a60f20c50200 method=POST path=/v1/transcribe}: gigastt_core::inference::engine::infer: encoder_inference elapsed_ms=194
2026-10-01T20:12:33.760913Z  INFO request{request_id=01a0f918-e59d-7562-8989-a60f20c50200 method=POST path=/v1/transcribe}: gigastt_core::inference::engine::file_stream: transcribe complete (streaming windows) audio_s=1.80 wall_s=0.19 rtf=0.108
2026-10-01T20:12:33.774097Z  INFO request{request_id=01a0f918-e66d-755f-81de-1c31e6bcdada method=POST path=/v1/transcribe}: gigastt_core::inference::audio::wave: Audio (wave): 16000Hz, 1ch (streaming windows)
2026-10-01T20:12:33.972491Z  INFO request{request_id=01a0f918-e66d-755f-81de-1c31e6bcdada method=POST path=/v1/transcribe}: gigastt_core::inference::engine::infer: encoder_inference elapsed_ms=198
2026-10-01T20:12:33.972557Z  INFO request{request_id=01a0f918-e66d-755f-81de-1c31e6bcdada method=POST path=/v1/transcribe}: gigastt_core::inference::engine::file_stream: transcribe complete (streaming windows) audio_s=1.80 wall_s=0.20 rtf=0.110
2026-10-01T20:12:33.976456Z  INFO request{request_id=01a0f918-e738-7227-ba04-4b64b9c18bfb method=POST path=/v1/transcribe}: gigastt_core::inference::audio::wave: Audio (wave): 16000Hz, 1ch (streaming windows)
2026-10-01T20:12:34.078556Z  INFO request{request_id=01a0f918-e4a8-7230-a7bf-1be9cb84571d method=POST path=/v1/transcribe}: gigastt_core::inference::engine::infer: encoder_inference elapsed_ms=756
2026-10-01T20:12:34.078701Z  INFO request{request_id=01a0f918-e4a8-7230-a7bf-1be9cb84571d method=POST path=/v1/transcribe}: gigastt_core::inference::engine::file_stream: transcribe complete (streaming windows) audio_s=7.79 wall_s=0.76 rtf=0.097
2026-10-01T20:12:34.086833Z  INFO request{request_id=01a0f918-e7a6-76a4-b575-3850e3e3459a method=POST path=/v1/transcribe}: gigastt_core::inference::audio::wave: Audio (wave): 16000Hz, 1ch (streaming windows)
2026-10-01T20:12:34.142076Z  INFO request{request_id=01a0f918-e738-7227-ba04-4b64b9c18bfb method=POST path=/v1/transcribe}: gigastt_core::inference::engine::infer: encoder_inference elapsed_ms=165
2026-10-01T20:12:34.142147Z  INFO request{request_id=01a0f918-e738-7227-ba04-4b64b9c18bfb method=POST path=/v1/transcribe}: gigastt_core::inference::engine::file_stream: transcribe complete (streaming windows) audio_s=1.93 wall_s=0.17 rtf=0.086
2026-10-01T20:12:34.147659Z  INFO request{request_id=01a0f918-e7e3-7089-89cb-ea10ecf2db97 method=POST path=/v1/transcribe}: gigastt_core::inference::audio::wave: Audio (wave): 16000Hz, 1ch (streaming windows)
2026-10-01T20:12:34.296158Z  INFO request{request_id=01a0f918-e7a6-76a4-b575-3850e3e3459a method=POST path=/v1/transcribe}: gigastt_core::inference::engine::infer: encoder_inference elapsed_ms=209
2026-10-01T20:12:34.296259Z  INFO request{request_id=01a0f918-e7a6-76a4-b575-3850e3e3459a method=POST path=/v1/transcribe}: gigastt_core::inference::engine::file_stream: transcribe complete (streaming windows) audio_s=1.80 wall_s=0.21 rtf=0.116
2026-10-01T20:12:34.302736Z  INFO request{request_id=01a0f918-e87e-7066-9621-49d182e4d343 method=POST path=/v1/transcribe}: gigastt_core::inference::audio::wave: Audio (wave): 16000Hz, 1ch (streaming windows)
2026-10-01T20:12:34.432974Z  INFO request{request_id=01a0f918-e7e3-7089-89cb-ea10ecf2db97 method=POST path=/v1/transcribe}: gigastt_core::inference::engine::infer: encoder_inference elapsed_ms=285
2026-10-01T20:12:34.433059Z  INFO request{request_id=01a0f918-e7e3-7089-89cb-ea10ecf2db97 method=POST path=/v1/transcribe}: gigastt_core::inference::engine::file_stream: transcribe complete (streaming windows) audio_s=2.78 wall_s=0.29 rtf=0.103
2026-10-01T20:12:34.439400Z  INFO request{request_id=01a0f918-e907-7679-865f-f58bbfc0c678 method=POST path=/v1/transcribe}: gigastt_core::inference::audio::wave: Audio (wave): 16000Hz, 1ch (streaming windows)
2026-10-01T20:12:34.538260Z  INFO request{request_id=01a0f918-e87e-7066-9621-49d182e4d343 method=POST path=/v1/transcribe}: gigastt_core::inference::engine::infer: encoder_inference elapsed_ms=235
2026-10-01T20:12:34.538326Z  INFO request{request_id=01a0f918-e87e-7066-9621-49d182e4d343 method=POST path=/v1/transcribe}: gigastt_core::inference::engine::file_stream: transcribe complete (streaming windows) audio_s=1.97 wall_s=0.24 rtf=0.120
2026-10-01T20:12:34.542325Z  INFO request{request_id=01a0f918-e96e-75ad-b30a-702f793a63be method=POST path=/v1/transcribe}: gigastt_core::inference::audio::wave: Audio (wave): 16000Hz, 1ch (streaming windows)
2026-10-01T20:12:34.620675Z  INFO request{request_id=01a0f918-e907-7679-865f-f58bbfc0c678 method=POST path=/v1/transcribe}: gigastt_core::inference::engine::infer: encoder_inference elapsed_ms=180
2026-10-01T20:12:34.620743Z  INFO request{request_id=01a0f918-e907-7679-865f-f58bbfc0c678 method=POST path=/v1/transcribe}: gigastt_core::inference::engine::file_stream: transcribe complete (streaming windows) audio_s=1.78 wall_s=0.18 rtf=0.102
2026-10-01T20:12:34.627021Z  INFO request{request_id=01a0f918-e9c2-73a8-9c6a-7a04775e42e3 method=POST path=/v1/transcribe}: gigastt_core::inference::audio::wave: Audio (wave): 16000Hz, 1ch (streaming windows)
2026-10-01T20:12:34.728862Z  INFO request{request_id=01a0f918-e96e-75ad-b30a-702f793a63be method=POST path=/v1/transcribe}: gigastt_core::inference::engine::infer: encoder_inference elapsed_ms=186
2026-10-01T20:12:34.728932Z  INFO request{request_id=01a0f918-e96e-75ad-b30a-702f793a63be method=POST path=/v1/transcribe}: gigastt_core::inference::engine::file_stream: transcribe complete (streaming windows) audio_s=1.40 wall_s=0.19 rtf=0.133
2026-10-01T20:12:34.733117Z  INFO request{request_id=01a0f918-ea2c-72a2-aebd-ef8276a4ec8d method=POST path=/v1/transcribe}: gigastt_core::inference::audio::wave: Audio (wave): 16000Hz, 1ch (streaming windows)
2026-10-01T20:12:34.789039Z  INFO request{request_id=01a0f918-e9c2-73a8-9c6a-7a04775e42e3 method=POST path=/v1/transcribe}: gigastt_core::inference::engine::infer: encoder_inference elapsed_ms=161
2026-10-01T20:12:34.789110Z  INFO request{request_id=01a0f918-e9c2-73a8-9c6a-7a04775e42e3 method=POST path=/v1/transcribe}: gigastt_core::inference::engine::file_stream: transcribe complete (streaming windows) audio_s=1.92 wall_s=0.16 rtf=0.085
2026-10-01T20:12:34.793182Z  INFO request{request_id=01a0f918-ea68-74eb-8db1-37a1f1e4f149 method=POST path=/v1/transcribe}: gigastt_core::inference::audio::wave: Audio (wave): 16000Hz, 1ch (streaming windows)
2026-10-01T20:12:35.036118Z  INFO request{request_id=01a0f918-ea2c-72a2-aebd-ef8276a4ec8d method=POST path=/v1/transcribe}: gigastt_core::inference::engine::infer: encoder_inference elapsed_ms=302
2026-10-01T20:12:35.036195Z  INFO request{request_id=01a0f918-ea2c-72a2-aebd-ef8276a4ec8d method=POST path=/v1/transcribe}: gigastt_core::inference::engine::file_stream: transcribe complete (streaming windows) audio_s=3.02 wall_s=0.30 rtf=0.100
2026-10-01T20:12:35.047234Z  INFO request{request_id=01a0f918-eb66-77f6-a9d3-83f33a09532c method=POST path=/v1/transcribe}: gigastt_core::inference::audio::wave: Audio (wave): 16000Hz, 1ch (streaming windows)
2026-10-01T20:12:35.215733Z  INFO request{request_id=01a0f918-ea68-74eb-8db1-37a1f1e4f149 method=POST path=/v1/transcribe}: gigastt_core::inference::engine::infer: encoder_inference elapsed_ms=422
2026-10-01T20:12:35.215847Z  INFO request{request_id=01a0f918-ea68-74eb-8db1-37a1f1e4f149 method=POST path=/v1/transcribe}: gigastt_core::inference::engine::file_stream: transcribe complete (streaming windows) audio_s=4.29 wall_s=0.42 rtf=0.099
2026-10-01T20:12:35.223417Z  INFO request{request_id=01a0f918-ec17-7172-932e-25af3d9d12c5 method=POST path=/v1/transcribe}: gigastt_core::inference::audio::wave: Audio (wave): 16000Hz, 1ch (streaming windows)
2026-10-01T20:12:35.461964Z  INFO request{request_id=01a0f918-ec17-7172-932e-25af3d9d12c5 method=POST path=/v1/transcribe}: gigastt_core::inference::engine::infer: encoder_inference elapsed_ms=237
2026-10-01T20:12:35.462052Z  INFO request{request_id=01a0f918-ec17-7172-932e-25af3d9d12c5 method=POST path=/v1/transcribe}: gigastt_core::inference::engine::file_stream: transcribe complete (streaming windows) audio_s=2.16 wall_s=0.24 rtf=0.110
2026-10-01T20:12:35.468181Z  INFO request{request_id=01a0f918-ed0b-70d0-9aa2-951379af3eaf method=POST path=/v1/transcribe}: gigastt_core::inference::audio::wave: Audio (wave): 16000Hz, 1ch (streaming windows)
2026-10-01T20:12:35.549146Z  INFO request{request_id=01a0f918-eb66-77f6-a9d3-83f33a09532c method=POST path=/v1/transcribe}: gigastt_core::inference::engine::infer: encoder_inference elapsed_ms=501
2026-10-01T20:12:35.549246Z  INFO request{request_id=01a0f918-eb66-77f6-a9d3-83f33a09532c method=POST path=/v1/transcribe}: gigastt_core::inference::engine::file_stream: transcribe complete (streaming windows) audio_s=4.96 wall_s=0.50 rtf=0.101
2026-10-01T20:12:35.553681Z  INFO request{request_id=01a0f918-ed61-7597-bb52-887568b84b4d method=POST path=/v1/transcribe}: gigastt_core::inference::audio::wave: Audio (wave): 16000Hz, 1ch (streaming windows)
2026-10-01T20:12:35.823319Z  INFO request{request_id=01a0f918-ed0b-70d0-9aa2-951379af3eaf method=POST path=/v1/transcribe}: gigastt_core::inference::engine::infer: encoder_inference elapsed_ms=354
2026-10-01T20:12:35.823395Z  INFO request{request_id=01a0f918-ed0b-70d0-9aa2-951379af3eaf method=POST path=/v1/transcribe}: gigastt_core::inference::engine::file_stream: transcribe complete (streaming windows) audio_s=3.29 wall_s=0.36 rtf=0.108
2026-10-01T20:12:35.826513Z  INFO request{request_id=01a0f918-ee72-75a4-8d9e-6911328f9995 method=POST path=/v1/transcribe}: gigastt_core::inference::audio::wave: Audio (wave): 16000Hz, 1ch (streaming windows)
2026-10-01T20:12:35.869932Z  INFO request{request_id=01a0f918-ed61-7597-bb52-887568b84b4d method=POST path=/v1/transcribe}: gigastt_core::inference::engine::infer: encoder_inference elapsed_ms=315
2026-10-01T20:12:35.870006Z  INFO request{request_id=01a0f918-ed61-7597-bb52-887568b84b4d method=POST path=/v1/transcribe}: gigastt_core::inference::engine::file_stream: transcribe complete (streaming windows) audio_s=2.79 wall_s=0.32 rtf=0.113
2026-10-01T20:12:35.872834Z  INFO request{request_id=01a0f918-eea0-73f1-9353-e194f1e19398 method=POST path=/v1/transcribe}: gigastt_core::inference::audio::wave: Audio (wave): 16000Hz, 1ch (streaming windows)
2026-10-01T20:12:36.163664Z  INFO request{request_id=01a0f918-eea0-73f1-9353-e194f1e19398 method=POST path=/v1/transcribe}: gigastt_core::inference::engine::infer: encoder_inference elapsed_ms=290
2026-10-01T20:12:36.163752Z  INFO request{request_id=01a0f918-eea0-73f1-9353-e194f1e19398 method=POST path=/v1/transcribe}: gigastt_core::inference::engine::file_stream: transcribe complete (streaming windows) audio_s=2.69 wall_s=0.29 rtf=0.108
2026-10-01T20:12:36.169684Z  INFO request{request_id=01a0f918-efc9-75f7-ba70-8ec29ff28f8d method=POST path=/v1/transcribe}: gigastt_core::inference::audio::wave: Audio (wave): 16000Hz, 1ch (streaming windows)
2026-10-01T20:12:36.502012Z  INFO request{request_id=01a0f918-ee72-75a4-8d9e-6911328f9995 method=POST path=/v1/transcribe}: gigastt_core::inference::engine::infer: encoder_inference elapsed_ms=674
2026-10-01T20:12:36.502116Z  INFO request{request_id=01a0f918-ee72-75a4-8d9e-6911328f9995 method=POST path=/v1/transcribe}: gigastt_core::inference::engine::file_stream: transcribe complete (streaming windows) audio_s=7.08 wall_s=0.68 rtf=0.095
2026-10-01T20:12:36.508001Z  INFO request{request_id=01a0f918-f11b-77e2-8390-e962fb4585f6 method=POST path=/v1/transcribe}: gigastt_core::inference::audio::wave: Audio (wave): 16000Hz, 1ch (streaming windows)
2026-10-01T20:12:36.717473Z  INFO request{request_id=01a0f918-efc9-75f7-ba70-8ec29ff28f8d method=POST path=/v1/transcribe}: gigastt_core::inference::engine::infer: encoder_inference elapsed_ms=547
2026-10-01T20:12:36.717574Z  INFO request{request_id=01a0f918-efc9-75f7-ba70-8ec29ff28f8d method=POST path=/v1/transcribe}: gigastt_core::inference::engine::file_stream: transcribe complete (streaming windows) audio_s=5.39 wall_s=0.55 rtf=0.102
2026-10-01T20:12:36.720373Z  INFO request{request_id=01a0f918-f1f0-70ac-8cc1-4a21c31107ef method=POST path=/v1/transcribe}: gigastt_core::inference::audio::wave: Audio (wave): 16000Hz, 1ch (streaming windows)
2026-10-01T20:12:36.829883Z  INFO request{request_id=01a0f918-f11b-77e2-8390-e962fb4585f6 method=POST path=/v1/transcribe}: gigastt_core::inference::engine::infer: encoder_inference elapsed_ms=321
2026-10-01T20:12:36.829970Z  INFO request{request_id=01a0f918-f11b-77e2-8390-e962fb4585f6 method=POST path=/v1/transcribe}: gigastt_core::inference::engine::file_stream: transcribe complete (streaming windows) audio_s=3.12 wall_s=0.32 rtf=0.103
2026-10-01T20:12:36.836452Z  INFO request{request_id=01a0f918-f264-75f0-be11-9d21062de61a method=POST path=/v1/transcribe}: gigastt_core::inference::audio::wave: Audio (wave): 16000Hz, 1ch (streaming windows)
2026-10-01T20:12:37.130930Z  INFO request{request_id=01a0f918-f1f0-70ac-8cc1-4a21c31107ef method=POST path=/v1/transcribe}: gigastt_core::inference::engine::infer: encoder_inference elapsed_ms=410
2026-10-01T20:12:37.131018Z  INFO request{request_id=01a0f918-f1f0-70ac-8cc1-4a21c31107ef method=POST path=/v1/transcribe}: gigastt_core::inference::engine::file_stream: transcribe complete (streaming windows) audio_s=4.16 wall_s=0.41 rtf=0.099
2026-10-01T20:12:37.137617Z  INFO request{request_id=01a0f918-f391-7623-a6db-dc203e3e225c method=POST path=/v1/transcribe}: gigastt_core::inference::audio::wave: Audio (wave): 16000Hz, 1ch (streaming windows)
2026-10-01T20:12:37.287539Z  INFO request{request_id=01a0f918-f264-75f0-be11-9d21062de61a method=POST path=/v1/transcribe}: gigastt_core::inference::engine::infer: encoder_inference elapsed_ms=450
2026-10-01T20:12:37.287661Z  INFO request{request_id=01a0f918-f264-75f0-be11-9d21062de61a method=POST path=/v1/transcribe}: gigastt_core::inference::engine::file_stream: transcribe complete (streaming windows) audio_s=4.43 wall_s=0.45 rtf=0.102
2026-10-01T20:12:37.294656Z  INFO request{request_id=01a0f918-f42e-74b9-b0c7-4ed259dcd361 method=POST path=/v1/transcribe}: gigastt_core::inference::audio::wave: Audio (wave): 16000Hz, 1ch (streaming windows)
2026-10-01T20:12:37.394161Z  INFO request{request_id=01a0f918-f391-7623-a6db-dc203e3e225c method=POST path=/v1/transcribe}: gigastt_core::inference::engine::infer: encoder_inference elapsed_ms=256
2026-10-01T20:12:37.394232Z  INFO request{request_id=01a0f918-f391-7623-a6db-dc203e3e225c method=POST path=/v1/transcribe}: gigastt_core::inference::engine::file_stream: transcribe complete (streaming windows) audio_s=2.29 wall_s=0.26 rtf=0.112
2026-10-01T20:12:37.398929Z  INFO request{request_id=01a0f918-f496-76c2-bc73-459db81e7a90 method=POST path=/v1/transcribe}: gigastt_core::inference::audio::wave: Audio (wave): 16000Hz, 1ch (streaming windows)
2026-10-01T20:12:37.546767Z  INFO request{request_id=01a0f918-f42e-74b9-b0c7-4ed259dcd361 method=POST path=/v1/transcribe}: gigastt_core::inference::engine::infer: encoder_inference elapsed_ms=251
2026-10-01T20:12:37.546872Z  INFO request{request_id=01a0f918-f42e-74b9-b0c7-4ed259dcd361 method=POST path=/v1/transcribe}: gigastt_core::inference::engine::file_stream: transcribe complete (streaming windows) audio_s=1.97 wall_s=0.25 rtf=0.128
2026-10-01T20:12:37.561116Z  INFO request{request_id=01a0f918-f538-701b-9d8d-2da9ab5e860d method=POST path=/v1/transcribe}: gigastt_core::inference::audio::wave: Audio (wave): 16000Hz, 1ch (streaming windows)
2026-10-01T20:12:37.940653Z  INFO request{request_id=01a0f918-f496-76c2-bc73-459db81e7a90 method=POST path=/v1/transcribe}: gigastt_core::inference::engine::infer: encoder_inference elapsed_ms=541
2026-10-01T20:12:37.940743Z  INFO request{request_id=01a0f918-f496-76c2-bc73-459db81e7a90 method=POST path=/v1/transcribe}: gigastt_core::inference::engine::file_stream: transcribe complete (streaming windows) audio_s=5.19 wall_s=0.54 rtf=0.104
2026-10-01T20:12:37.946145Z  INFO request{request_id=01a0f918-f6b9-7731-aebd-0b40a72fd7ae method=POST path=/v1/transcribe}: gigastt_core::inference::audio::wave: Audio (wave): 16000Hz, 1ch (streaming windows)
2026-10-01T20:12:38.083998Z  INFO request{request_id=01a0f918-f538-701b-9d8d-2da9ab5e860d method=POST path=/v1/transcribe}: gigastt_core::inference::engine::infer: encoder_inference elapsed_ms=522
2026-10-01T20:12:38.084090Z  INFO request{request_id=01a0f918-f538-701b-9d8d-2da9ab5e860d method=POST path=/v1/transcribe}: gigastt_core::inference::engine::file_stream: transcribe complete (streaming windows) audio_s=4.96 wall_s=0.52 rtf=0.106
2026-10-01T20:12:38.100893Z  INFO request{request_id=01a0f918-f754-700d-8a09-2bdb1e931dfb method=POST path=/v1/transcribe}: gigastt_core::inference::audio::wave: Audio (wave): 16000Hz, 1ch (streaming windows)
2026-10-01T20:12:38.367627Z  INFO request{request_id=01a0f918-f6b9-7731-aebd-0b40a72fd7ae method=POST path=/v1/transcribe}: gigastt_core::inference::engine::infer: encoder_inference elapsed_ms=421
2026-10-01T20:12:38.367747Z  INFO request{request_id=01a0f918-f6b9-7731-aebd-0b40a72fd7ae method=POST path=/v1/transcribe}: gigastt_core::inference::engine::file_stream: transcribe complete (streaming windows) audio_s=3.94 wall_s=0.42 rtf=0.107
2026-10-01T20:12:38.371108Z  INFO request{request_id=01a0f918-f862-7445-80b4-7cda47889cef method=POST path=/v1/transcribe}: gigastt_core::inference::audio::wave: Audio (wave): 16000Hz, 1ch (streaming windows)
2026-10-01T20:12:38.496805Z  INFO request{request_id=01a0f918-f754-700d-8a09-2bdb1e931dfb method=POST path=/v1/transcribe}: gigastt_core::inference::engine::infer: encoder_inference elapsed_ms=395
2026-10-01T20:12:38.496891Z  INFO request{request_id=01a0f918-f754-700d-8a09-2bdb1e931dfb method=POST path=/v1/transcribe}: gigastt_core::inference::engine::file_stream: transcribe complete (streaming windows) audio_s=3.90 wall_s=0.40 rtf=0.102
2026-10-01T20:12:38.502843Z  INFO request{request_id=01a0f918-f8e6-7723-9456-f53d269cb8a8 method=POST path=/v1/transcribe}: gigastt_core::inference::audio::wave: Audio (wave): 16000Hz, 1ch (streaming windows)
2026-10-01T20:12:38.778382Z  INFO request{request_id=01a0f918-f862-7445-80b4-7cda47889cef method=POST path=/v1/transcribe}: gigastt_core::inference::engine::infer: encoder_inference elapsed_ms=406
2026-10-01T20:12:38.778483Z  INFO request{request_id=01a0f918-f862-7445-80b4-7cda47889cef method=POST path=/v1/transcribe}: gigastt_core::inference::engine::file_stream: transcribe complete (streaming windows) audio_s=3.80 wall_s=0.41 rtf=0.107
2026-10-01T20:12:38.783094Z  INFO request{request_id=01a0f918-f8e6-7723-9456-f53d269cb8a8 method=POST path=/v1/transcribe}: gigastt_core::inference::engine::infer: encoder_inference elapsed_ms=279
2026-10-01T20:12:38.783176Z  INFO request{request_id=01a0f918-f8e6-7723-9456-f53d269cb8a8 method=POST path=/v1/transcribe}: gigastt_core::inference::engine::file_stream: transcribe complete (streaming windows) audio_s=2.34 wall_s=0.28 rtf=0.120
2026-10-01T20:12:38.784842Z  INFO request{request_id=01a0f918-fa00-73bd-8ce6-0f1910c253b3 method=POST path=/v1/transcribe}: gigastt_core::inference::audio::wave: Audio (wave): 16000Hz, 1ch (streaming windows)
2026-10-01T20:12:38.785393Z  INFO request{request_id=01a0f918-fa01-714f-b82a-61b060243ef5 method=POST path=/v1/transcribe}: gigastt_core::inference::audio::wave: Audio (wave): 16000Hz, 1ch (streaming windows)
2026-10-01T20:12:39.033739Z  INFO request{request_id=01a0f918-fa01-714f-b82a-61b060243ef5 method=POST path=/v1/transcribe}: gigastt_core::inference::engine::infer: encoder_inference elapsed_ms=248
2026-10-01T20:12:39.033841Z  INFO request{request_id=01a0f918-fa01-714f-b82a-61b060243ef5 method=POST path=/v1/transcribe}: gigastt_core::inference::engine::file_stream: transcribe complete (streaming windows) audio_s=2.08 wall_s=0.25 rtf=0.119
2026-10-01T20:12:39.040196Z  INFO request{request_id=01a0f918-faff-74c5-a434-84466e5eebf5 method=POST path=/v1/transcribe}: gigastt_core::inference::audio::wave: Audio (wave): 16000Hz, 1ch (streaming windows)
2026-10-01T20:12:39.542903Z  INFO request{request_id=01a0f918-fa00-73bd-8ce6-0f1910c253b3 method=POST path=/v1/transcribe}: gigastt_core::inference::engine::infer: encoder_inference elapsed_ms=757
2026-10-01T20:12:39.543046Z  INFO request{request_id=01a0f918-fa00-73bd-8ce6-0f1910c253b3 method=POST path=/v1/transcribe}: gigastt_core::inference::engine::file_stream: transcribe complete (streaming windows) audio_s=7.54 wall_s=0.76 rtf=0.101
2026-10-01T20:12:39.549130Z  INFO request{request_id=01a0f918-fcfc-774b-ae7e-11177197e25c method=POST path=/v1/transcribe}: gigastt_core::inference::audio::wave: Audio (wave): 16000Hz, 1ch (streaming windows)
2026-10-01T20:12:39.803793Z  INFO request{request_id=01a0f918-fcfc-774b-ae7e-11177197e25c method=POST path=/v1/transcribe}: gigastt_core::inference::engine::infer: encoder_inference elapsed_ms=254
2026-10-01T20:12:39.803886Z  INFO request{request_id=01a0f918-fcfc-774b-ae7e-11177197e25c method=POST path=/v1/transcribe}: gigastt_core::inference::engine::file_stream: transcribe complete (streaming windows) audio_s=2.24 wall_s=0.25 rtf=0.114
2026-10-01T20:12:39.809789Z  INFO request{request_id=01a0f918-fe01-70f4-8453-372d5a16775c method=POST path=/v1/transcribe}: gigastt_core::inference::audio::wave: Audio (wave): 16000Hz, 1ch (streaming windows)
2026-10-01T20:12:39.886811Z  INFO request{request_id=01a0f918-faff-74c5-a434-84466e5eebf5 method=POST path=/v1/transcribe}: gigastt_core::inference::engine::infer: encoder_inference elapsed_ms=845
2026-10-01T20:12:39.886931Z  INFO request{request_id=01a0f918-faff-74c5-a434-84466e5eebf5 method=POST path=/v1/transcribe}: gigastt_core::inference::engine::file_stream: transcribe complete (streaming windows) audio_s=8.77 wall_s=0.85 rtf=0.097
2026-10-01T20:12:39.894782Z  INFO request{request_id=01a0f918-fe56-7191-9fd2-33600b42481d method=POST path=/v1/transcribe}: gigastt_core::inference::audio::wave: Audio (wave): 16000Hz, 1ch (streaming windows)
2026-10-01T20:12:40.380611Z  INFO request{request_id=01a0f918-fe01-70f4-8453-372d5a16775c method=POST path=/v1/transcribe}: gigastt_core::inference::engine::infer: encoder_inference elapsed_ms=570
2026-10-01T20:12:40.380745Z  INFO request{request_id=01a0f918-fe01-70f4-8453-372d5a16775c method=POST path=/v1/transcribe}: gigastt_core::inference::engine::file_stream: transcribe complete (streaming windows) audio_s=5.44 wall_s=0.57 rtf=0.105
2026-10-01T20:12:40.398912Z  INFO request{request_id=01a0f919-004e-7575-a14c-3c4ef3b3cbae method=POST path=/v1/transcribe}: gigastt_core::inference::audio::wave: Audio (wave): 16000Hz, 1ch (streaming windows)
2026-10-01T20:12:40.440865Z  INFO request{request_id=01a0f918-fe56-7191-9fd2-33600b42481d method=POST path=/v1/transcribe}: gigastt_core::inference::engine::infer: encoder_inference elapsed_ms=545
2026-10-01T20:12:40.440999Z  INFO request{request_id=01a0f918-fe56-7191-9fd2-33600b42481d method=POST path=/v1/transcribe}: gigastt_core::inference::engine::file_stream: transcribe complete (streaming windows) audio_s=5.48 wall_s=0.55 rtf=0.100
2026-10-01T20:12:40.443838Z  INFO request{request_id=01a0f919-007b-76fb-bd5d-94990fcce355 method=POST path=/v1/transcribe}: gigastt_core::inference::audio::wave: Audio (wave): 16000Hz, 1ch (streaming windows)
2026-10-01T20:12:40.710168Z  INFO request{request_id=01a0f919-004e-7575-a14c-3c4ef3b3cbae method=POST path=/v1/transcribe}: gigastt_core::inference::engine::infer: encoder_inference elapsed_ms=310
2026-10-01T20:12:40.710251Z  INFO request{request_id=01a0f919-004e-7575-a14c-3c4ef3b3cbae method=POST path=/v1/transcribe}: gigastt_core::inference::engine::file_stream: transcribe complete (streaming windows) audio_s=2.83 wall_s=0.31 rtf=0.110
2026-10-01T20:12:40.716281Z  INFO request{request_id=01a0f919-018c-7351-b34e-5973459fa0c8 method=POST path=/v1/transcribe}: gigastt_core::inference::audio::wave: Audio (wave): 16000Hz, 1ch (streaming windows)
2026-10-01T20:12:40.726616Z  INFO request{request_id=01a0f919-007b-76fb-bd5d-94990fcce355 method=POST path=/v1/transcribe}: gigastt_core::inference::engine::infer: encoder_inference elapsed_ms=282
2026-10-01T20:12:40.726703Z  INFO request{request_id=01a0f919-007b-76fb-bd5d-94990fcce355 method=POST path=/v1/transcribe}: gigastt_core::inference::engine::file_stream: transcribe complete (streaming windows) audio_s=2.50 wall_s=0.28 rtf=0.113
2026-10-01T20:12:40.729079Z  INFO request{request_id=01a0f919-0198-724a-82c2-096100343123 method=POST path=/v1/transcribe}: gigastt_core::inference::audio::wave: Audio (wave): 16000Hz, 1ch (streaming windows)
2026-10-01T20:12:40.978858Z  INFO request{request_id=01a0f919-0198-724a-82c2-096100343123 method=POST path=/v1/transcribe}: gigastt_core::inference::engine::infer: encoder_inference elapsed_ms=249
2026-10-01T20:12:40.978932Z  INFO request{request_id=01a0f919-0198-724a-82c2-096100343123 method=POST path=/v1/transcribe}: gigastt_core::inference::engine::file_stream: transcribe complete (streaming windows) audio_s=2.26 wall_s=0.25 rtf=0.111
2026-10-01T20:12:40.984274Z  INFO request{request_id=01a0f919-0298-758a-a8a5-0aec2bc67a00 method=POST path=/v1/transcribe}: gigastt_core::inference::audio::wave: Audio (wave): 16000Hz, 1ch (streaming windows)
2026-10-01T20:12:41.207117Z  INFO request{request_id=01a0f919-0298-758a-a8a5-0aec2bc67a00 method=POST path=/v1/transcribe}: gigastt_core::inference::engine::infer: encoder_inference elapsed_ms=222
2026-10-01T20:12:41.207197Z  INFO request{request_id=01a0f919-0298-758a-a8a5-0aec2bc67a00 method=POST path=/v1/transcribe}: gigastt_core::inference::engine::file_stream: transcribe complete (streaming windows) audio_s=1.96 wall_s=0.22 rtf=0.114
2026-10-01T20:12:41.213343Z  INFO request{request_id=01a0f919-037d-70d4-b010-3958ebbbfd43 method=POST path=/v1/transcribe}: gigastt_core::inference::audio::wave: Audio (wave): 16000Hz, 1ch (streaming windows)
2026-10-01T20:12:41.318246Z  INFO request{request_id=01a0f919-018c-7351-b34e-5973459fa0c8 method=POST path=/v1/transcribe}: gigastt_core::inference::engine::infer: encoder_inference elapsed_ms=601
2026-10-01T20:12:41.318348Z  INFO request{request_id=01a0f919-018c-7351-b34e-5973459fa0c8 method=POST path=/v1/transcribe}: gigastt_core::inference::engine::file_stream: transcribe complete (streaming windows) audio_s=5.93 wall_s=0.60 rtf=0.102
2026-10-01T20:12:41.321011Z  INFO request{request_id=01a0f919-03e8-7671-80bc-88dbcf811aa9 method=POST path=/v1/transcribe}: gigastt_core::inference::audio::wave: Audio (wave): 16000Hz, 1ch (streaming windows)
2026-10-01T20:12:41.598702Z  INFO request{request_id=01a0f919-037d-70d4-b010-3958ebbbfd43 method=POST path=/v1/transcribe}: gigastt_core::inference::engine::infer: encoder_inference elapsed_ms=384
2026-10-01T20:12:41.598812Z  INFO request{request_id=01a0f919-037d-70d4-b010-3958ebbbfd43 method=POST path=/v1/transcribe}: gigastt_core::inference::engine::file_stream: transcribe complete (streaming windows) audio_s=3.72 wall_s=0.39 rtf=0.104
2026-10-01T20:12:41.604398Z  INFO request{request_id=01a0f919-0504-773b-94ff-025439e093f5 method=POST path=/v1/transcribe}: gigastt_core::inference::audio::wave: Audio (wave): 16000Hz, 1ch (streaming windows)
2026-10-01T20:12:41.710487Z  INFO request{request_id=01a0f919-03e8-7671-80bc-88dbcf811aa9 method=POST path=/v1/transcribe}: gigastt_core::inference::engine::infer: encoder_inference elapsed_ms=389
2026-10-01T20:12:41.710588Z  INFO request{request_id=01a0f919-03e8-7671-80bc-88dbcf811aa9 method=POST path=/v1/transcribe}: gigastt_core::inference::engine::file_stream: transcribe complete (streaming windows) audio_s=3.94 wall_s=0.39 rtf=0.099
2026-10-01T20:12:41.715465Z  INFO request{request_id=01a0f919-0573-7226-856e-c1b44aae581f method=POST path=/v1/transcribe}: gigastt_core::inference::audio::wave: Audio (wave): 16000Hz, 1ch (streaming windows)
2026-10-01T20:12:41.910176Z  INFO request{request_id=01a0f919-0573-7226-856e-c1b44aae581f method=POST path=/v1/transcribe}: gigastt_core::inference::engine::infer: encoder_inference elapsed_ms=194
2026-10-01T20:12:41.910244Z  INFO request{request_id=01a0f919-0573-7226-856e-c1b44aae581f method=POST path=/v1/transcribe}: gigastt_core::inference::engine::file_stream: transcribe complete (streaming windows) audio_s=1.57 wall_s=0.19 rtf=0.124
2026-10-01T20:12:41.919538Z  INFO request{request_id=01a0f919-063f-741e-8c47-83fee281ef4b method=POST path=/v1/transcribe}: gigastt_core::inference::audio::wave: Audio (wave): 16000Hz, 1ch (streaming windows)
2026-10-01T20:12:41.987033Z  INFO request{request_id=01a0f919-0504-773b-94ff-025439e093f5 method=POST path=/v1/transcribe}: gigastt_core::inference::engine::infer: encoder_inference elapsed_ms=382
2026-10-01T20:12:41.987134Z  INFO request{request_id=01a0f919-0504-773b-94ff-025439e093f5 method=POST path=/v1/transcribe}: gigastt_core::inference::engine::file_stream: transcribe complete (streaming windows) audio_s=3.67 wall_s=0.38 rtf=0.104
2026-10-01T20:12:41.990827Z  INFO request{request_id=01a0f919-0686-72f2-ad9a-0142e5718cae method=POST path=/v1/transcribe}: gigastt_core::inference::audio::wave: Audio (wave): 16000Hz, 1ch (streaming windows)
2026-10-01T20:12:42.204838Z  INFO request{request_id=01a0f919-0686-72f2-ad9a-0142e5718cae method=POST path=/v1/transcribe}: gigastt_core::inference::engine::infer: encoder_inference elapsed_ms=213
2026-10-01T20:12:42.204920Z  INFO request{request_id=01a0f919-0686-72f2-ad9a-0142e5718cae method=POST path=/v1/transcribe}: gigastt_core::inference::engine::file_stream: transcribe complete (streaming windows) audio_s=1.80 wall_s=0.21 rtf=0.119
2026-10-01T20:12:42.214021Z  INFO request{request_id=01a0f919-0765-7007-b505-39616b1415db method=POST path=/v1/transcribe}: gigastt_core::inference::audio::wave: Audio (wave): 16000Hz, 1ch (streaming windows)
2026-10-01T20:12:42.317158Z  INFO request{request_id=01a0f919-063f-741e-8c47-83fee281ef4b method=POST path=/v1/transcribe}: gigastt_core::inference::engine::infer: encoder_inference elapsed_ms=397
2026-10-01T20:12:42.317278Z  INFO request{request_id=01a0f919-063f-741e-8c47-83fee281ef4b method=POST path=/v1/transcribe}: gigastt_core::inference::engine::file_stream: transcribe complete (streaming windows) audio_s=4.30 wall_s=0.40 rtf=0.093
2026-10-01T20:12:42.325242Z  INFO request{request_id=01a0f919-07d4-7763-bf52-c2e9743debe9 method=POST path=/v1/transcribe}: gigastt_core::inference::audio::wave: Audio (wave): 16000Hz, 1ch (streaming windows)
2026-10-01T20:12:42.559404Z  INFO request{request_id=01a0f919-0765-7007-b505-39616b1415db method=POST path=/v1/transcribe}: gigastt_core::inference::engine::infer: encoder_inference elapsed_ms=344
2026-10-01T20:12:42.559485Z  INFO request{request_id=01a0f919-0765-7007-b505-39616b1415db method=POST path=/v1/transcribe}: gigastt_core::inference::engine::file_stream: transcribe complete (streaming windows) audio_s=3.12 wall_s=0.35 rtf=0.111
2026-10-01T20:12:42.568238Z  INFO request{request_id=01a0f919-08c8-72a0-8a93-05445fc26339 method=POST path=/v1/transcribe}: gigastt_core::inference::audio::wave: Audio (wave): 16000Hz, 1ch (streaming windows)
2026-10-01T20:12:42.639351Z  INFO request{request_id=01a0f919-07d4-7763-bf52-c2e9743debe9 method=POST path=/v1/transcribe}: gigastt_core::inference::engine::infer: encoder_inference elapsed_ms=313
2026-10-01T20:12:42.639451Z  INFO request{request_id=01a0f919-07d4-7763-bf52-c2e9743debe9 method=POST path=/v1/transcribe}: gigastt_core::inference::engine::file_stream: transcribe complete (streaming windows) audio_s=3.25 wall_s=0.31 rtf=0.097
2026-10-01T20:12:42.649947Z  INFO request{request_id=01a0f919-0919-7568-a95d-0ba0e92ea287 method=POST path=/v1/transcribe}: gigastt_core::inference::audio::wave: Audio (wave): 16000Hz, 1ch (streaming windows)
2026-10-01T20:12:42.820639Z  INFO request{request_id=01a0f919-08c8-72a0-8a93-05445fc26339 method=POST path=/v1/transcribe}: gigastt_core::inference::engine::infer: encoder_inference elapsed_ms=252
2026-10-01T20:12:42.820715Z  INFO request{request_id=01a0f919-08c8-72a0-8a93-05445fc26339 method=POST path=/v1/transcribe}: gigastt_core::inference::engine::file_stream: transcribe complete (streaming windows) audio_s=2.17 wall_s=0.25 rtf=0.116
2026-10-01T20:12:42.826703Z  INFO request{request_id=01a0f919-09ca-723e-8bc5-3025ab384347 method=POST path=/v1/transcribe}: gigastt_core::inference::audio::wave: Audio (wave): 16000Hz, 1ch (streaming windows)
2026-10-01T20:12:42.829175Z  INFO request{request_id=01a0f919-0919-7568-a95d-0ba0e92ea287 method=POST path=/v1/transcribe}: gigastt_core::inference::engine::infer: encoder_inference elapsed_ms=178
2026-10-01T20:12:42.829225Z  INFO request{request_id=01a0f919-0919-7568-a95d-0ba0e92ea287 method=POST path=/v1/transcribe}: gigastt_core::inference::engine::file_stream: transcribe complete (streaming windows) audio_s=1.49 wall_s=0.18 rtf=0.120
2026-10-01T20:12:42.834752Z  INFO request{request_id=01a0f919-09d2-74cd-8beb-56202c996dff method=POST path=/v1/transcribe}: gigastt_core::inference::audio::wave: Audio (wave): 16000Hz, 1ch (streaming windows)
2026-10-01T20:12:43.064431Z  INFO request{request_id=01a0f919-09d2-74cd-8beb-56202c996dff method=POST path=/v1/transcribe}: gigastt_core::inference::engine::infer: encoder_inference elapsed_ms=229
2026-10-01T20:12:43.064512Z  INFO request{request_id=01a0f919-09d2-74cd-8beb-56202c996dff method=POST path=/v1/transcribe}: gigastt_core::inference::engine::file_stream: transcribe complete (streaming windows) audio_s=2.02 wall_s=0.23 rtf=0.114
2026-10-01T20:12:43.070697Z  INFO request{request_id=01a0f919-0abe-76eb-bda5-07218a4a14b0 method=POST path=/v1/transcribe}: gigastt_core::inference::audio::wave: Audio (wave): 16000Hz, 1ch (streaming windows)
2026-10-01T20:12:43.277348Z  INFO request{request_id=01a0f919-09ca-723e-8bc5-3025ab384347 method=POST path=/v1/transcribe}: gigastt_core::inference::engine::infer: encoder_inference elapsed_ms=450
2026-10-01T20:12:43.277441Z  INFO request{request_id=01a0f919-09ca-723e-8bc5-3025ab384347 method=POST path=/v1/transcribe}: gigastt_core::inference::engine::file_stream: transcribe complete (streaming windows) audio_s=4.80 wall_s=0.45 rtf=0.094
2026-10-01T20:12:43.297177Z  INFO request{request_id=01a0f919-0ba0-719c-8f32-a7b4718adb6f method=POST path=/v1/transcribe}: gigastt_core::inference::audio::wave: Audio (wave): 16000Hz, 1ch (streaming windows)
2026-10-01T20:12:43.347398Z  INFO request{request_id=01a0f919-0abe-76eb-bda5-07218a4a14b0 method=POST path=/v1/transcribe}: gigastt_core::inference::engine::infer: encoder_inference elapsed_ms=276
2026-10-01T20:12:43.347477Z  INFO request{request_id=01a0f919-0abe-76eb-bda5-07218a4a14b0 method=POST path=/v1/transcribe}: gigastt_core::inference::engine::file_stream: transcribe complete (streaming windows) audio_s=2.65 wall_s=0.28 rtf=0.105
2026-10-01T20:12:43.353538Z  INFO request{request_id=01a0f919-0bd9-7129-90a3-c3fa9bbad9a2 method=POST path=/v1/transcribe}: gigastt_core::inference::audio::wave: Audio (wave): 16000Hz, 1ch (streaming windows)
2026-10-01T20:12:43.544379Z  INFO request{request_id=01a0f919-0bd9-7129-90a3-c3fa9bbad9a2 method=POST path=/v1/transcribe}: gigastt_core::inference::engine::infer: encoder_inference elapsed_ms=190
2026-10-01T20:12:43.544447Z  INFO request{request_id=01a0f919-0bd9-7129-90a3-c3fa9bbad9a2 method=POST path=/v1/transcribe}: gigastt_core::inference::engine::file_stream: transcribe complete (streaming windows) audio_s=1.51 wall_s=0.19 rtf=0.126
2026-10-01T20:12:43.551193Z  INFO request{request_id=01a0f919-0c9f-7723-ad39-5ebee8510fd4 method=POST path=/v1/transcribe}: gigastt_core::inference::audio::wave: Audio (wave): 16000Hz, 1ch (streaming windows)
2026-10-01T20:12:43.576568Z  INFO request{request_id=01a0f919-0ba0-719c-8f32-a7b4718adb6f method=POST path=/v1/transcribe}: gigastt_core::inference::engine::infer: encoder_inference elapsed_ms=278
2026-10-01T20:12:43.576639Z  INFO request{request_id=01a0f919-0ba0-719c-8f32-a7b4718adb6f method=POST path=/v1/transcribe}: gigastt_core::inference::engine::file_stream: transcribe complete (streaming windows) audio_s=2.48 wall_s=0.28 rtf=0.113
2026-10-01T20:12:43.586898Z  INFO request{request_id=01a0f919-0cc2-738d-9c74-1b0ae8447034 method=POST path=/v1/transcribe}: gigastt_core::inference::audio::wave: Audio (wave): 16000Hz, 1ch (streaming windows)
2026-10-01T20:12:43.762577Z  INFO request{request_id=01a0f919-0c9f-7723-ad39-5ebee8510fd4 method=POST path=/v1/transcribe}: gigastt_core::inference::engine::infer: encoder_inference elapsed_ms=211
2026-10-01T20:12:43.762649Z  INFO request{request_id=01a0f919-0c9f-7723-ad39-5ebee8510fd4 method=POST path=/v1/transcribe}: gigastt_core::inference::engine::file_stream: transcribe complete (streaming windows) audio_s=1.68 wall_s=0.21 rtf=0.126
2026-10-01T20:12:43.769483Z  INFO request{request_id=01a0f919-0d79-77a5-a6a3-8fdd7d90c228 method=POST path=/v1/transcribe}: gigastt_core::inference::audio::wave: Audio (wave): 16000Hz, 1ch (streaming windows)
2026-10-01T20:12:43.812764Z  INFO request{request_id=01a0f919-0cc2-738d-9c74-1b0ae8447034 method=POST path=/v1/transcribe}: gigastt_core::inference::engine::infer: encoder_inference elapsed_ms=225
2026-10-01T20:12:43.812852Z  INFO request{request_id=01a0f919-0cc2-738d-9c74-1b0ae8447034 method=POST path=/v1/transcribe}: gigastt_core::inference::engine::file_stream: transcribe complete (streaming windows) audio_s=1.78 wall_s=0.23 rtf=0.127
2026-10-01T20:12:43.817059Z  INFO request{request_id=01a0f919-0da8-77db-baed-8477e1122c6b method=POST path=/v1/transcribe}: gigastt_core::inference::audio::wave: Audio (wave): 16000Hz, 1ch (streaming windows)
2026-10-01T20:12:44.135306Z  INFO request{request_id=01a0f919-0d79-77a5-a6a3-8fdd7d90c228 method=POST path=/v1/transcribe}: gigastt_core::inference::engine::infer: encoder_inference elapsed_ms=365
2026-10-01T20:12:44.135390Z  INFO request{request_id=01a0f919-0d79-77a5-a6a3-8fdd7d90c228 method=POST path=/v1/transcribe}: gigastt_core::inference::engine::file_stream: transcribe complete (streaming windows) audio_s=3.60 wall_s=0.37 rtf=0.102
2026-10-01T20:12:44.146622Z  INFO request{request_id=01a0f919-0ef2-7407-811e-000caafb578f method=POST path=/v1/transcribe}: gigastt_core::inference::audio::wave: Audio (wave): 16000Hz, 1ch (streaming windows)
2026-10-01T20:12:44.275824Z  INFO request{request_id=01a0f919-0da8-77db-baed-8477e1122c6b method=POST path=/v1/transcribe}: gigastt_core::inference::engine::infer: encoder_inference elapsed_ms=458
2026-10-01T20:12:44.275907Z  INFO request{request_id=01a0f919-0da8-77db-baed-8477e1122c6b method=POST path=/v1/transcribe}: gigastt_core::inference::engine::file_stream: transcribe complete (streaming windows) audio_s=4.51 wall_s=0.46 rtf=0.102
2026-10-01T20:12:44.284547Z  INFO request{request_id=01a0f919-0f7c-7740-9012-34505e556bbe method=POST path=/v1/transcribe}: gigastt_core::inference::audio::wave: Audio (wave): 16000Hz, 1ch (streaming windows)
2026-10-01T20:12:44.362094Z  INFO request{request_id=01a0f919-0ef2-7407-811e-000caafb578f method=POST path=/v1/transcribe}: gigastt_core::inference::engine::infer: encoder_inference elapsed_ms=215
2026-10-01T20:12:44.362175Z  INFO request{request_id=01a0f919-0ef2-7407-811e-000caafb578f method=POST path=/v1/transcribe}: gigastt_core::inference::engine::file_stream: transcribe complete (streaming windows) audio_s=2.15 wall_s=0.22 rtf=0.100
2026-10-01T20:12:44.370022Z  INFO request{request_id=01a0f919-0fd1-7723-9032-74d001020a21 method=POST path=/v1/transcribe}: gigastt_core::inference::audio::wave: Audio (wave): 16000Hz, 1ch (streaming windows)
2026-10-01T20:12:44.487606Z  INFO request{request_id=01a0f919-0f7c-7740-9012-34505e556bbe method=POST path=/v1/transcribe}: gigastt_core::inference::engine::infer: encoder_inference elapsed_ms=202
2026-10-01T20:12:44.487681Z  INFO request{request_id=01a0f919-0f7c-7740-9012-34505e556bbe method=POST path=/v1/transcribe}: gigastt_core::inference::engine::file_stream: transcribe complete (streaming windows) audio_s=1.70 wall_s=0.20 rtf=0.119
2026-10-01T20:12:44.516230Z  INFO request{request_id=01a0f919-1064-75c8-892b-354f3c8a1114 method=POST path=/v1/transcribe}: gigastt_core::inference::audio::wave: Audio (wave): 16000Hz, 1ch (streaming windows)
2026-10-01T20:12:44.627279Z  INFO request{request_id=01a0f919-0fd1-7723-9032-74d001020a21 method=POST path=/v1/transcribe}: gigastt_core::inference::engine::infer: encoder_inference elapsed_ms=256
2026-10-01T20:12:44.627354Z  INFO request{request_id=01a0f919-0fd1-7723-9032-74d001020a21 method=POST path=/v1/transcribe}: gigastt_core::inference::engine::file_stream: transcribe complete (streaming windows) audio_s=2.27 wall_s=0.26 rtf=0.113
2026-10-01T20:12:44.636918Z  INFO request{request_id=01a0f919-10dc-719e-8c34-3a428152ef3c method=POST path=/v1/transcribe}: gigastt_core::inference::audio::wave: Audio (wave): 16000Hz, 1ch (streaming windows)
2026-10-01T20:12:44.885497Z  INFO request{request_id=01a0f919-1064-75c8-892b-354f3c8a1114 method=POST path=/v1/transcribe}: gigastt_core::inference::engine::infer: encoder_inference elapsed_ms=368
2026-10-01T20:12:44.885585Z  INFO request{request_id=01a0f919-1064-75c8-892b-354f3c8a1114 method=POST path=/v1/transcribe}: gigastt_core::inference::engine::file_stream: transcribe complete (streaming windows) audio_s=3.75 wall_s=0.37 rtf=0.099
2026-10-01T20:12:44.895525Z  INFO request{request_id=01a0f919-11df-7700-b8d8-5f659a1acde4 method=POST path=/v1/transcribe}: gigastt_core::inference::audio::wave: Audio (wave): 16000Hz, 1ch (streaming windows)
2026-10-01T20:12:44.942231Z  INFO request{request_id=01a0f919-10dc-719e-8c34-3a428152ef3c method=POST path=/v1/transcribe}: gigastt_core::inference::engine::infer: encoder_inference elapsed_ms=305
2026-10-01T20:12:44.942309Z  INFO request{request_id=01a0f919-10dc-719e-8c34-3a428152ef3c method=POST path=/v1/transcribe}: gigastt_core::inference::engine::file_stream: transcribe complete (streaming windows) audio_s=2.90 wall_s=0.31 rtf=0.105
2026-10-01T20:12:44.955265Z  INFO request{request_id=01a0f919-121b-7070-aaf3-1b3f919d034d method=POST path=/v1/transcribe}: gigastt_core::inference::audio::wave: Audio (wave): 16000Hz, 1ch (streaming windows)
2026-10-01T20:12:45.140290Z  INFO request{request_id=01a0f919-121b-7070-aaf3-1b3f919d034d method=POST path=/v1/transcribe}: gigastt_core::inference::engine::infer: encoder_inference elapsed_ms=184
2026-10-01T20:12:45.140348Z  INFO request{request_id=01a0f919-121b-7070-aaf3-1b3f919d034d method=POST path=/v1/transcribe}: gigastt_core::inference::engine::file_stream: transcribe complete (streaming windows) audio_s=1.59 wall_s=0.19 rtf=0.116
2026-10-01T20:12:45.150481Z  INFO request{request_id=01a0f919-12de-7252-b781-ca4ac727d343 method=POST path=/v1/transcribe}: gigastt_core::inference::audio::wave: Audio (wave): 16000Hz, 1ch (streaming windows)
2026-10-01T20:12:45.268600Z  INFO request{request_id=01a0f919-11df-7700-b8d8-5f659a1acde4 method=POST path=/v1/transcribe}: gigastt_core::inference::engine::infer: encoder_inference elapsed_ms=372
2026-10-01T20:12:45.268695Z  INFO request{request_id=01a0f919-11df-7700-b8d8-5f659a1acde4 method=POST path=/v1/transcribe}: gigastt_core::inference::engine::file_stream: transcribe complete (streaming windows) audio_s=3.74 wall_s=0.37 rtf=0.100
2026-10-01T20:12:45.395390Z  INFO request{request_id=01a0f919-12de-7252-b781-ca4ac727d343 method=POST path=/v1/transcribe}: gigastt_core::inference::engine::infer: encoder_inference elapsed_ms=244
2026-10-01T20:12:45.395460Z  INFO request{request_id=01a0f919-12de-7252-b781-ca4ac727d343 method=POST path=/v1/transcribe}: gigastt_core::inference::engine::file_stream: transcribe complete (streaming windows) audio_s=2.27 wall_s=0.24 rtf=0.108
2026-10-01T20:12:45.395721Z  INFO request{request_id=01a0f919-13d3-75ae-96b9-23f210f93531 method=POST path=/v1/transcribe}: gigastt_core::inference::audio::wave: Audio (wave): 16000Hz, 1ch (streaming windows)
2026-10-01T20:12:45.405402Z  INFO request{request_id=01a0f919-13dd-73a7-bfc8-1a5fdca23081 method=POST path=/v1/transcribe}: gigastt_core::inference::audio::wave: Audio (wave): 16000Hz, 1ch (streaming windows)
2026-10-01T20:12:45.639435Z  INFO request{request_id=01a0f919-13d3-75ae-96b9-23f210f93531 method=POST path=/v1/transcribe}: gigastt_core::inference::engine::infer: encoder_inference elapsed_ms=243
2026-10-01T20:12:45.639506Z  INFO request{request_id=01a0f919-13d3-75ae-96b9-23f210f93531 method=POST path=/v1/transcribe}: gigastt_core::inference::engine::file_stream: transcribe complete (streaming windows) audio_s=2.25 wall_s=0.24 rtf=0.108
2026-10-01T20:12:45.642355Z  INFO request{request_id=01a0f919-14ca-77d6-a03b-aa88f6408acc method=POST path=/v1/transcribe}: gigastt_core::inference::audio::wave: Audio (wave): 16000Hz, 1ch (streaming windows)
2026-10-01T20:12:45.938025Z  INFO request{request_id=01a0f919-13dd-73a7-bfc8-1a5fdca23081 method=POST path=/v1/transcribe}: gigastt_core::inference::engine::infer: encoder_inference elapsed_ms=531
2026-10-01T20:12:45.938127Z  INFO request{request_id=01a0f919-13dd-73a7-bfc8-1a5fdca23081 method=POST path=/v1/transcribe}: gigastt_core::inference::engine::file_stream: transcribe complete (streaming windows) audio_s=5.64 wall_s=0.53 rtf=0.094
2026-10-01T20:12:45.944091Z  INFO request{request_id=01a0f919-15f7-7220-92c5-ba01a0414c97 method=POST path=/v1/transcribe}: gigastt_core::inference::audio::wave: Audio (wave): 16000Hz, 1ch (streaming windows)
2026-10-01T20:12:45.994726Z  INFO request{request_id=01a0f919-14ca-77d6-a03b-aa88f6408acc method=POST path=/v1/transcribe}: gigastt_core::inference::engine::infer: encoder_inference elapsed_ms=351
2026-10-01T20:12:45.994818Z  INFO request{request_id=01a0f919-14ca-77d6-a03b-aa88f6408acc method=POST path=/v1/transcribe}: gigastt_core::inference::engine::file_stream: transcribe complete (streaming windows) audio_s=3.59 wall_s=0.35 rtf=0.098
2026-10-01T20:12:45.997332Z  INFO request{request_id=01a0f919-162d-750e-9875-24cc3ce5e90a method=POST path=/v1/transcribe}: gigastt_core::inference::audio::wave: Audio (wave): 16000Hz, 1ch (streaming windows)
2026-10-01T20:12:46.279488Z  INFO request{request_id=01a0f919-162d-750e-9875-24cc3ce5e90a method=POST path=/v1/transcribe}: gigastt_core::inference::engine::infer: encoder_inference elapsed_ms=281
2026-10-01T20:12:46.279569Z  INFO request{request_id=01a0f919-162d-750e-9875-24cc3ce5e90a method=POST path=/v1/transcribe}: gigastt_core::inference::engine::file_stream: transcribe complete (streaming windows) audio_s=2.68 wall_s=0.28 rtf=0.105
2026-10-01T20:12:46.285222Z  INFO request{request_id=01a0f919-174d-713c-a8bb-5bfdc2656623 method=POST path=/v1/transcribe}: gigastt_core::inference::audio::wave: Audio (wave): 16000Hz, 1ch (streaming windows)
2026-10-01T20:12:46.445136Z  INFO request{request_id=01a0f919-15f7-7220-92c5-ba01a0414c97 method=POST path=/v1/transcribe}: gigastt_core::inference::engine::infer: encoder_inference elapsed_ms=500
2026-10-01T20:12:46.445264Z  INFO request{request_id=01a0f919-15f7-7220-92c5-ba01a0414c97 method=POST path=/v1/transcribe}: gigastt_core::inference::engine::file_stream: transcribe complete (streaming windows) audio_s=5.42 wall_s=0.50 rtf=0.093
2026-10-01T20:12:46.450897Z  INFO request{request_id=01a0f919-17f2-771c-bb7a-91f231f67e0b method=POST path=/v1/transcribe}: gigastt_core::inference::audio::wave: Audio (wave): 16000Hz, 1ch (streaming windows)
2026-10-01T20:12:46.537222Z  INFO request{request_id=01a0f919-174d-713c-a8bb-5bfdc2656623 method=POST path=/v1/transcribe}: gigastt_core::inference::engine::infer: encoder_inference elapsed_ms=251
2026-10-01T20:12:46.537296Z  INFO request{request_id=01a0f919-174d-713c-a8bb-5bfdc2656623 method=POST path=/v1/transcribe}: gigastt_core::inference::engine::file_stream: transcribe complete (streaming windows) audio_s=2.56 wall_s=0.25 rtf=0.099
2026-10-01T20:12:46.540051Z  INFO request{request_id=01a0f919-184b-74a5-a523-de42f4d7e16c method=POST path=/v1/transcribe}: gigastt_core::inference::audio::wave: Audio (wave): 16000Hz, 1ch (streaming windows)
2026-10-01T20:12:46.692762Z  INFO request{request_id=01a0f919-17f2-771c-bb7a-91f231f67e0b method=POST path=/v1/transcribe}: gigastt_core::inference::engine::infer: encoder_inference elapsed_ms=241
2026-10-01T20:12:46.692835Z  INFO request{request_id=01a0f919-17f2-771c-bb7a-91f231f67e0b method=POST path=/v1/transcribe}: gigastt_core::inference::engine::file_stream: transcribe complete (streaming windows) audio_s=2.32 wall_s=0.24 rtf=0.104
2026-10-01T20:12:46.698997Z  INFO request{request_id=01a0f919-18ea-7120-9ef5-d67e4555f344 method=POST path=/v1/transcribe}: gigastt_core::inference::audio::wave: Audio (wave): 16000Hz, 1ch (streaming windows)
2026-10-01T20:12:46.912963Z  INFO request{request_id=01a0f919-184b-74a5-a523-de42f4d7e16c method=POST path=/v1/transcribe}: gigastt_core::inference::engine::infer: encoder_inference elapsed_ms=372
2026-10-01T20:12:46.913048Z  INFO request{request_id=01a0f919-184b-74a5-a523-de42f4d7e16c method=POST path=/v1/transcribe}: gigastt_core::inference::engine::file_stream: transcribe complete (streaming windows) audio_s=3.88 wall_s=0.37 rtf=0.096
2026-10-01T20:12:46.918675Z  INFO request{request_id=01a0f919-19c6-7199-ba20-094cdd6640c0 method=POST path=/v1/transcribe}: gigastt_core::inference::audio::wave: Audio (wave): 16000Hz, 1ch (streaming windows)
2026-10-01T20:12:47.151294Z  INFO request{request_id=01a0f919-19c6-7199-ba20-094cdd6640c0 method=POST path=/v1/transcribe}: gigastt_core::inference::engine::infer: encoder_inference elapsed_ms=232
2026-10-01T20:12:47.151377Z  INFO request{request_id=01a0f919-19c6-7199-ba20-094cdd6640c0 method=POST path=/v1/transcribe}: gigastt_core::inference::engine::file_stream: transcribe complete (streaming windows) audio_s=1.96 wall_s=0.23 rtf=0.118
2026-10-01T20:12:47.154559Z  INFO request{request_id=01a0f919-1ab2-75a4-9e60-23afbede7946 method=POST path=/v1/transcribe}: gigastt_core::inference::audio::wave: Audio (wave): 16000Hz, 1ch (streaming windows)
2026-10-01T20:12:47.442420Z  INFO request{request_id=01a0f919-1ab2-75a4-9e60-23afbede7946 method=POST path=/v1/transcribe}: gigastt_core::inference::engine::infer: encoder_inference elapsed_ms=287
2026-10-01T20:12:47.442495Z  INFO request{request_id=01a0f919-1ab2-75a4-9e60-23afbede7946 method=POST path=/v1/transcribe}: gigastt_core::inference::engine::file_stream: transcribe complete (streaming windows) audio_s=2.76 wall_s=0.29 rtf=0.104
2026-10-01T20:12:47.445834Z  INFO request{request_id=01a0f919-1bd5-75dd-bd72-12ccdce3e436 method=POST path=/v1/transcribe}: gigastt_core::inference::audio::wave: Audio (wave): 16000Hz, 1ch (streaming windows)
2026-10-01T20:12:48.086855Z  INFO request{request_id=01a0f919-18ea-7120-9ef5-d67e4555f344 method=POST path=/v1/transcribe}: gigastt_core::inference::engine::infer: encoder_inference elapsed_ms=1386
2026-10-01T20:12:48.087039Z  INFO request{request_id=01a0f919-18ea-7120-9ef5-d67e4555f344 method=POST path=/v1/transcribe}: gigastt_core::inference::engine::file_stream: transcribe complete (streaming windows) audio_s=12.81 wall_s=1.39 rtf=0.108
2026-10-01T20:12:48.092894Z  INFO request{request_id=01a0f919-1e5c-740b-8078-57930f1e9b28 method=POST path=/v1/transcribe}: gigastt_core::inference::audio::wave: Audio (wave): 16000Hz, 1ch (streaming windows)
2026-10-01T20:12:48.352593Z  INFO request{request_id=01a0f919-1bd5-75dd-bd72-12ccdce3e436 method=POST path=/v1/transcribe}: gigastt_core::inference::engine::infer: encoder_inference elapsed_ms=906
2026-10-01T20:12:48.352719Z  INFO request{request_id=01a0f919-1bd5-75dd-bd72-12ccdce3e436 method=POST path=/v1/transcribe}: gigastt_core::inference::engine::file_stream: transcribe complete (streaming windows) audio_s=6.93 wall_s=0.91 rtf=0.131
2026-10-01T20:12:48.355813Z  INFO request{request_id=01a0f919-1f63-7555-9407-90107da6d64a method=POST path=/v1/transcribe}: gigastt_core::inference::audio::wave: Audio (wave): 16000Hz, 1ch (streaming windows)
2026-10-01T20:12:48.436907Z  INFO request{request_id=01a0f919-1e5c-740b-8078-57930f1e9b28 method=POST path=/v1/transcribe}: gigastt_core::inference::engine::infer: encoder_inference elapsed_ms=343
2026-10-01T20:12:48.437008Z  INFO request{request_id=01a0f919-1e5c-740b-8078-57930f1e9b28 method=POST path=/v1/transcribe}: gigastt_core::inference::engine::file_stream: transcribe complete (streaming windows) audio_s=2.06 wall_s=0.34 rtf=0.167
2026-10-01T20:12:48.440959Z  INFO request{request_id=01a0f919-1fb8-7767-9d1f-e6e32e310c6d method=POST path=/v1/transcribe}: gigastt_core::inference::audio::wave: Audio (wave): 16000Hz, 1ch (streaming windows)
2026-10-01T20:12:48.735954Z  INFO request{request_id=01a0f919-1f63-7555-9407-90107da6d64a method=POST path=/v1/transcribe}: gigastt_core::inference::engine::infer: encoder_inference elapsed_ms=379
2026-10-01T20:12:48.736051Z  INFO request{request_id=01a0f919-1f63-7555-9407-90107da6d64a method=POST path=/v1/transcribe}: gigastt_core::inference::engine::file_stream: transcribe complete (streaming windows) audio_s=2.01 wall_s=0.38 rtf=0.189
2026-10-01T20:12:48.740485Z  INFO request{request_id=01a0f919-20e4-7083-b3ef-50a6d354ed0c method=POST path=/v1/transcribe}: gigastt_core::inference::audio::wave: Audio (wave): 16000Hz, 1ch (streaming windows)
2026-10-01T20:12:49.139453Z  INFO request{request_id=01a0f919-1fb8-7767-9d1f-e6e32e310c6d method=POST path=/v1/transcribe}: gigastt_core::inference::engine::infer: encoder_inference elapsed_ms=697
2026-10-01T20:12:49.139645Z  INFO request{request_id=01a0f919-1fb8-7767-9d1f-e6e32e310c6d method=POST path=/v1/transcribe}: gigastt_core::inference::engine::file_stream: transcribe complete (streaming windows) audio_s=3.88 wall_s=0.70 rtf=0.180
2026-10-01T20:12:49.150520Z  INFO request{request_id=01a0f919-227e-709e-8a13-1bd78cd2757e method=POST path=/v1/transcribe}: gigastt_core::inference::audio::wave: Audio (wave): 16000Hz, 1ch (streaming windows)
2026-10-01T20:12:49.296529Z  INFO request{request_id=01a0f919-20e4-7083-b3ef-50a6d354ed0c method=POST path=/v1/transcribe}: gigastt_core::inference::engine::infer: encoder_inference elapsed_ms=554
2026-10-01T20:12:49.296661Z  INFO request{request_id=01a0f919-20e4-7083-b3ef-50a6d354ed0c method=POST path=/v1/transcribe}: gigastt_core::inference::engine::file_stream: transcribe complete (streaming windows) audio_s=3.35 wall_s=0.56 rtf=0.166
2026-10-01T20:12:49.300251Z  INFO request{request_id=01a0f919-2313-75af-add0-ecb55e2aac74 method=POST path=/v1/transcribe}: gigastt_core::inference::audio::wave: Audio (wave): 16000Hz, 1ch (streaming windows)
2026-10-01T20:12:49.503031Z  INFO request{request_id=01a0f919-227e-709e-8a13-1bd78cd2757e method=POST path=/v1/transcribe}: gigastt_core::inference::engine::infer: encoder_inference elapsed_ms=351
2026-10-01T20:12:49.503128Z  INFO request{request_id=01a0f919-227e-709e-8a13-1bd78cd2757e method=POST path=/v1/transcribe}: gigastt_core::inference::engine::file_stream: transcribe complete (streaming windows) audio_s=2.05 wall_s=0.35 rtf=0.172
2026-10-01T20:12:49.510610Z  INFO request{request_id=01a0f919-23e6-723f-9f0e-f969c2223be4 method=POST path=/v1/transcribe}: gigastt_core::inference::audio::wave: Audio (wave): 16000Hz, 1ch (streaming windows)
2026-10-01T20:12:49.652166Z  INFO request{request_id=01a0f919-2313-75af-add0-ecb55e2aac74 method=POST path=/v1/transcribe}: gigastt_core::inference::engine::infer: encoder_inference elapsed_ms=351
2026-10-01T20:12:49.652244Z  INFO request{request_id=01a0f919-2313-75af-add0-ecb55e2aac74 method=POST path=/v1/transcribe}: gigastt_core::inference::engine::file_stream: transcribe complete (streaming windows) audio_s=2.43 wall_s=0.35 rtf=0.145
2026-10-01T20:12:49.658464Z  INFO request{request_id=01a0f919-247a-7549-a871-d2d1fce36560 method=POST path=/v1/transcribe}: gigastt_core::inference::audio::wave: Audio (wave): 16000Hz, 1ch (streaming windows)
2026-10-01T20:12:50.094455Z  INFO request{request_id=01a0f919-247a-7549-a871-d2d1fce36560 method=POST path=/v1/transcribe}: gigastt_core::inference::engine::infer: encoder_inference elapsed_ms=435
2026-10-01T20:12:50.094710Z  INFO request{request_id=01a0f919-247a-7549-a871-d2d1fce36560 method=POST path=/v1/transcribe}: gigastt_core::inference::engine::file_stream: transcribe complete (streaming windows) audio_s=3.43 wall_s=0.44 rtf=0.127
2026-10-01T20:12:50.098353Z  INFO request{request_id=01a0f919-2632-7781-9865-b3bda425b22b method=POST path=/v1/transcribe}: gigastt_core::inference::audio::wave: Audio (wave): 16000Hz, 1ch (streaming windows)
2026-10-01T20:12:50.467238Z  INFO request{request_id=01a0f919-2632-7781-9865-b3bda425b22b method=POST path=/v1/transcribe}: gigastt_core::inference::engine::infer: encoder_inference elapsed_ms=368
2026-10-01T20:12:50.467324Z  INFO request{request_id=01a0f919-2632-7781-9865-b3bda425b22b method=POST path=/v1/transcribe}: gigastt_core::inference::engine::file_stream: transcribe complete (streaming windows) audio_s=1.60 wall_s=0.37 rtf=0.231
2026-10-01T20:12:50.472764Z  INFO request{request_id=01a0f919-27a8-751c-8a0b-caf95640d877 method=POST path=/v1/transcribe}: gigastt_core::inference::audio::wave: Audio (wave): 16000Hz, 1ch (streaming windows)
2026-10-01T20:12:50.646899Z  INFO request{request_id=01a0f919-23e6-723f-9f0e-f969c2223be4 method=POST path=/v1/transcribe}: gigastt_core::inference::engine::infer: encoder_inference elapsed_ms=1135
2026-10-01T20:12:50.647045Z  INFO request{request_id=01a0f919-23e6-723f-9f0e-f969c2223be4 method=POST path=/v1/transcribe}: gigastt_core::inference::engine::file_stream: transcribe complete (streaming windows) audio_s=7.66 wall_s=1.14 rtf=0.148
2026-10-01T20:12:50.656403Z  INFO request{request_id=01a0f919-285f-70d1-8141-33079a447958 method=POST path=/v1/transcribe}: gigastt_core::inference::audio::wave: Audio (wave): 16000Hz, 1ch (streaming windows)
2026-10-01T20:12:50.854431Z  INFO request{request_id=01a0f919-27a8-751c-8a0b-caf95640d877 method=POST path=/v1/transcribe}: gigastt_core::inference::engine::infer: encoder_inference elapsed_ms=381
2026-10-01T20:12:50.854653Z  INFO request{request_id=01a0f919-27a8-751c-8a0b-caf95640d877 method=POST path=/v1/transcribe}: gigastt_core::inference::engine::file_stream: transcribe complete (streaming windows) audio_s=1.70 wall_s=0.38 rtf=0.224
2026-10-01T20:12:50.860103Z  INFO request{request_id=01a0f919-292b-7718-bcf5-ae49b3a4a0f3 method=POST path=/v1/transcribe}: gigastt_core::inference::audio::wave: Audio (wave): 16000Hz, 1ch (streaming windows)
2026-10-01T20:12:51.170125Z  INFO request{request_id=01a0f919-292b-7718-bcf5-ae49b3a4a0f3 method=POST path=/v1/transcribe}: gigastt_core::inference::engine::infer: encoder_inference elapsed_ms=309
2026-10-01T20:12:51.170209Z  INFO request{request_id=01a0f919-292b-7718-bcf5-ae49b3a4a0f3 method=POST path=/v1/transcribe}: gigastt_core::inference::engine::file_stream: transcribe complete (streaming windows) audio_s=1.82 wall_s=0.31 rtf=0.170
2026-10-01T20:12:51.177149Z  INFO request{request_id=01a0f919-2a68-72b8-bc0d-4c0946ce3f10 method=POST path=/v1/transcribe}: gigastt_core::inference::audio::wave: Audio (wave): 16000Hz, 1ch (streaming windows)
2026-10-01T20:12:51.854194Z  INFO request{request_id=01a0f919-2a68-72b8-bc0d-4c0946ce3f10 method=POST path=/v1/transcribe}: gigastt_core::inference::engine::infer: encoder_inference elapsed_ms=676
2026-10-01T20:12:51.854321Z  INFO request{request_id=01a0f919-2a68-72b8-bc0d-4c0946ce3f10 method=POST path=/v1/transcribe}: gigastt_core::inference::engine::file_stream: transcribe complete (streaming windows) audio_s=2.80 wall_s=0.68 rtf=0.241
2026-10-01T20:12:51.865244Z  INFO request{request_id=01a0f919-2d18-77b9-9520-72a86e72ed36 method=POST path=/v1/transcribe}: gigastt_core::inference::audio::wave: Audio (wave): 16000Hz, 1ch (streaming windows)
2026-10-01T20:12:52.073917Z  INFO request{request_id=01a0f919-285f-70d1-8141-33079a447958 method=POST path=/v1/transcribe}: gigastt_core::inference::engine::infer: encoder_inference elapsed_ms=1415
2026-10-01T20:12:52.074080Z  INFO request{request_id=01a0f919-285f-70d1-8141-33079a447958 method=POST path=/v1/transcribe}: gigastt_core::inference::engine::file_stream: transcribe complete (streaming windows) audio_s=8.63 wall_s=1.42 rtf=0.164
2026-10-01T20:12:52.097284Z  INFO request{request_id=01a0f919-2e00-7099-9abc-d1beaedf2e26 method=POST path=/v1/transcribe}: gigastt_core::inference::audio::wave: Audio (wave): 16000Hz, 1ch (streaming windows)
2026-10-01T20:12:52.976961Z  INFO request{request_id=01a0f919-2e00-7099-9abc-d1beaedf2e26 method=POST path=/v1/transcribe}: gigastt_core::inference::engine::infer: encoder_inference elapsed_ms=878
2026-10-01T20:12:52.977115Z  INFO request{request_id=01a0f919-2e00-7099-9abc-d1beaedf2e26 method=POST path=/v1/transcribe}: gigastt_core::inference::engine::file_stream: transcribe complete (streaming windows) audio_s=3.27 wall_s=0.88 rtf=0.269
2026-10-01T20:12:52.983231Z  INFO request{request_id=01a0f919-3176-76d4-a759-462587579a4d method=POST path=/v1/transcribe}: gigastt_core::inference::audio::wave: Audio (wave): 16000Hz, 1ch (streaming windows)
2026-10-01T20:12:54.015530Z  INFO request{request_id=01a0f919-3176-76d4-a759-462587579a4d method=POST path=/v1/transcribe}: gigastt_core::inference::engine::infer: encoder_inference elapsed_ms=1031
2026-10-01T20:12:54.015696Z  INFO request{request_id=01a0f919-3176-76d4-a759-462587579a4d method=POST path=/v1/transcribe}: gigastt_core::inference::engine::file_stream: transcribe complete (streaming windows) audio_s=3.24 wall_s=1.03 rtf=0.318
2026-10-01T20:12:54.022764Z  INFO request{request_id=01a0f919-3586-748a-a15c-91874bf4abf2 method=POST path=/v1/transcribe}: gigastt_core::inference::audio::wave: Audio (wave): 16000Hz, 1ch (streaming windows)
2026-10-01T20:12:54.190860Z  INFO request{request_id=01a0f919-2d18-77b9-9520-72a86e72ed36 method=POST path=/v1/transcribe}: gigastt_core::inference::engine::infer: encoder_inference elapsed_ms=2321
2026-10-01T20:12:54.191101Z  INFO request{request_id=01a0f919-2d18-77b9-9520-72a86e72ed36 method=POST path=/v1/transcribe}: gigastt_core::inference::engine::file_stream: transcribe complete (streaming windows) audio_s=8.92 wall_s=2.33 rtf=0.261
2026-10-01T20:12:54.202770Z  INFO request{request_id=01a0f919-363a-7719-a15b-9c109928f970 method=POST path=/v1/transcribe}: gigastt_core::inference::audio::wave: Audio (wave): 16000Hz, 1ch (streaming windows)
2026-10-01T20:12:54.759579Z  INFO request{request_id=01a0f919-3586-748a-a15c-91874bf4abf2 method=POST path=/v1/transcribe}: gigastt_core::inference::engine::infer: encoder_inference elapsed_ms=735
2026-10-01T20:12:54.759668Z  INFO request{request_id=01a0f919-3586-748a-a15c-91874bf4abf2 method=POST path=/v1/transcribe}: gigastt_core::inference::engine::file_stream: transcribe complete (streaming windows) audio_s=2.19 wall_s=0.74 rtf=0.336
2026-10-01T20:12:54.767347Z  INFO request{request_id=01a0f919-386e-722b-9990-33c7f1137032 method=POST path=/v1/transcribe}: gigastt_core::inference::audio::wave: Audio (wave): 16000Hz, 1ch (streaming windows)
2026-10-01T20:12:54.784916Z  INFO request{request_id=01a0f919-363a-7719-a15b-9c109928f970 method=POST path=/v1/transcribe}: gigastt_core::inference::engine::infer: encoder_inference elapsed_ms=581
2026-10-01T20:12:54.785015Z  INFO request{request_id=01a0f919-363a-7719-a15b-9c109928f970 method=POST path=/v1/transcribe}: gigastt_core::inference::engine::file_stream: transcribe complete (streaming windows) audio_s=1.84 wall_s=0.58 rtf=0.316
2026-10-01T20:12:54.788294Z  INFO request{request_id=01a0f919-3884-71dd-bea9-8e1a107dbf1f method=POST path=/v1/transcribe}: gigastt_core::inference::audio::wave: Audio (wave): 16000Hz, 1ch (streaming windows)
2026-10-01T20:12:55.077350Z  INFO request{request_id=01a0f919-3884-71dd-bea9-8e1a107dbf1f method=POST path=/v1/transcribe}: gigastt_core::inference::engine::infer: encoder_inference elapsed_ms=288
2026-10-01T20:12:55.077450Z  INFO request{request_id=01a0f919-3884-71dd-bea9-8e1a107dbf1f method=POST path=/v1/transcribe}: gigastt_core::inference::engine::file_stream: transcribe complete (streaming windows) audio_s=1.74 wall_s=0.29 rtf=0.166
2026-10-01T20:12:55.088756Z  INFO request{request_id=01a0f919-39b0-72b8-bfd1-d5f1e6920105 method=POST path=/v1/transcribe}: gigastt_core::inference::audio::wave: Audio (wave): 16000Hz, 1ch (streaming windows)
2026-10-01T20:12:55.622293Z  INFO request{request_id=01a0f919-39b0-72b8-bfd1-d5f1e6920105 method=POST path=/v1/transcribe}: gigastt_core::inference::engine::infer: encoder_inference elapsed_ms=533
2026-10-01T20:12:55.622394Z  INFO request{request_id=01a0f919-39b0-72b8-bfd1-d5f1e6920105 method=POST path=/v1/transcribe}: gigastt_core::inference::engine::file_stream: transcribe complete (streaming windows) audio_s=1.92 wall_s=0.53 rtf=0.278
2026-10-01T20:12:55.639208Z  INFO request{request_id=01a0f919-3bd6-7779-b5c4-ea1087cb22bb method=POST path=/v1/transcribe}: gigastt_core::inference::audio::wave: Audio (wave): 16000Hz, 1ch (streaming windows)
2026-10-01T20:12:55.842010Z  INFO request{request_id=01a0f919-386e-722b-9990-33c7f1137032 method=POST path=/v1/transcribe}: gigastt_core::inference::engine::infer: encoder_inference elapsed_ms=1073
2026-10-01T20:12:55.842163Z  INFO request{request_id=01a0f919-386e-722b-9990-33c7f1137032 method=POST path=/v1/transcribe}: gigastt_core::inference::engine::file_stream: transcribe complete (streaming windows) audio_s=6.93 wall_s=1.07 rtf=0.155
2026-10-01T20:12:55.848948Z  INFO request{request_id=01a0f919-3ca8-7027-80df-8d056f1f0530 method=POST path=/v1/transcribe}: gigastt_core::inference::audio::wave: Audio (wave): 16000Hz, 1ch (streaming windows)
2026-10-01T20:12:56.123229Z  INFO request{request_id=01a0f919-3bd6-7779-b5c4-ea1087cb22bb method=POST path=/v1/transcribe}: gigastt_core::inference::engine::infer: encoder_inference elapsed_ms=483
2026-10-01T20:12:56.123350Z  INFO request{request_id=01a0f919-3bd6-7779-b5c4-ea1087cb22bb method=POST path=/v1/transcribe}: gigastt_core::inference::engine::file_stream: transcribe complete (streaming windows) audio_s=4.21 wall_s=0.48 rtf=0.115
2026-10-01T20:12:56.127037Z  INFO request{request_id=01a0f919-3dbe-74ca-a734-0a1ee9332e93 method=POST path=/v1/transcribe}: gigastt_core::inference::audio::wave: Audio (wave): 16000Hz, 1ch (streaming windows)
2026-10-01T20:12:56.439671Z  INFO request{request_id=01a0f919-3ca8-7027-80df-8d056f1f0530 method=POST path=/v1/transcribe}: gigastt_core::inference::engine::infer: encoder_inference elapsed_ms=589
2026-10-01T20:12:56.439793Z  INFO request{request_id=01a0f919-3ca8-7027-80df-8d056f1f0530 method=POST path=/v1/transcribe}: gigastt_core::inference::engine::file_stream: transcribe complete (streaming windows) audio_s=5.10 wall_s=0.59 rtf=0.116
2026-10-01T20:12:56.445931Z  INFO request{request_id=01a0f919-3efd-7448-8765-d5722217b0c9 method=POST path=/v1/transcribe}: gigastt_core::inference::audio::wave: Audio (wave): 16000Hz, 1ch (streaming windows)
2026-10-01T20:12:56.560888Z  INFO request{request_id=01a0f919-3dbe-74ca-a734-0a1ee9332e93 method=POST path=/v1/transcribe}: gigastt_core::inference::engine::infer: encoder_inference elapsed_ms=433
2026-10-01T20:12:56.560991Z  INFO request{request_id=01a0f919-3dbe-74ca-a734-0a1ee9332e93 method=POST path=/v1/transcribe}: gigastt_core::inference::engine::file_stream: transcribe complete (streaming windows) audio_s=3.42 wall_s=0.43 rtf=0.127
2026-10-01T20:12:56.564023Z  INFO request{request_id=01a0f919-3f73-743c-a84b-3f45819c0f0a method=POST path=/v1/transcribe}: gigastt_core::inference::audio::wave: Audio (wave): 16000Hz, 1ch (streaming windows)
2026-10-01T20:12:56.722111Z  INFO request{request_id=01a0f919-3efd-7448-8765-d5722217b0c9 method=POST path=/v1/transcribe}: gigastt_core::inference::engine::infer: encoder_inference elapsed_ms=275
2026-10-01T20:12:56.722208Z  INFO request{request_id=01a0f919-3efd-7448-8765-d5722217b0c9 method=POST path=/v1/transcribe}: gigastt_core::inference::engine::file_stream: transcribe complete (streaming windows) audio_s=1.98 wall_s=0.28 rtf=0.140
2026-10-01T20:12:56.727823Z  INFO request{request_id=01a0f919-4017-76bc-a205-5c9dd8e7d22c method=POST path=/v1/transcribe}: gigastt_core::inference::audio::wave: Audio (wave): 16000Hz, 1ch (streaming windows)
2026-10-01T20:12:56.997582Z  INFO request{request_id=01a0f919-4017-76bc-a205-5c9dd8e7d22c method=POST path=/v1/transcribe}: gigastt_core::inference::engine::infer: encoder_inference elapsed_ms=269
2026-10-01T20:12:56.997663Z  INFO request{request_id=01a0f919-4017-76bc-a205-5c9dd8e7d22c method=POST path=/v1/transcribe}: gigastt_core::inference::engine::file_stream: transcribe complete (streaming windows) audio_s=1.83 wall_s=0.27 rtf=0.147
2026-10-01T20:12:57.007461Z  INFO request{request_id=01a0f919-412f-72cb-b661-0f9957011e60 method=POST path=/v1/transcribe}: gigastt_core::inference::audio::wave: Audio (wave): 16000Hz, 1ch (streaming windows)
2026-10-01T20:12:57.009172Z  INFO request{request_id=01a0f919-3f73-743c-a84b-3f45819c0f0a method=POST path=/v1/transcribe}: gigastt_core::inference::engine::infer: encoder_inference elapsed_ms=444
2026-10-01T20:12:57.009267Z  INFO request{request_id=01a0f919-3f73-743c-a84b-3f45819c0f0a method=POST path=/v1/transcribe}: gigastt_core::inference::engine::file_stream: transcribe complete (streaming windows) audio_s=3.72 wall_s=0.45 rtf=0.120
2026-10-01T20:12:57.023048Z  INFO request{request_id=01a0f919-413e-7259-87ae-4f004230ce43 method=POST path=/v1/transcribe}: gigastt_core::inference::audio::wave: Audio (wave): 16000Hz, 1ch (streaming windows)
2026-10-01T20:12:57.225728Z  INFO request{request_id=01a0f919-413e-7259-87ae-4f004230ce43 method=POST path=/v1/transcribe}: gigastt_core::inference::engine::infer: encoder_inference elapsed_ms=202
2026-10-01T20:12:57.225809Z  INFO request{request_id=01a0f919-413e-7259-87ae-4f004230ce43 method=POST path=/v1/transcribe}: gigastt_core::inference::engine::file_stream: transcribe complete (streaming windows) audio_s=1.46 wall_s=0.20 rtf=0.139
2026-10-01T20:12:57.230326Z  INFO request{request_id=01a0f919-420e-70c7-8e5c-8e36671baa1d method=POST path=/v1/transcribe}: gigastt_core::inference::audio::wave: Audio (wave): 16000Hz, 1ch (streaming windows)
2026-10-01T20:12:57.237842Z  INFO request{request_id=01a0f919-412f-72cb-b661-0f9957011e60 method=POST path=/v1/transcribe}: gigastt_core::inference::engine::infer: encoder_inference elapsed_ms=230
2026-10-01T20:12:57.237910Z  INFO request{request_id=01a0f919-412f-72cb-b661-0f9957011e60 method=POST path=/v1/transcribe}: gigastt_core::inference::engine::file_stream: transcribe complete (streaming windows) audio_s=2.00 wall_s=0.23 rtf=0.115
2026-10-01T20:12:57.245561Z  INFO request{request_id=01a0f919-421d-7652-be36-ffab89e0ddde method=POST path=/v1/transcribe}: gigastt_core::inference::audio::wave: Audio (wave): 16000Hz, 1ch (streaming windows)
2026-10-01T20:12:57.582836Z  INFO request{request_id=01a0f919-420e-70c7-8e5c-8e36671baa1d method=POST path=/v1/transcribe}: gigastt_core::inference::engine::infer: encoder_inference elapsed_ms=352
2026-10-01T20:12:57.582931Z  INFO request{request_id=01a0f919-420e-70c7-8e5c-8e36671baa1d method=POST path=/v1/transcribe}: gigastt_core::inference::engine::file_stream: transcribe complete (streaming windows) audio_s=2.79 wall_s=0.35 rtf=0.126
2026-10-01T20:12:57.601464Z  INFO request{request_id=01a0f919-4381-70e1-a5d0-21a43d4de124 method=POST path=/v1/transcribe}: gigastt_core::inference::audio::wave: Audio (wave): 16000Hz, 1ch (streaming windows)
2026-10-01T20:12:57.671695Z  INFO request{request_id=01a0f919-421d-7652-be36-ffab89e0ddde method=POST path=/v1/transcribe}: gigastt_core::inference::engine::infer: encoder_inference elapsed_ms=425
2026-10-01T20:12:57.671803Z  INFO request{request_id=01a0f919-421d-7652-be36-ffab89e0ddde method=POST path=/v1/transcribe}: gigastt_core::inference::engine::file_stream: transcribe complete (streaming windows) audio_s=3.77 wall_s=0.43 rtf=0.113
2026-10-01T20:12:57.683706Z  INFO request{request_id=01a0f919-43d3-76d4-b5cc-2414720d60f3 method=POST path=/v1/transcribe}: gigastt_core::inference::audio::wave: Audio (wave): 16000Hz, 1ch (streaming windows)
2026-10-01T20:12:57.927685Z  INFO request{request_id=01a0f919-43d3-76d4-b5cc-2414720d60f3 method=POST path=/v1/transcribe}: gigastt_core::inference::engine::infer: encoder_inference elapsed_ms=242
2026-10-01T20:12:57.927779Z  INFO request{request_id=01a0f919-43d3-76d4-b5cc-2414720d60f3 method=POST path=/v1/transcribe}: gigastt_core::inference::engine::file_stream: transcribe complete (streaming windows) audio_s=1.76 wall_s=0.24 rtf=0.138
2026-10-01T20:12:57.932573Z  INFO request{request_id=01a0f919-44cc-7665-816d-18652e709a90 method=POST path=/v1/transcribe}: gigastt_core::inference::audio::wave: Audio (wave): 16000Hz, 1ch (streaming windows)
2026-10-01T20:12:58.305103Z  INFO request{request_id=01a0f919-44cc-7665-816d-18652e709a90 method=POST path=/v1/transcribe}: gigastt_core::inference::engine::infer: encoder_inference elapsed_ms=372
2026-10-01T20:12:58.305213Z  INFO request{request_id=01a0f919-44cc-7665-816d-18652e709a90 method=POST path=/v1/transcribe}: gigastt_core::inference::engine::file_stream: transcribe complete (streaming windows) audio_s=3.06 wall_s=0.37 rtf=0.122
2026-10-01T20:12:58.308278Z  INFO request{request_id=01a0f919-4644-74cd-8a9d-29e202b84511 method=POST path=/v1/transcribe}: gigastt_core::inference::audio::wave: Audio (wave): 16000Hz, 1ch (streaming windows)
2026-10-01T20:12:58.347011Z  INFO request{request_id=01a0f919-4381-70e1-a5d0-21a43d4de124 method=POST path=/v1/transcribe}: gigastt_core::inference::engine::infer: encoder_inference elapsed_ms=744
2026-10-01T20:12:58.347141Z  INFO request{request_id=01a0f919-4381-70e1-a5d0-21a43d4de124 method=POST path=/v1/transcribe}: gigastt_core::inference::engine::file_stream: transcribe complete (streaming windows) audio_s=6.41 wall_s=0.75 rtf=0.116
2026-10-01T20:12:58.350532Z  INFO request{request_id=01a0f919-466e-7552-922c-34765372f48c method=POST path=/v1/transcribe}: gigastt_core::inference::audio::wave: Audio (wave): 16000Hz, 1ch (streaming windows)
2026-10-01T20:12:58.613522Z  INFO request{request_id=01a0f919-4644-74cd-8a9d-29e202b84511 method=POST path=/v1/transcribe}: gigastt_core::inference::engine::infer: encoder_inference elapsed_ms=304
2026-10-01T20:12:58.613608Z  INFO request{request_id=01a0f919-4644-74cd-8a9d-29e202b84511 method=POST path=/v1/transcribe}: gigastt_core::inference::engine::file_stream: transcribe complete (streaming windows) audio_s=2.80 wall_s=0.31 rtf=0.109
2026-10-01T20:12:58.617082Z  INFO request{request_id=01a0f919-4778-7338-a160-f668176f3f64 method=POST path=/v1/transcribe}: gigastt_core::inference::audio::wave: Audio (wave): 16000Hz, 1ch (streaming windows)
2026-10-01T20:12:58.927398Z  INFO request{request_id=01a0f919-4778-7338-a160-f668176f3f64 method=POST path=/v1/transcribe}: gigastt_core::inference::engine::infer: encoder_inference elapsed_ms=309
2026-10-01T20:12:58.927484Z  INFO request{request_id=01a0f919-4778-7338-a160-f668176f3f64 method=POST path=/v1/transcribe}: gigastt_core::inference::engine::file_stream: transcribe complete (streaming windows) audio_s=3.10 wall_s=0.31 rtf=0.100
2026-10-01T20:12:58.931963Z  INFO request{request_id=01a0f919-48b3-7790-a7cd-9a3a683a3ab1 method=POST path=/v1/transcribe}: gigastt_core::inference::audio::wave: Audio (wave): 16000Hz, 1ch (streaming windows)
2026-10-01T20:12:59.059729Z  INFO request{request_id=01a0f919-466e-7552-922c-34765372f48c method=POST path=/v1/transcribe}: gigastt_core::inference::engine::infer: encoder_inference elapsed_ms=708
2026-10-01T20:12:59.059867Z  INFO request{request_id=01a0f919-466e-7552-922c-34765372f48c method=POST path=/v1/transcribe}: gigastt_core::inference::engine::file_stream: transcribe complete (streaming windows) audio_s=6.43 wall_s=0.71 rtf=0.110
2026-10-01T20:12:59.063298Z  INFO request{request_id=01a0f919-4937-76cb-b007-18cbd2a3f0ef method=POST path=/v1/transcribe}: gigastt_core::inference::audio::wave: Audio (wave): 16000Hz, 1ch (streaming windows)
2026-10-01T20:12:59.221951Z  INFO request{request_id=01a0f919-48b3-7790-a7cd-9a3a683a3ab1 method=POST path=/v1/transcribe}: gigastt_core::inference::engine::infer: encoder_inference elapsed_ms=289
2026-10-01T20:12:59.222041Z  INFO request{request_id=01a0f919-48b3-7790-a7cd-9a3a683a3ab1 method=POST path=/v1/transcribe}: gigastt_core::inference::engine::file_stream: transcribe complete (streaming windows) audio_s=3.11 wall_s=0.29 rtf=0.093
2026-10-01T20:12:59.225147Z  INFO request{request_id=01a0f919-49d8-75ce-9c92-ecb9d577d79e method=POST path=/v1/transcribe}: gigastt_core::inference::audio::wave: Audio (wave): 16000Hz, 1ch (streaming windows)
2026-10-01T20:12:59.429130Z  INFO request{request_id=01a0f919-4937-76cb-b007-18cbd2a3f0ef method=POST path=/v1/transcribe}: gigastt_core::inference::engine::infer: encoder_inference elapsed_ms=365
2026-10-01T20:12:59.429271Z  INFO request{request_id=01a0f919-4937-76cb-b007-18cbd2a3f0ef method=POST path=/v1/transcribe}: gigastt_core::inference::engine::file_stream: transcribe complete (streaming windows) audio_s=2.55 wall_s=0.37 rtf=0.143
2026-10-01T20:12:59.433041Z  INFO request{request_id=01a0f919-4aa8-7504-9ce3-6f017a76a9c4 method=POST path=/v1/transcribe}: gigastt_core::inference::audio::wave: Audio (wave): 16000Hz, 1ch (streaming windows)
2026-10-01T20:12:59.480433Z  INFO request{request_id=01a0f919-49d8-75ce-9c92-ecb9d577d79e method=POST path=/v1/transcribe}: gigastt_core::inference::engine::infer: encoder_inference elapsed_ms=254
2026-10-01T20:12:59.480520Z  INFO request{request_id=01a0f919-49d8-75ce-9c92-ecb9d577d79e method=POST path=/v1/transcribe}: gigastt_core::inference::engine::file_stream: transcribe complete (streaming windows) audio_s=1.57 wall_s=0.26 rtf=0.163
2026-10-01T20:12:59.484286Z  INFO request{request_id=01a0f919-4adc-72b4-a6ba-ceb20d63c682 method=POST path=/v1/transcribe}: gigastt_core::inference::audio::wave: Audio (wave): 16000Hz, 1ch (streaming windows)
2026-10-01T20:12:59.776687Z  INFO request{request_id=01a0f919-4aa8-7504-9ce3-6f017a76a9c4 method=POST path=/v1/transcribe}: gigastt_core::inference::engine::infer: encoder_inference elapsed_ms=343
2026-10-01T20:12:59.776823Z  INFO request{request_id=01a0f919-4aa8-7504-9ce3-6f017a76a9c4 method=POST path=/v1/transcribe}: gigastt_core::inference::engine::file_stream: transcribe complete (streaming windows) audio_s=1.96 wall_s=0.34 rtf=0.176
2026-10-01T20:12:59.780745Z  INFO request{request_id=01a0f919-4c04-7322-ba2a-860d2e48aa3f method=POST path=/v1/transcribe}: gigastt_core::inference::audio::wave: Audio (wave): 16000Hz, 1ch (streaming windows)
2026-10-01T20:13:00.038745Z  INFO request{request_id=01a0f919-4adc-72b4-a6ba-ceb20d63c682 method=POST path=/v1/transcribe}: gigastt_core::inference::engine::infer: encoder_inference elapsed_ms=553
2026-10-01T20:13:00.038834Z  INFO request{request_id=01a0f919-4adc-72b4-a6ba-ceb20d63c682 method=POST path=/v1/transcribe}: gigastt_core::inference::engine::file_stream: transcribe complete (streaming windows) audio_s=3.25 wall_s=0.55 rtf=0.171
2026-10-01T20:13:00.042992Z  INFO request{request_id=01a0f919-4d0a-7455-a7c1-0917cef7cf33 method=POST path=/v1/transcribe}: gigastt_core::inference::audio::wave: Audio (wave): 16000Hz, 1ch (streaming windows)
2026-10-01T20:13:00.415933Z  INFO request{request_id=01a0f919-4c04-7322-ba2a-860d2e48aa3f method=POST path=/v1/transcribe}: gigastt_core::inference::engine::infer: encoder_inference elapsed_ms=634
2026-10-01T20:13:00.416211Z  INFO request{request_id=01a0f919-4c04-7322-ba2a-860d2e48aa3f method=POST path=/v1/transcribe}: gigastt_core::inference::engine::file_stream: transcribe complete (streaming windows) audio_s=2.99 wall_s=0.64 rtf=0.212
2026-10-01T20:13:00.425883Z  INFO request{request_id=01a0f919-4e89-72ac-a26b-36594714324f method=POST path=/v1/transcribe}: gigastt_core::inference::audio::wave: Audio (wave): 16000Hz, 1ch (streaming windows)
2026-10-01T20:13:00.662468Z  INFO request{request_id=01a0f919-4d0a-7455-a7c1-0917cef7cf33 method=POST path=/v1/transcribe}: gigastt_core::inference::engine::infer: encoder_inference elapsed_ms=619
2026-10-01T20:13:00.662590Z  INFO request{request_id=01a0f919-4d0a-7455-a7c1-0917cef7cf33 method=POST path=/v1/transcribe}: gigastt_core::inference::engine::file_stream: transcribe complete (streaming windows) audio_s=2.27 wall_s=0.62 rtf=0.273
2026-10-01T20:13:00.674262Z  INFO request{request_id=01a0f919-4f7f-754e-ab84-fe59c3218f23 method=POST path=/v1/transcribe}: gigastt_core::inference::audio::wave: Audio (wave): 16000Hz, 1ch (streaming windows)
2026-10-01T20:13:00.895574Z  INFO request{request_id=01a0f919-4e89-72ac-a26b-36594714324f method=POST path=/v1/transcribe}: gigastt_core::inference::engine::infer: encoder_inference elapsed_ms=467
2026-10-01T20:13:00.895649Z  INFO request{request_id=01a0f919-4e89-72ac-a26b-36594714324f method=POST path=/v1/transcribe}: gigastt_core::inference::engine::file_stream: transcribe complete (streaming windows) audio_s=2.39 wall_s=0.47 rtf=0.196
2026-10-01T20:13:00.898991Z  INFO request{request_id=01a0f919-5062-7604-974b-88197879d75d method=POST path=/v1/transcribe}: gigastt_core::inference::audio::wave: Audio (wave): 16000Hz, 1ch (streaming windows)
2026-10-01T20:13:01.121655Z  INFO request{request_id=01a0f919-4f7f-754e-ab84-fe59c3218f23 method=POST path=/v1/transcribe}: gigastt_core::inference::engine::infer: encoder_inference elapsed_ms=446
2026-10-01T20:13:01.121844Z  INFO request{request_id=01a0f919-4f7f-754e-ab84-fe59c3218f23 method=POST path=/v1/transcribe}: gigastt_core::inference::engine::file_stream: transcribe complete (streaming windows) audio_s=2.94 wall_s=0.45 rtf=0.152
2026-10-01T20:13:01.126043Z  INFO request{request_id=01a0f919-5145-7733-9e3c-112a88717401 method=POST path=/v1/transcribe}: gigastt_core::inference::audio::wave: Audio (wave): 16000Hz, 1ch (streaming windows)
2026-10-01T20:13:01.267396Z  INFO request{request_id=01a0f919-5062-7604-974b-88197879d75d method=POST path=/v1/transcribe}: gigastt_core::inference::engine::infer: encoder_inference elapsed_ms=368
2026-10-01T20:13:01.267490Z  INFO request{request_id=01a0f919-5062-7604-974b-88197879d75d method=POST path=/v1/transcribe}: gigastt_core::inference::engine::file_stream: transcribe complete (streaming windows) audio_s=3.05 wall_s=0.37 rtf=0.121
2026-10-01T20:13:01.270456Z  INFO request{request_id=01a0f919-51d6-75bf-b2f7-898d34fedb32 method=POST path=/v1/transcribe}: gigastt_core::inference::audio::wave: Audio (wave): 16000Hz, 1ch (streaming windows)
2026-10-01T20:13:01.497411Z  INFO request{request_id=01a0f919-51d6-75bf-b2f7-898d34fedb32 method=POST path=/v1/transcribe}: gigastt_core::inference::engine::infer: encoder_inference elapsed_ms=226
2026-10-01T20:13:01.497488Z  INFO request{request_id=01a0f919-51d6-75bf-b2f7-898d34fedb32 method=POST path=/v1/transcribe}: gigastt_core::inference::engine::file_stream: transcribe complete (streaming windows) audio_s=1.68 wall_s=0.23 rtf=0.136
2026-10-01T20:13:01.504047Z  INFO request{request_id=01a0f919-52bf-76d6-a35e-4a27da6268ff method=POST path=/v1/transcribe}: gigastt_core::inference::audio::wave: Audio (wave): 16000Hz, 1ch (streaming windows)
2026-10-01T20:13:01.623919Z  INFO request{request_id=01a0f919-5145-7733-9e3c-112a88717401 method=POST path=/v1/transcribe}: gigastt_core::inference::engine::infer: encoder_inference elapsed_ms=497
2026-10-01T20:13:01.624033Z  INFO request{request_id=01a0f919-5145-7733-9e3c-112a88717401 method=POST path=/v1/transcribe}: gigastt_core::inference::engine::file_stream: transcribe complete (streaming windows) audio_s=3.61 wall_s=0.50 rtf=0.138
2026-10-01T20:13:01.630519Z  INFO request{request_id=01a0f919-533e-7594-91a0-af953e9474d6 method=POST path=/v1/transcribe}: gigastt_core::inference::audio::wave: Audio (wave): 16000Hz, 1ch (streaming windows)
2026-10-01T20:13:01.815369Z  INFO request{request_id=01a0f919-52bf-76d6-a35e-4a27da6268ff method=POST path=/v1/transcribe}: gigastt_core::inference::engine::infer: encoder_inference elapsed_ms=310
2026-10-01T20:13:01.815461Z  INFO request{request_id=01a0f919-52bf-76d6-a35e-4a27da6268ff method=POST path=/v1/transcribe}: gigastt_core::inference::engine::file_stream: transcribe complete (streaming windows) audio_s=2.41 wall_s=0.31 rtf=0.129
2026-10-01T20:13:01.821975Z  INFO request{request_id=01a0f919-53fd-72fb-8d3c-55a7347bdda8 method=POST path=/v1/transcribe}: gigastt_core::inference::audio::wave: Audio (wave): 16000Hz, 1ch (streaming windows)
2026-10-01T20:13:01.964135Z  INFO request{request_id=01a0f919-533e-7594-91a0-af953e9474d6 method=POST path=/v1/transcribe}: gigastt_core::inference::engine::infer: encoder_inference elapsed_ms=333
2026-10-01T20:13:01.964230Z  INFO request{request_id=01a0f919-533e-7594-91a0-af953e9474d6 method=POST path=/v1/transcribe}: gigastt_core::inference::engine::file_stream: transcribe complete (streaming windows) audio_s=2.91 wall_s=0.33 rtf=0.115
2026-10-01T20:13:01.967997Z  INFO request{request_id=01a0f919-548f-7402-b238-a01f19b8ee0a method=POST path=/v1/transcribe}: gigastt_core::inference::audio::wave: Audio (wave): 16000Hz, 1ch (streaming windows)
2026-10-01T20:13:02.093170Z  INFO request{request_id=01a0f919-53fd-72fb-8d3c-55a7347bdda8 method=POST path=/v1/transcribe}: gigastt_core::inference::engine::infer: encoder_inference elapsed_ms=270
2026-10-01T20:13:02.093238Z  INFO request{request_id=01a0f919-53fd-72fb-8d3c-55a7347bdda8 method=POST path=/v1/transcribe}: gigastt_core::inference::engine::file_stream: transcribe complete (streaming windows) audio_s=2.11 wall_s=0.27 rtf=0.128
2026-10-01T20:13:02.099449Z  INFO request{request_id=01a0f919-5513-7772-934a-4918e91a3dab method=POST path=/v1/transcribe}: gigastt_core::inference::audio::wave: Audio (wave): 16000Hz, 1ch (streaming windows)
2026-10-01T20:13:02.251572Z  INFO request{request_id=01a0f919-548f-7402-b238-a01f19b8ee0a method=POST path=/v1/transcribe}: gigastt_core::inference::engine::infer: encoder_inference elapsed_ms=283
2026-10-01T20:13:02.251668Z  INFO request{request_id=01a0f919-548f-7402-b238-a01f19b8ee0a method=POST path=/v1/transcribe}: gigastt_core::inference::engine::file_stream: transcribe complete (streaming windows) audio_s=2.05 wall_s=0.28 rtf=0.139
2026-10-01T20:13:02.258619Z  INFO request{request_id=01a0f919-55b2-7300-9c9b-23bff6998254 method=POST path=/v1/transcribe}: gigastt_core::inference::audio::wave: Audio (wave): 16000Hz, 1ch (streaming windows)
2026-10-01T20:13:02.370244Z  INFO request{request_id=01a0f919-5513-7772-934a-4918e91a3dab method=POST path=/v1/transcribe}: gigastt_core::inference::engine::infer: encoder_inference elapsed_ms=270
2026-10-01T20:13:02.370332Z  INFO request{request_id=01a0f919-5513-7772-934a-4918e91a3dab method=POST path=/v1/transcribe}: gigastt_core::inference::engine::file_stream: transcribe complete (streaming windows) audio_s=2.39 wall_s=0.27 rtf=0.113
2026-10-01T20:13:02.376996Z  INFO request{request_id=01a0f919-5628-723b-a364-db79ebd882d5 method=POST path=/v1/transcribe}: gigastt_core::inference::audio::wave: Audio (wave): 16000Hz, 1ch (streaming windows)
2026-10-01T20:13:02.473725Z  INFO request{request_id=01a0f919-55b2-7300-9c9b-23bff6998254 method=POST path=/v1/transcribe}: gigastt_core::inference::engine::infer: encoder_inference elapsed_ms=214
2026-10-01T20:13:02.473810Z  INFO request{request_id=01a0f919-55b2-7300-9c9b-23bff6998254 method=POST path=/v1/transcribe}: gigastt_core::inference::engine::file_stream: transcribe complete (streaming windows) audio_s=1.41 wall_s=0.22 rtf=0.153
2026-10-01T20:13:02.480550Z  INFO request{request_id=01a0f919-5690-76e1-b764-81635b8200b6 method=POST path=/v1/transcribe}: gigastt_core::inference::audio::wave: Audio (wave): 16000Hz, 1ch (streaming windows)
2026-10-01T20:13:02.860940Z  INFO request{request_id=01a0f919-5628-723b-a364-db79ebd882d5 method=POST path=/v1/transcribe}: gigastt_core::inference::engine::infer: encoder_inference elapsed_ms=483
2026-10-01T20:13:02.861034Z  INFO request{request_id=01a0f919-5628-723b-a364-db79ebd882d5 method=POST path=/v1/transcribe}: gigastt_core::inference::engine::file_stream: transcribe complete (streaming windows) audio_s=4.11 wall_s=0.48 rtf=0.118
2026-10-01T20:13:02.864321Z  INFO request{request_id=01a0f919-5810-7614-ac9c-8067d7c2acd3 method=POST path=/v1/transcribe}: gigastt_core::inference::audio::wave: Audio (wave): 16000Hz, 1ch (streaming windows)
2026-10-01T20:13:03.156834Z  INFO request{request_id=01a0f919-5810-7614-ac9c-8067d7c2acd3 method=POST path=/v1/transcribe}: gigastt_core::inference::engine::infer: encoder_inference elapsed_ms=292
2026-10-01T20:13:03.156951Z  INFO request{request_id=01a0f919-5810-7614-ac9c-8067d7c2acd3 method=POST path=/v1/transcribe}: gigastt_core::inference::engine::file_stream: transcribe complete (streaming windows) audio_s=2.31 wall_s=0.29 rtf=0.126
2026-10-01T20:13:03.162435Z  INFO request{request_id=01a0f919-593a-7578-bfb0-71d35a0379a1 method=POST path=/v1/transcribe}: gigastt_core::inference::audio::wave: Audio (wave): 16000Hz, 1ch (streaming windows)
2026-10-01T20:13:03.229488Z  INFO request{request_id=01a0f919-5690-76e1-b764-81635b8200b6 method=POST path=/v1/transcribe}: gigastt_core::inference::engine::infer: encoder_inference elapsed_ms=748
2026-10-01T20:13:03.229660Z  INFO request{request_id=01a0f919-5690-76e1-b764-81635b8200b6 method=POST path=/v1/transcribe}: gigastt_core::inference::engine::file_stream: transcribe complete (streaming windows) audio_s=6.11 wall_s=0.75 rtf=0.123
2026-10-01T20:13:03.232708Z  INFO request{request_id=01a0f919-5980-7758-9ec8-05e65bfb5174 method=POST path=/v1/transcribe}: gigastt_core::inference::audio::wave: Audio (wave): 16000Hz, 1ch (streaming windows)
2026-10-01T20:13:03.382296Z  INFO request{request_id=01a0f919-593a-7578-bfb0-71d35a0379a1 method=POST path=/v1/transcribe}: gigastt_core::inference::engine::infer: encoder_inference elapsed_ms=219
2026-10-01T20:13:03.382401Z  INFO request{request_id=01a0f919-593a-7578-bfb0-71d35a0379a1 method=POST path=/v1/transcribe}: gigastt_core::inference::engine::file_stream: transcribe complete (streaming windows) audio_s=1.66 wall_s=0.22 rtf=0.132
2026-10-01T20:13:03.387724Z  INFO request{request_id=01a0f919-5a1b-7309-be36-658db0cc12a3 method=POST path=/v1/transcribe}: gigastt_core::inference::audio::wave: Audio (wave): 16000Hz, 1ch (streaming windows)
2026-10-01T20:13:03.545311Z  INFO request{request_id=01a0f919-5980-7758-9ec8-05e65bfb5174 method=POST path=/v1/transcribe}: gigastt_core::inference::engine::infer: encoder_inference elapsed_ms=312
2026-10-01T20:13:03.545406Z  INFO request{request_id=01a0f919-5980-7758-9ec8-05e65bfb5174 method=POST path=/v1/transcribe}: gigastt_core::inference::engine::file_stream: transcribe complete (streaming windows) audio_s=2.13 wall_s=0.31 rtf=0.147
2026-10-01T20:13:03.550068Z  INFO request{request_id=01a0f919-5abd-739b-b591-53fbbce38112 method=POST path=/v1/transcribe}: gigastt_core::inference::audio::wave: Audio (wave): 16000Hz, 1ch (streaming windows)
2026-10-01T20:13:03.766667Z  INFO request{request_id=01a0f919-5a1b-7309-be36-658db0cc12a3 method=POST path=/v1/transcribe}: gigastt_core::inference::engine::infer: encoder_inference elapsed_ms=378
2026-10-01T20:13:03.766760Z  INFO request{request_id=01a0f919-5a1b-7309-be36-658db0cc12a3 method=POST path=/v1/transcribe}: gigastt_core::inference::engine::file_stream: transcribe complete (streaming windows) audio_s=2.64 wall_s=0.38 rtf=0.143
2026-10-01T20:13:03.773052Z  INFO request{request_id=01a0f919-5b9c-75f9-a778-fbd39198983a method=POST path=/v1/transcribe}: gigastt_core::inference::audio::wave: Audio (wave): 16000Hz, 1ch (streaming windows)
2026-10-01T20:13:03.996877Z  INFO request{request_id=01a0f919-5abd-739b-b591-53fbbce38112 method=POST path=/v1/transcribe}: gigastt_core::inference::engine::infer: encoder_inference elapsed_ms=446
2026-10-01T20:13:03.997002Z  INFO request{request_id=01a0f919-5abd-739b-b591-53fbbce38112 method=POST path=/v1/transcribe}: gigastt_core::inference::engine::file_stream: transcribe complete (streaming windows) audio_s=3.08 wall_s=0.45 rtf=0.145
2026-10-01T20:13:04.000891Z  INFO request{request_id=01a0f919-5c80-7183-b5d9-7f36d4137fc9 method=POST path=/v1/transcribe}: gigastt_core::inference::audio::wave: Audio (wave): 16000Hz, 1ch (streaming windows)
2026-10-01T20:13:04.233260Z  INFO request{request_id=01a0f919-5c80-7183-b5d9-7f36d4137fc9 method=POST path=/v1/transcribe}: gigastt_core::inference::engine::infer: encoder_inference elapsed_ms=232
2026-10-01T20:13:04.233339Z  INFO request{request_id=01a0f919-5c80-7183-b5d9-7f36d4137fc9 method=POST path=/v1/transcribe}: gigastt_core::inference::engine::file_stream: transcribe complete (streaming windows) audio_s=1.48 wall_s=0.23 rtf=0.158
2026-10-01T20:13:04.239543Z  INFO request{request_id=01a0f919-5d6f-73ef-9141-085cce89cacf method=POST path=/v1/transcribe}: gigastt_core::inference::audio::wave: Audio (wave): 16000Hz, 1ch (streaming windows)
2026-10-01T20:13:04.435315Z  INFO request{request_id=01a0f919-5b9c-75f9-a778-fbd39198983a method=POST path=/v1/transcribe}: gigastt_core::inference::engine::infer: encoder_inference elapsed_ms=661
2026-10-01T20:13:04.435411Z  INFO request{request_id=01a0f919-5b9c-75f9-a778-fbd39198983a method=POST path=/v1/transcribe}: gigastt_core::inference::engine::file_stream: transcribe complete (streaming windows) audio_s=5.25 wall_s=0.66 rtf=0.126
2026-10-01T20:13:04.439829Z  INFO request{request_id=01a0f919-5e37-7451-b237-4d1c2cad284e method=POST path=/v1/transcribe}: gigastt_core::inference::audio::wave: Audio (wave): 16000Hz, 1ch (streaming windows)
2026-10-01T20:13:04.692894Z  INFO request{request_id=01a0f919-5d6f-73ef-9141-085cce89cacf method=POST path=/v1/transcribe}: gigastt_core::inference::engine::infer: encoder_inference elapsed_ms=452
2026-10-01T20:13:04.692988Z  INFO request{request_id=01a0f919-5d6f-73ef-9141-085cce89cacf method=POST path=/v1/transcribe}: gigastt_core::inference::engine::file_stream: transcribe complete (streaming windows) audio_s=3.38 wall_s=0.45 rtf=0.134
2026-10-01T20:13:04.697180Z  INFO request{request_id=01a0f919-5f39-72af-87d4-36c587b772b4 method=POST path=/v1/transcribe}: gigastt_core::inference::audio::wave: Audio (wave): 16000Hz, 1ch (streaming windows)
2026-10-01T20:13:04.997711Z  INFO request{request_id=01a0f919-5f39-72af-87d4-36c587b772b4 method=POST path=/v1/transcribe}: gigastt_core::inference::engine::infer: encoder_inference elapsed_ms=300
2026-10-01T20:13:04.997783Z  INFO request{request_id=01a0f919-5f39-72af-87d4-36c587b772b4 method=POST path=/v1/transcribe}: gigastt_core::inference::engine::file_stream: transcribe complete (streaming windows) audio_s=2.60 wall_s=0.30 rtf=0.116
2026-10-01T20:13:05.004016Z  INFO request{request_id=01a0f919-606b-77a2-96e8-ac68a70b8179 method=POST path=/v1/transcribe}: gigastt_core::inference::audio::wave: Audio (wave): 16000Hz, 1ch (streaming windows)
2026-10-01T20:13:05.025364Z  INFO request{request_id=01a0f919-5e37-7451-b237-4d1c2cad284e method=POST path=/v1/transcribe}: gigastt_core::inference::engine::infer: encoder_inference elapsed_ms=584
2026-10-01T20:13:05.025459Z  INFO request{request_id=01a0f919-5e37-7451-b237-4d1c2cad284e method=POST path=/v1/transcribe}: gigastt_core::inference::engine::file_stream: transcribe complete (streaming windows) audio_s=4.96 wall_s=0.59 rtf=0.118
2026-10-01T20:13:05.028471Z  INFO request{request_id=01a0f919-6084-741f-9f5a-134747b33522 method=POST path=/v1/transcribe}: gigastt_core::inference::audio::wave: Audio (wave): 16000Hz, 1ch (streaming windows)
2026-10-01T20:13:05.342731Z  INFO request{request_id=01a0f919-6084-741f-9f5a-134747b33522 method=POST path=/v1/transcribe}: gigastt_core::inference::engine::infer: encoder_inference elapsed_ms=313
2026-10-01T20:13:05.342817Z  INFO request{request_id=01a0f919-6084-741f-9f5a-134747b33522 method=POST path=/v1/transcribe}: gigastt_core::inference::engine::file_stream: transcribe complete (streaming windows) audio_s=2.75 wall_s=0.31 rtf=0.114
2026-10-01T20:13:05.348770Z  INFO request{request_id=01a0f919-61c4-7150-a685-3070eefc3f03 method=POST path=/v1/transcribe}: gigastt_core::inference::audio::wave: Audio (wave): 16000Hz, 1ch (streaming windows)
2026-10-01T20:13:05.476511Z  INFO request{request_id=01a0f919-606b-77a2-96e8-ac68a70b8179 method=POST path=/v1/transcribe}: gigastt_core::inference::engine::infer: encoder_inference elapsed_ms=472
2026-10-01T20:13:05.476608Z  INFO request{request_id=01a0f919-606b-77a2-96e8-ac68a70b8179 method=POST path=/v1/transcribe}: gigastt_core::inference::engine::file_stream: transcribe complete (streaming windows) audio_s=4.62 wall_s=0.47 rtf=0.102
2026-10-01T20:13:05.483291Z  INFO request{request_id=01a0f919-624a-73f8-b672-c8156c9dd20e method=POST path=/v1/transcribe}: gigastt_core::inference::audio::wave: Audio (wave): 16000Hz, 1ch (streaming windows)
2026-10-01T20:13:05.745147Z  INFO request{request_id=01a0f919-624a-73f8-b672-c8156c9dd20e method=POST path=/v1/transcribe}: gigastt_core::inference::engine::infer: encoder_inference elapsed_ms=261
2026-10-01T20:13:05.745255Z  INFO request{request_id=01a0f919-624a-73f8-b672-c8156c9dd20e method=POST path=/v1/transcribe}: gigastt_core::inference::engine::file_stream: transcribe complete (streaming windows) audio_s=2.37 wall_s=0.26 rtf=0.111
2026-10-01T20:13:05.749407Z  INFO request{request_id=01a0f919-6355-723e-a8b3-ad9473be5bbd method=POST path=/v1/transcribe}: gigastt_core::inference::audio::wave: Audio (wave): 16000Hz, 1ch (streaming windows)
2026-10-01T20:13:05.855126Z  INFO request{request_id=01a0f919-61c4-7150-a685-3070eefc3f03 method=POST path=/v1/transcribe}: gigastt_core::inference::engine::infer: encoder_inference elapsed_ms=505
2026-10-01T20:13:05.855233Z  INFO request{request_id=01a0f919-61c4-7150-a685-3070eefc3f03 method=POST path=/v1/transcribe}: gigastt_core::inference::engine::file_stream: transcribe complete (streaming windows) audio_s=4.87 wall_s=0.51 rtf=0.104
2026-10-01T20:13:05.858083Z  INFO request{request_id=01a0f919-63c1-7254-9821-d318026d1b06 method=POST path=/v1/transcribe}: gigastt_core::inference::audio::wave: Audio (wave): 16000Hz, 1ch (streaming windows)
2026-10-01T20:13:06.005683Z  INFO request{request_id=01a0f919-6355-723e-a8b3-ad9473be5bbd method=POST path=/v1/transcribe}: gigastt_core::inference::engine::infer: encoder_inference elapsed_ms=255
2026-10-01T20:13:06.005759Z  INFO request{request_id=01a0f919-6355-723e-a8b3-ad9473be5bbd method=POST path=/v1/transcribe}: gigastt_core::inference::engine::file_stream: transcribe complete (streaming windows) audio_s=2.33 wall_s=0.26 rtf=0.110
2026-10-01T20:13:06.011631Z  INFO request{request_id=01a0f919-645b-767f-9ec5-169faee5102a method=POST path=/v1/transcribe}: gigastt_core::inference::audio::wave: Audio (wave): 16000Hz, 1ch (streaming windows)
2026-10-01T20:13:06.119894Z  INFO request{request_id=01a0f919-63c1-7254-9821-d318026d1b06 method=POST path=/v1/transcribe}: gigastt_core::inference::engine::infer: encoder_inference elapsed_ms=261
2026-10-01T20:13:06.119969Z  INFO request{request_id=01a0f919-63c1-7254-9821-d318026d1b06 method=POST path=/v1/transcribe}: gigastt_core::inference::engine::file_stream: transcribe complete (streaming windows) audio_s=2.43 wall_s=0.26 rtf=0.108
2026-10-01T20:13:06.125432Z  INFO request{request_id=01a0f919-64cd-719f-8a01-aed7863127f7 method=POST path=/v1/transcribe}: gigastt_core::inference::audio::wave: Audio (wave): 16000Hz, 1ch (streaming windows)
2026-10-01T20:13:06.498143Z  INFO request{request_id=01a0f919-64cd-719f-8a01-aed7863127f7 method=POST path=/v1/transcribe}: gigastt_core::inference::engine::infer: encoder_inference elapsed_ms=372
2026-10-01T20:13:06.498244Z  INFO request{request_id=01a0f919-64cd-719f-8a01-aed7863127f7 method=POST path=/v1/transcribe}: gigastt_core::inference::engine::file_stream: transcribe complete (streaming windows) audio_s=3.46 wall_s=0.37 rtf=0.108
2026-10-01T20:13:06.503902Z  INFO request{request_id=01a0f919-6647-730d-9e8d-4b2f9c0a6203 method=POST path=/v1/transcribe}: gigastt_core::inference::audio::wave: Audio (wave): 16000Hz, 1ch (streaming windows)
2026-10-01T20:13:06.645918Z  INFO request{request_id=01a0f919-645b-767f-9ec5-169faee5102a method=POST path=/v1/transcribe}: gigastt_core::inference::engine::infer: encoder_inference elapsed_ms=633
2026-10-01T20:13:06.646027Z  INFO request{request_id=01a0f919-645b-767f-9ec5-169faee5102a method=POST path=/v1/transcribe}: gigastt_core::inference::engine::file_stream: transcribe complete (streaming windows) audio_s=6.37 wall_s=0.63 rtf=0.100
2026-10-01T20:13:06.651772Z  INFO request{request_id=01a0f919-66db-703e-83b1-6385ac04c7b2 method=POST path=/v1/transcribe}: gigastt_core::inference::audio::wave: Audio (wave): 16000Hz, 1ch (streaming windows)
2026-10-01T20:13:06.715173Z  INFO request{request_id=01a0f919-6647-730d-9e8d-4b2f9c0a6203 method=POST path=/v1/transcribe}: gigastt_core::inference::engine::infer: encoder_inference elapsed_ms=210
2026-10-01T20:13:06.715270Z  INFO request{request_id=01a0f919-6647-730d-9e8d-4b2f9c0a6203 method=POST path=/v1/transcribe}: gigastt_core::inference::engine::file_stream: transcribe complete (streaming windows) audio_s=1.73 wall_s=0.21 rtf=0.122
2026-10-01T20:13:06.717877Z  INFO request{request_id=01a0f919-671d-7484-a419-eb65af1aa859 method=POST path=/v1/transcribe}: gigastt_core::inference::audio::wave: Audio (wave): 16000Hz, 1ch (streaming windows)
2026-10-01T20:13:06.925920Z  INFO request{request_id=01a0f919-66db-703e-83b1-6385ac04c7b2 method=POST path=/v1/transcribe}: gigastt_core::inference::engine::infer: encoder_inference elapsed_ms=273
2026-10-01T20:13:06.925997Z  INFO request{request_id=01a0f919-66db-703e-83b1-6385ac04c7b2 method=POST path=/v1/transcribe}: gigastt_core::inference::engine::file_stream: transcribe complete (streaming windows) audio_s=2.58 wall_s=0.27 rtf=0.106
2026-10-01T20:13:06.931871Z  INFO request{request_id=01a0f919-67f3-7256-a610-e05b839cd21d method=POST path=/v1/transcribe}: gigastt_core::inference::audio::wave: Audio (wave): 16000Hz, 1ch (streaming windows)
2026-10-01T20:13:07.057954Z  INFO request{request_id=01a0f919-671d-7484-a419-eb65af1aa859 method=POST path=/v1/transcribe}: gigastt_core::inference::engine::infer: encoder_inference elapsed_ms=339
2026-10-01T20:13:07.058059Z  INFO request{request_id=01a0f919-671d-7484-a419-eb65af1aa859 method=POST path=/v1/transcribe}: gigastt_core::inference::engine::file_stream: transcribe complete (streaming windows) audio_s=3.18 wall_s=0.34 rtf=0.107
2026-10-01T20:13:07.063828Z  INFO request{request_id=01a0f919-6877-70fd-861b-aef9252e6386 method=POST path=/v1/transcribe}: gigastt_core::inference::audio::wave: Audio (wave): 16000Hz, 1ch (streaming windows)
2026-10-01T20:13:07.298844Z  INFO request{request_id=01a0f919-6877-70fd-861b-aef9252e6386 method=POST path=/v1/transcribe}: gigastt_core::inference::engine::infer: encoder_inference elapsed_ms=234
2026-10-01T20:13:07.298926Z  INFO request{request_id=01a0f919-6877-70fd-861b-aef9252e6386 method=POST path=/v1/transcribe}: gigastt_core::inference::engine::file_stream: transcribe complete (streaming windows) audio_s=1.99 wall_s=0.24 rtf=0.118
2026-10-01T20:13:07.304782Z  INFO request{request_id=01a0f919-6968-70d2-a7c8-fa3b84c81e23 method=POST path=/v1/transcribe}: gigastt_core::inference::audio::wave: Audio (wave): 16000Hz, 1ch (streaming windows)
2026-10-01T20:13:07.398991Z  INFO request{request_id=01a0f919-67f3-7256-a610-e05b839cd21d method=POST path=/v1/transcribe}: gigastt_core::inference::engine::infer: encoder_inference elapsed_ms=466
2026-10-01T20:13:07.399107Z  INFO request{request_id=01a0f919-67f3-7256-a610-e05b839cd21d method=POST path=/v1/transcribe}: gigastt_core::inference::engine::file_stream: transcribe complete (streaming windows) audio_s=4.64 wall_s=0.47 rtf=0.101
2026-10-01T20:13:07.401709Z  INFO request{request_id=01a0f919-69c9-72b2-abaa-9d1a8ccab57f method=POST path=/v1/transcribe}: gigastt_core::inference::audio::wave: Audio (wave): 16000Hz, 1ch (streaming windows)
2026-10-01T20:13:07.671299Z  INFO request{request_id=01a0f919-69c9-72b2-abaa-9d1a8ccab57f method=POST path=/v1/transcribe}: gigastt_core::inference::engine::infer: encoder_inference elapsed_ms=269
2026-10-01T20:13:07.671384Z  INFO request{request_id=01a0f919-69c9-72b2-abaa-9d1a8ccab57f method=POST path=/v1/transcribe}: gigastt_core::inference::engine::file_stream: transcribe complete (streaming windows) audio_s=2.20 wall_s=0.27 rtf=0.122
2026-10-01T20:13:07.677606Z  INFO request{request_id=01a0f919-6add-76ce-857e-30bb5dfa1488 method=POST path=/v1/transcribe}: gigastt_core::inference::audio::wave: Audio (wave): 16000Hz, 1ch (streaming windows)
2026-10-01T20:13:07.712079Z  INFO request{request_id=01a0f919-6968-70d2-a7c8-fa3b84c81e23 method=POST path=/v1/transcribe}: gigastt_core::inference::engine::infer: encoder_inference elapsed_ms=406
2026-10-01T20:13:07.712181Z  INFO request{request_id=01a0f919-6968-70d2-a7c8-fa3b84c81e23 method=POST path=/v1/transcribe}: gigastt_core::inference::engine::file_stream: transcribe complete (streaming windows) audio_s=3.97 wall_s=0.41 rtf=0.103
2026-10-01T20:13:07.715193Z  INFO request{request_id=01a0f919-6b02-7437-a745-9b32e97edf71 method=POST path=/v1/transcribe}: gigastt_core::inference::audio::wave: Audio (wave): 16000Hz, 1ch (streaming windows)
2026-10-01T20:13:08.013629Z  INFO request{request_id=01a0f919-6add-76ce-857e-30bb5dfa1488 method=POST path=/v1/transcribe}: gigastt_core::inference::engine::infer: encoder_inference elapsed_ms=335
2026-10-01T20:13:08.013712Z  INFO request{request_id=01a0f919-6add-76ce-857e-30bb5dfa1488 method=POST path=/v1/transcribe}: gigastt_core::inference::engine::file_stream: transcribe complete (streaming windows) audio_s=3.18 wall_s=0.34 rtf=0.106
2026-10-01T20:13:08.019604Z  INFO request{request_id=01a0f919-6c33-7006-ac14-2942ebee45d3 method=POST path=/v1/transcribe}: gigastt_core::inference::audio::wave: Audio (wave): 16000Hz, 1ch (streaming windows)
2026-10-01T20:13:08.042545Z  INFO request{request_id=01a0f919-6b02-7437-a745-9b32e97edf71 method=POST path=/v1/transcribe}: gigastt_core::inference::engine::infer: encoder_inference elapsed_ms=326
2026-10-01T20:13:08.042632Z  INFO request{request_id=01a0f919-6b02-7437-a745-9b32e97edf71 method=POST path=/v1/transcribe}: gigastt_core::inference::engine::file_stream: transcribe complete (streaming windows) audio_s=3.10 wall_s=0.33 rtf=0.106
2026-10-01T20:13:08.045455Z  INFO request{request_id=01a0f919-6c4d-706a-9c20-0e70e15b885d method=POST path=/v1/transcribe}: gigastt_core::inference::audio::wave: Audio (wave): 16000Hz, 1ch (streaming windows)
2026-10-01T20:13:08.292464Z  INFO request{request_id=01a0f919-6c33-7006-ac14-2942ebee45d3 method=POST path=/v1/transcribe}: gigastt_core::inference::engine::infer: encoder_inference elapsed_ms=272
2026-10-01T20:13:08.292554Z  INFO request{request_id=01a0f919-6c33-7006-ac14-2942ebee45d3 method=POST path=/v1/transcribe}: gigastt_core::inference::engine::file_stream: transcribe complete (streaming windows) audio_s=2.46 wall_s=0.27 rtf=0.111
2026-10-01T20:13:08.298557Z  INFO request{request_id=01a0f919-6d4a-715b-be84-714d3c40c987 method=POST path=/v1/transcribe}: gigastt_core::inference::audio::wave: Audio (wave): 16000Hz, 1ch (streaming windows)
2026-10-01T20:13:08.816764Z  INFO request{request_id=01a0f919-6c4d-706a-9c20-0e70e15b885d method=POST path=/v1/transcribe}: gigastt_core::inference::engine::infer: encoder_inference elapsed_ms=770
2026-10-01T20:13:08.816883Z  INFO request{request_id=01a0f919-6c4d-706a-9c20-0e70e15b885d method=POST path=/v1/transcribe}: gigastt_core::inference::engine::file_stream: transcribe complete (streaming windows) audio_s=7.67 wall_s=0.77 rtf=0.101
2026-10-01T20:13:08.822735Z  INFO request{request_id=01a0f919-6f56-7515-a5fd-94985d78aa69 method=POST path=/v1/transcribe}: gigastt_core::inference::audio::wave: Audio (wave): 16000Hz, 1ch (streaming windows)
2026-10-01T20:13:09.073247Z  INFO request{request_id=01a0f919-6d4a-715b-be84-714d3c40c987 method=POST path=/v1/transcribe}: gigastt_core::inference::engine::infer: encoder_inference elapsed_ms=773
2026-10-01T20:13:09.073356Z  INFO request{request_id=01a0f919-6d4a-715b-be84-714d3c40c987 method=POST path=/v1/transcribe}: gigastt_core::inference::engine::file_stream: transcribe complete (streaming windows) audio_s=7.01 wall_s=0.77 rtf=0.111
2026-10-01T20:13:09.078919Z  INFO request{request_id=01a0f919-7056-75b4-9eeb-64b4b72088d4 method=POST path=/v1/transcribe}: gigastt_core::inference::audio::wave: Audio (wave): 16000Hz, 1ch (streaming windows)
2026-10-01T20:13:09.095928Z  INFO request{request_id=01a0f919-6f56-7515-a5fd-94985d78aa69 method=POST path=/v1/transcribe}: gigastt_core::inference::engine::infer: encoder_inference elapsed_ms=272
2026-10-01T20:13:09.096003Z  INFO request{request_id=01a0f919-6f56-7515-a5fd-94985d78aa69 method=POST path=/v1/transcribe}: gigastt_core::inference::engine::file_stream: transcribe complete (streaming windows) audio_s=2.17 wall_s=0.27 rtf=0.126
2026-10-01T20:13:09.098483Z  INFO request{request_id=01a0f919-706a-7276-a722-cf132386c09e method=POST path=/v1/transcribe}: gigastt_core::inference::audio::wave: Audio (wave): 16000Hz, 1ch (streaming windows)
2026-10-01T20:13:09.335541Z  INFO request{request_id=01a0f919-7056-75b4-9eeb-64b4b72088d4 method=POST path=/v1/transcribe}: gigastt_core::inference::engine::infer: encoder_inference elapsed_ms=256
2026-10-01T20:13:09.335626Z  INFO request{request_id=01a0f919-7056-75b4-9eeb-64b4b72088d4 method=POST path=/v1/transcribe}: gigastt_core::inference::engine::file_stream: transcribe complete (streaming windows) audio_s=2.04 wall_s=0.26 rtf=0.126
2026-10-01T20:13:09.341404Z  INFO request{request_id=01a0f919-715d-72c5-b1a9-2e05365d321a method=POST path=/v1/transcribe}: gigastt_core::inference::audio::wave: Audio (wave): 16000Hz, 1ch (streaming windows)
2026-10-01T20:13:09.349098Z  INFO request{request_id=01a0f919-706a-7276-a722-cf132386c09e method=POST path=/v1/transcribe}: gigastt_core::inference::engine::infer: encoder_inference elapsed_ms=250
2026-10-01T20:13:09.349185Z  INFO request{request_id=01a0f919-706a-7276-a722-cf132386c09e method=POST path=/v1/transcribe}: gigastt_core::inference::engine::file_stream: transcribe complete (streaming windows) audio_s=2.28 wall_s=0.25 rtf=0.110
2026-10-01T20:13:09.351955Z  INFO request{request_id=01a0f919-7167-7530-aaf0-4678d9ea1018 method=POST path=/v1/transcribe}: gigastt_core::inference::audio::wave: Audio (wave): 16000Hz, 1ch (streaming windows)
2026-10-01T20:13:09.748689Z  INFO request{request_id=01a0f919-7167-7530-aaf0-4678d9ea1018 method=POST path=/v1/transcribe}: gigastt_core::inference::engine::infer: encoder_inference elapsed_ms=396
2026-10-01T20:13:09.748774Z  INFO request{request_id=01a0f919-7167-7530-aaf0-4678d9ea1018 method=POST path=/v1/transcribe}: gigastt_core::inference::engine::file_stream: transcribe complete (streaming windows) audio_s=3.88 wall_s=0.40 rtf=0.102
2026-10-01T20:13:09.754313Z  INFO request{request_id=01a0f919-72fa-74ac-8711-24eae4c6fd03 method=POST path=/v1/transcribe}: gigastt_core::inference::audio::wave: Audio (wave): 16000Hz, 1ch (streaming windows)
2026-10-01T20:13:09.816956Z  INFO request{request_id=01a0f919-715d-72c5-b1a9-2e05365d321a method=POST path=/v1/transcribe}: gigastt_core::inference::engine::infer: encoder_inference elapsed_ms=474
2026-10-01T20:13:09.817050Z  INFO request{request_id=01a0f919-715d-72c5-b1a9-2e05365d321a method=POST path=/v1/transcribe}: gigastt_core::inference::engine::file_stream: transcribe complete (streaming windows) audio_s=4.51 wall_s=0.48 rtf=0.105
2026-10-01T20:13:09.820104Z  INFO request{request_id=01a0f919-733b-7105-9571-d25eae77e38f method=POST path=/v1/transcribe}: gigastt_core::inference::audio::wave: Audio (wave): 16000Hz, 1ch (streaming windows)
2026-10-01T20:13:09.903265Z  INFO request{request_id=01a0f919-72fa-74ac-8711-24eae4c6fd03 method=POST path=/v1/transcribe}: gigastt_core::inference::engine::infer: encoder_inference elapsed_ms=148
2026-10-01T20:13:09.903346Z  INFO request{request_id=01a0f919-72fa-74ac-8711-24eae4c6fd03 method=POST path=/v1/transcribe}: gigastt_core::inference::engine::file_stream: transcribe complete (streaming windows) audio_s=1.07 wall_s=0.15 rtf=0.139
2026-10-01T20:13:09.908118Z  INFO request{request_id=01a0f919-7393-7745-b1dc-7d3fc562b52c method=POST path=/v1/transcribe}: gigastt_core::inference::audio::wave: Audio (wave): 16000Hz, 1ch (streaming windows)
2026-10-01T20:13:10.522707Z  INFO request{request_id=01a0f919-733b-7105-9571-d25eae77e38f method=POST path=/v1/transcribe}: gigastt_core::inference::engine::infer: encoder_inference elapsed_ms=702
2026-10-01T20:13:10.522813Z  INFO request{request_id=01a0f919-733b-7105-9571-d25eae77e38f method=POST path=/v1/transcribe}: gigastt_core::inference::engine::file_stream: transcribe complete (streaming windows) audio_s=6.56 wall_s=0.70 rtf=0.107
2026-10-01T20:13:10.529827Z  INFO request{request_id=01a0f919-7600-76f9-a0dc-3e7d2edf56ce method=POST path=/v1/transcribe}: gigastt_core::inference::audio::wave: Audio (wave): 16000Hz, 1ch (streaming windows)
2026-10-01T20:13:14.519963Z  INFO request{request_id=01a0f919-7393-7745-b1dc-7d3fc562b52c method=POST path=/v1/transcribe}: gigastt_core::inference::engine::infer: encoder_inference elapsed_ms=4609
2026-10-01T20:13:14.520400Z  INFO request{request_id=01a0f919-7393-7745-b1dc-7d3fc562b52c method=POST path=/v1/transcribe}: gigastt_core::inference::engine::file_stream: transcribe complete (streaming windows) audio_s=29.98 wall_s=4.61 rtf=0.154
2026-10-01T20:13:14.529682Z  INFO request{request_id=01a0f919-859f-72a0-82b8-a5f461d8dd4a method=POST path=/v1/transcribe}: gigastt_core::inference::audio::wave: Audio (wave): 16000Hz, 1ch (streaming windows)
2026-10-01T20:13:14.979523Z  INFO request{request_id=01a0f919-7600-76f9-a0dc-3e7d2edf56ce method=POST path=/v1/transcribe}: gigastt_core::inference::engine::infer: encoder_inference elapsed_ms=4447
2026-10-01T20:13:14.979918Z  INFO request{request_id=01a0f919-7600-76f9-a0dc-3e7d2edf56ce method=POST path=/v1/transcribe}: gigastt_core::inference::engine::file_stream: transcribe complete (streaming windows) audio_s=29.98 wall_s=4.45 rtf=0.148
2026-10-01T20:13:14.987731Z  INFO request{request_id=01a0f919-876b-777b-b082-a0864d3f3267 method=POST path=/v1/transcribe}: gigastt_core::inference::audio::wave: Audio (wave): 16000Hz, 1ch (streaming windows)
2026-10-01T20:13:18.354305Z  INFO request{request_id=01a0f919-859f-72a0-82b8-a5f461d8dd4a method=POST path=/v1/transcribe}: gigastt_core::inference::engine::infer: encoder_inference elapsed_ms=3821
2026-10-01T20:13:18.354599Z  INFO request{request_id=01a0f919-859f-72a0-82b8-a5f461d8dd4a method=POST path=/v1/transcribe}: gigastt_core::inference::engine::file_stream: transcribe complete (streaming windows) audio_s=29.98 wall_s=3.82 rtf=0.128
2026-10-01T20:13:18.371195Z  INFO request{request_id=01a0f919-94a2-73bc-8cb3-785e3aed67c3 method=POST path=/v1/transcribe}: gigastt_core::inference::audio::wave: Audio (wave): 16000Hz, 1ch (streaming windows)
2026-10-01T20:13:18.708672Z  INFO request{request_id=01a0f919-876b-777b-b082-a0864d3f3267 method=POST path=/v1/transcribe}: gigastt_core::inference::engine::infer: encoder_inference elapsed_ms=3717
2026-10-01T20:13:18.709069Z  INFO request{request_id=01a0f919-876b-777b-b082-a0864d3f3267 method=POST path=/v1/transcribe}: gigastt_core::inference::engine::file_stream: transcribe complete (streaming windows) audio_s=29.98 wall_s=3.72 rtf=0.124
2026-10-01T20:13:18.713765Z  INFO request{request_id=01a0f919-95f9-73d9-94a7-6ff75cba1689 method=POST path=/v1/transcribe}: gigastt_core::inference::audio::wave: Audio (wave): 16000Hz, 1ch (streaming windows)
2026-10-01T20:13:21.439310Z  INFO request{request_id=01a0f919-94a2-73bc-8cb3-785e3aed67c3 method=POST path=/v1/transcribe}: gigastt_core::inference::engine::infer: encoder_inference elapsed_ms=3065
2026-10-01T20:13:21.439640Z  INFO request{request_id=01a0f919-94a2-73bc-8cb3-785e3aed67c3 method=POST path=/v1/transcribe}: gigastt_core::inference::engine::file_stream: transcribe complete (streaming windows) audio_s=23.09 wall_s=3.07 rtf=0.133
2026-10-01T20:13:21.449483Z  INFO request{request_id=01a0f919-a0a8-70e7-85d1-6297ea1ac0cb method=POST path=/v1/transcribe}: gigastt_core::inference::audio::wave: Audio (wave): 16000Hz, 1ch (streaming windows)
2026-10-01T20:13:21.590367Z  INFO request{request_id=01a0f919-95f9-73d9-94a7-6ff75cba1689 method=POST path=/v1/transcribe}: gigastt_core::inference::engine::infer: encoder_inference elapsed_ms=2873
2026-10-01T20:13:21.590609Z  INFO request{request_id=01a0f919-95f9-73d9-94a7-6ff75cba1689 method=POST path=/v1/transcribe}: gigastt_core::inference::engine::file_stream: transcribe complete (streaming windows) audio_s=23.09 wall_s=2.88 rtf=0.125
2026-10-01T20:13:21.594895Z  INFO request{request_id=01a0f919-a13a-76ed-92ad-51a6bc2eaf59 method=POST path=/v1/transcribe}: gigastt_core::inference::audio::wave: Audio (wave): 16000Hz, 1ch (streaming windows)
2026-10-01T20:13:24.028452Z  INFO request{request_id=01a0f919-a0a8-70e7-85d1-6297ea1ac0cb method=POST path=/v1/transcribe}: gigastt_core::inference::engine::infer: encoder_inference elapsed_ms=2576
2026-10-01T20:13:24.028693Z  INFO request{request_id=01a0f919-a0a8-70e7-85d1-6297ea1ac0cb method=POST path=/v1/transcribe}: gigastt_core::inference::engine::file_stream: transcribe complete (streaming windows) audio_s=23.09 wall_s=2.58 rtf=0.112
2026-10-01T20:13:24.036932Z  INFO request{request_id=01a0f919-aac4-75e8-a316-d6c7993f515b method=POST path=/v1/transcribe}: gigastt_core::inference::audio::wave: Audio (wave): 16000Hz, 1ch (streaming windows)
2026-10-01T20:13:24.089943Z  INFO request{request_id=01a0f919-a13a-76ed-92ad-51a6bc2eaf59 method=POST path=/v1/transcribe}: gigastt_core::inference::engine::infer: encoder_inference elapsed_ms=2493
2026-10-01T20:13:24.090185Z  INFO request{request_id=01a0f919-a13a-76ed-92ad-51a6bc2eaf59 method=POST path=/v1/transcribe}: gigastt_core::inference::engine::file_stream: transcribe complete (streaming windows) audio_s=22.80 wall_s=2.50 rtf=0.109
2026-10-01T20:13:24.094117Z  INFO request{request_id=01a0f919-aafd-71df-925d-4e83cb1f2e7a method=POST path=/v1/transcribe}: gigastt_core::inference::audio::wave: Audio (wave): 16000Hz, 1ch (streaming windows)
2026-10-01T20:13:25.944002Z  INFO request{request_id=01a0f919-aafd-71df-925d-4e83cb1f2e7a method=POST path=/v1/transcribe}: gigastt_core::inference::engine::infer: encoder_inference elapsed_ms=1848
2026-10-01T20:13:25.944304Z  INFO request{request_id=01a0f919-aafd-71df-925d-4e83cb1f2e7a method=POST path=/v1/transcribe}: gigastt_core::inference::engine::file_stream: transcribe complete (streaming windows) audio_s=17.22 wall_s=1.85 rtf=0.107
2026-10-01T20:13:25.952523Z  INFO request{request_id=01a0f919-b240-717f-abd2-ad95ba2e4582 method=POST path=/v1/transcribe}: gigastt_core::inference::audio::wave: Audio (wave): 16000Hz, 1ch (streaming windows)
2026-10-01T20:13:26.569007Z  INFO request{request_id=01a0f919-aac4-75e8-a316-d6c7993f515b method=POST path=/v1/transcribe}: gigastt_core::inference::engine::infer: encoder_inference elapsed_ms=2530
2026-10-01T20:13:26.569247Z  INFO request{request_id=01a0f919-aac4-75e8-a316-d6c7993f515b method=POST path=/v1/transcribe}: gigastt_core::inference::engine::file_stream: transcribe complete (streaming windows) audio_s=22.80 wall_s=2.53 rtf=0.111
2026-10-01T20:13:26.578263Z  INFO request{request_id=01a0f919-b4b1-75d8-a027-56e5b5ef1826 method=POST path=/v1/transcribe}: gigastt_core::inference::audio::wave: Audio (wave): 16000Hz, 1ch (streaming windows)
2026-10-01T20:13:27.870197Z  INFO request{request_id=01a0f919-b240-717f-abd2-ad95ba2e4582 method=POST path=/v1/transcribe}: gigastt_core::inference::engine::infer: encoder_inference elapsed_ms=1915
2026-10-01T20:13:27.870479Z  INFO request{request_id=01a0f919-b240-717f-abd2-ad95ba2e4582 method=POST path=/v1/transcribe}: gigastt_core::inference::engine::file_stream: transcribe complete (streaming windows) audio_s=17.22 wall_s=1.92 rtf=0.111
2026-10-01T20:13:27.885623Z  INFO request{request_id=01a0f919-b9cc-747d-baf7-ba5b3899701e method=POST path=/v1/transcribe}: gigastt_core::inference::audio::wave: Audio (wave): 16000Hz, 1ch (streaming windows)
2026-10-01T20:13:30.667465Z  INFO request{request_id=01a0f919-b4b1-75d8-a027-56e5b5ef1826 method=POST path=/v1/transcribe}: gigastt_core::inference::engine::infer: encoder_inference elapsed_ms=4086
2026-10-01T20:13:30.667740Z  INFO request{request_id=01a0f919-b4b1-75d8-a027-56e5b5ef1826 method=POST path=/v1/transcribe}: gigastt_core::inference::engine::file_stream: transcribe complete (streaming windows) audio_s=28.49 wall_s=4.09 rtf=0.144
2026-10-01T20:13:30.675938Z  INFO request{request_id=01a0f919-c4b3-71b1-a1c4-982a13e6c9f4 method=POST path=/v1/transcribe}: gigastt_core::inference::audio::wave: Audio (wave): 16000Hz, 1ch (streaming windows)
2026-10-01T20:13:31.615461Z  INFO request{request_id=01a0f919-b9cc-747d-baf7-ba5b3899701e method=POST path=/v1/transcribe}: gigastt_core::inference::engine::infer: encoder_inference elapsed_ms=3726
2026-10-01T20:13:31.615860Z  INFO request{request_id=01a0f919-b9cc-747d-baf7-ba5b3899701e method=POST path=/v1/transcribe}: gigastt_core::inference::engine::file_stream: transcribe complete (streaming windows) audio_s=28.29 wall_s=3.73 rtf=0.132
2026-10-01T20:13:31.626475Z  INFO request{request_id=01a0f919-c869-702e-ae16-5e85ad79c4f1 method=POST path=/v1/transcribe}: gigastt_core::inference::audio::wave: Audio (wave): 16000Hz, 1ch (streaming windows)
2026-10-01T20:13:32.990829Z  INFO request{request_id=01a0f919-c4b3-71b1-a1c4-982a13e6c9f4 method=POST path=/v1/transcribe}: gigastt_core::inference::engine::infer: encoder_inference elapsed_ms=2313
2026-10-01T20:13:32.991049Z  INFO request{request_id=01a0f919-c4b3-71b1-a1c4-982a13e6c9f4 method=POST path=/v1/transcribe}: gigastt_core::inference::engine::file_stream: transcribe complete (streaming windows) audio_s=20.97 wall_s=2.32 rtf=0.110
2026-10-01T20:13:32.998790Z  INFO request{request_id=01a0f919-cdc6-7439-9b11-a75627d07f7b method=POST path=/v1/transcribe}: gigastt_core::inference::audio::wave: Audio (wave): 16000Hz, 1ch (streaming windows)
2026-10-01T20:13:34.263652Z  INFO request{request_id=01a0f919-c869-702e-ae16-5e85ad79c4f1 method=POST path=/v1/transcribe}: gigastt_core::inference::engine::infer: encoder_inference elapsed_ms=2634
2026-10-01T20:13:34.263991Z  INFO request{request_id=01a0f919-c869-702e-ae16-5e85ad79c4f1 method=POST path=/v1/transcribe}: gigastt_core::inference::engine::file_stream: transcribe complete (streaming windows) audio_s=21.17 wall_s=2.64 rtf=0.125
2026-10-01T20:13:34.269569Z  INFO request{request_id=01a0f919-d2bc-7553-9e67-70279853f277 method=POST path=/v1/transcribe}: gigastt_core::inference::audio::wave: Audio (wave): 16000Hz, 1ch (streaming windows)
2026-10-01T20:13:36.751743Z  INFO request{request_id=01a0f919-cdc6-7439-9b11-a75627d07f7b method=POST path=/v1/transcribe}: gigastt_core::inference::engine::infer: encoder_inference elapsed_ms=3750
2026-10-01T20:13:36.752134Z  INFO request{request_id=01a0f919-cdc6-7439-9b11-a75627d07f7b method=POST path=/v1/transcribe}: gigastt_core::inference::engine::file_stream: transcribe complete (streaming windows) audio_s=27.00 wall_s=3.75 rtf=0.139
2026-10-01T20:13:36.757523Z  INFO request{request_id=01a0f919-dc75-70a8-8938-6d3ef1c7d9f3 method=POST path=/v1/transcribe}: gigastt_core::inference::audio::wave: Audio (wave): 16000Hz, 1ch (streaming windows)
2026-10-01T20:13:38.171364Z  INFO request{request_id=01a0f919-d2bc-7553-9e67-70279853f277 method=POST path=/v1/transcribe}: gigastt_core::inference::engine::infer: encoder_inference elapsed_ms=3898
2026-10-01T20:13:38.171861Z  INFO request{request_id=01a0f919-d2bc-7553-9e67-70279853f277 method=POST path=/v1/transcribe}: gigastt_core::inference::engine::file_stream: transcribe complete (streaming windows) audio_s=27.20 wall_s=3.90 rtf=0.143
2026-10-01T20:13:38.180252Z  INFO request{request_id=01a0f919-e203-717f-93df-93c78575b982 method=POST path=/v1/transcribe}: gigastt_core::inference::audio::wave: Audio (wave): 16000Hz, 1ch (streaming windows)
2026-10-01T20:13:39.117329Z  INFO request{request_id=01a0f919-dc75-70a8-8938-6d3ef1c7d9f3 method=POST path=/v1/transcribe}: gigastt_core::inference::engine::infer: encoder_inference elapsed_ms=2357
2026-10-01T20:13:39.117535Z  INFO request{request_id=01a0f919-dc75-70a8-8938-6d3ef1c7d9f3 method=POST path=/v1/transcribe}: gigastt_core::inference::engine::file_stream: transcribe complete (streaming windows) audio_s=16.98 wall_s=2.36 rtf=0.139
2026-10-01T20:13:39.122215Z  INFO request{request_id=01a0f919-e5b1-719b-9cfc-b3e550cdf647 method=POST path=/v1/transcribe}: gigastt_core::inference::audio::wave: Audio (wave): 16000Hz, 1ch (streaming windows)
2026-10-01T20:13:40.145267Z  INFO request{request_id=01a0f919-e5b1-719b-9cfc-b3e550cdf647 method=POST path=/v1/transcribe}: gigastt_core::inference::engine::infer: encoder_inference elapsed_ms=1022
2026-10-01T20:13:40.145464Z  INFO request{request_id=01a0f919-e5b1-719b-9cfc-b3e550cdf647 method=POST path=/v1/transcribe}: gigastt_core::inference::engine::file_stream: transcribe complete (streaming windows) audio_s=10.70 wall_s=1.02 rtf=0.096
2026-10-01T20:13:40.153318Z  INFO request{request_id=01a0f919-e9b8-74e1-8729-95f85af9f47d method=POST path=/v1/transcribe}: gigastt_core::inference::audio::wave: Audio (wave): 16000Hz, 1ch (streaming windows)
2026-10-01T20:13:40.218780Z  INFO request{request_id=01a0f919-e203-717f-93df-93c78575b982 method=POST path=/v1/transcribe}: gigastt_core::inference::engine::infer: encoder_inference elapsed_ms=2035
2026-10-01T20:13:40.219035Z  INFO request{request_id=01a0f919-e203-717f-93df-93c78575b982 method=POST path=/v1/transcribe}: gigastt_core::inference::engine::file_stream: transcribe complete (streaming windows) audio_s=16.98 wall_s=2.04 rtf=0.120
2026-10-01T20:13:40.223522Z  INFO request{request_id=01a0f919-e9fe-75df-9294-78c5088fe207 method=POST path=/v1/transcribe}: gigastt_core::inference::audio::wave: Audio (wave): 16000Hz, 1ch (streaming windows)
2026-10-01T20:13:43.292114Z  INFO request{request_id=01a0f919-e9b8-74e1-8729-95f85af9f47d method=POST path=/v1/transcribe}: gigastt_core::inference::engine::infer: encoder_inference elapsed_ms=3136
2026-10-01T20:13:43.292365Z  INFO request{request_id=01a0f919-e9b8-74e1-8729-95f85af9f47d method=POST path=/v1/transcribe}: gigastt_core::inference::engine::file_stream: transcribe complete (streaming windows) audio_s=25.58 wall_s=3.14 rtf=0.123
2026-10-01T20:13:43.300579Z  INFO request{request_id=01a0f919-f603-7089-b196-42cd9a57a9c6 method=POST path=/v1/transcribe}: gigastt_core::inference::audio::wave: Audio (wave): 16000Hz, 1ch (streaming windows)
2026-10-01T20:13:43.557534Z  INFO request{request_id=01a0f919-e9fe-75df-9294-78c5088fe207 method=POST path=/v1/transcribe}: gigastt_core::inference::engine::infer: encoder_inference elapsed_ms=3331
2026-10-01T20:13:43.557798Z  INFO request{request_id=01a0f919-e9fe-75df-9294-78c5088fe207 method=POST path=/v1/transcribe}: gigastt_core::inference::engine::file_stream: transcribe complete (streaming windows) audio_s=25.58 wall_s=3.33 rtf=0.130
2026-10-01T20:13:43.562320Z  INFO request{request_id=01a0f919-f709-74d8-ac8a-d716d4fb64f7 method=POST path=/v1/transcribe}: gigastt_core::inference::audio::wave: Audio (wave): 16000Hz, 1ch (streaming windows)
2026-10-01T20:13:45.605003Z  INFO request{request_id=01a0f919-f603-7089-b196-42cd9a57a9c6 method=POST path=/v1/transcribe}: gigastt_core::inference::engine::infer: encoder_inference elapsed_ms=2302
2026-10-01T20:13:45.605339Z  INFO request{request_id=01a0f919-f603-7089-b196-42cd9a57a9c6 method=POST path=/v1/transcribe}: gigastt_core::inference::engine::file_stream: transcribe complete (streaming windows) audio_s=20.53 wall_s=2.30 rtf=0.112
2026-10-01T20:13:45.614351Z  INFO request{request_id=01a0f919-ff0d-7680-986b-0402df46fda9 method=POST path=/v1/transcribe}: gigastt_core::inference::audio::wave: Audio (wave): 16000Hz, 1ch (streaming windows)
2026-10-01T20:13:45.660850Z  INFO request{request_id=01a0f919-f709-74d8-ac8a-d716d4fb64f7 method=POST path=/v1/transcribe}: gigastt_core::inference::engine::infer: encoder_inference elapsed_ms=2096
2026-10-01T20:13:45.661061Z  INFO request{request_id=01a0f919-f709-74d8-ac8a-d716d4fb64f7 method=POST path=/v1/transcribe}: gigastt_core::inference::engine::file_stream: transcribe complete (streaming windows) audio_s=20.53 wall_s=2.10 rtf=0.102
2026-10-01T20:13:45.665028Z  INFO request{request_id=01a0f919-ff40-702a-9f35-61a7b9d7e378 method=POST path=/v1/transcribe}: gigastt_core::inference::audio::wave: Audio (wave): 16000Hz, 1ch (streaming windows)
2026-10-01T20:13:47.941658Z  INFO request{request_id=01a0f919-ff0d-7680-986b-0402df46fda9 method=POST path=/v1/transcribe}: gigastt_core::inference::engine::infer: encoder_inference elapsed_ms=2324
2026-10-01T20:13:47.941879Z  INFO request{request_id=01a0f919-ff0d-7680-986b-0402df46fda9 method=POST path=/v1/transcribe}: gigastt_core::inference::engine::file_stream: transcribe complete (streaming windows) audio_s=20.86 wall_s=2.33 rtf=0.112
2026-10-01T20:13:47.949766Z  INFO request{request_id=01a0f91a-082d-7672-9e61-8423e539ef95 method=POST path=/v1/transcribe}: gigastt_core::inference::audio::wave: Audio (wave): 16000Hz, 1ch (streaming windows)
2026-10-01T20:13:48.073228Z  INFO request{request_id=01a0f919-ff40-702a-9f35-61a7b9d7e378 method=POST path=/v1/transcribe}: gigastt_core::inference::engine::infer: encoder_inference elapsed_ms=2406
2026-10-01T20:13:48.073451Z  INFO request{request_id=01a0f919-ff40-702a-9f35-61a7b9d7e378 method=POST path=/v1/transcribe}: gigastt_core::inference::engine::file_stream: transcribe complete (streaming windows) audio_s=20.86 wall_s=2.41 rtf=0.115
2026-10-01T20:13:48.079398Z  INFO request{request_id=01a0f91a-08af-76e4-a052-5fe4e71763ae method=POST path=/v1/transcribe}: gigastt_core::inference::audio::wave: Audio (wave): 16000Hz, 1ch (streaming windows)
2026-10-01T20:13:50.386965Z  INFO request{request_id=01a0f91a-082d-7672-9e61-8423e539ef95 method=POST path=/v1/transcribe}: gigastt_core::inference::engine::infer: encoder_inference elapsed_ms=2434
2026-10-01T20:13:50.387197Z  INFO request{request_id=01a0f91a-082d-7672-9e61-8423e539ef95 method=POST path=/v1/transcribe}: gigastt_core::inference::engine::file_stream: transcribe complete (streaming windows) audio_s=20.90 wall_s=2.44 rtf=0.117
2026-10-01T20:13:50.391338Z  INFO request{request_id=01a0f91a-11b6-71be-a8a8-f6596a3e5fe2 method=POST path=/v1/transcribe}: gigastt_core::inference::audio::wave: Audio (wave): 16000Hz, 1ch (streaming windows)
2026-10-01T20:13:50.545431Z  INFO request{request_id=01a0f91a-08af-76e4-a052-5fe4e71763ae method=POST path=/v1/transcribe}: gigastt_core::inference::engine::infer: encoder_inference elapsed_ms=2464
2026-10-01T20:13:50.545741Z  INFO request{request_id=01a0f91a-08af-76e4-a052-5fe4e71763ae method=POST path=/v1/transcribe}: gigastt_core::inference::engine::file_stream: transcribe complete (streaming windows) audio_s=20.90 wall_s=2.47 rtf=0.118
2026-10-01T20:13:50.552770Z  INFO request{request_id=01a0f91a-1258-70f9-ae0f-ca51dc19b92e method=POST path=/v1/transcribe}: gigastt_core::inference::audio::wave: Audio (wave): 16000Hz, 1ch (streaming windows)
2026-10-01T20:13:52.367925Z  INFO request{request_id=01a0f91a-1258-70f9-ae0f-ca51dc19b92e method=POST path=/v1/transcribe}: gigastt_core::inference::engine::infer: encoder_inference elapsed_ms=1813
2026-10-01T20:13:52.368213Z  INFO request{request_id=01a0f91a-1258-70f9-ae0f-ca51dc19b92e method=POST path=/v1/transcribe}: gigastt_core::inference::engine::file_stream: transcribe complete (streaming windows) audio_s=15.69 wall_s=1.82 rtf=0.116
2026-10-01T20:13:52.371708Z  INFO request{request_id=01a0f91a-1973-7659-a62e-63318050c6f9 method=POST path=/v1/transcribe}: gigastt_core::inference::audio::wave: Audio (wave): 16000Hz, 1ch (streaming windows)
2026-10-01T20:13:52.714514Z  INFO request{request_id=01a0f91a-11b6-71be-a8a8-f6596a3e5fe2 method=POST path=/v1/transcribe}: gigastt_core::inference::engine::infer: encoder_inference elapsed_ms=2320
2026-10-01T20:13:52.714717Z  INFO request{request_id=01a0f91a-11b6-71be-a8a8-f6596a3e5fe2 method=POST path=/v1/transcribe}: gigastt_core::inference::engine::file_stream: transcribe complete (streaming windows) audio_s=20.19 wall_s=2.32 rtf=0.115
2026-10-01T20:13:52.721189Z  INFO request{request_id=01a0f91a-1ad0-7790-9fac-7e5a98870e0e method=POST path=/v1/transcribe}: gigastt_core::inference::audio::wave: Audio (wave): 16000Hz, 1ch (streaming windows)
2026-10-01T20:13:54.277954Z  INFO request{request_id=01a0f91a-1ad0-7790-9fac-7e5a98870e0e method=POST path=/v1/transcribe}: gigastt_core::inference::engine::infer: encoder_inference elapsed_ms=1555
2026-10-01T20:13:54.278129Z  INFO request{request_id=01a0f91a-1ad0-7790-9fac-7e5a98870e0e method=POST path=/v1/transcribe}: gigastt_core::inference::engine::file_stream: transcribe complete (streaming windows) audio_s=15.79 wall_s=1.56 rtf=0.099
2026-10-01T20:13:54.285300Z  INFO request{request_id=01a0f91a-20ec-734e-a173-a10e47bf5641 method=POST path=/v1/transcribe}: gigastt_core::inference::audio::wave: Audio (wave): 16000Hz, 1ch (streaming windows)
2026-10-01T20:13:54.293714Z  INFO request{request_id=01a0f91a-1973-7659-a62e-63318050c6f9 method=POST path=/v1/transcribe}: gigastt_core::inference::engine::infer: encoder_inference elapsed_ms=1920
2026-10-01T20:13:54.293885Z  INFO request{request_id=01a0f91a-1973-7659-a62e-63318050c6f9 method=POST path=/v1/transcribe}: gigastt_core::inference::engine::file_stream: transcribe complete (streaming windows) audio_s=15.69 wall_s=1.92 rtf=0.123
2026-10-01T20:13:54.298258Z  INFO request{request_id=01a0f91a-20f9-733f-a552-7578aed96240 method=POST path=/v1/transcribe}: gigastt_core::inference::audio::wave: Audio (wave): 16000Hz, 1ch (streaming windows)
2026-10-01T20:13:56.021498Z  INFO request{request_id=01a0f91a-20ec-734e-a173-a10e47bf5641 method=POST path=/v1/transcribe}: gigastt_core::inference::engine::infer: encoder_inference elapsed_ms=1734
2026-10-01T20:13:56.021684Z  INFO request{request_id=01a0f91a-20ec-734e-a173-a10e47bf5641 method=POST path=/v1/transcribe}: gigastt_core::inference::engine::file_stream: transcribe complete (streaming windows) audio_s=15.79 wall_s=1.74 rtf=0.110
2026-10-01T20:13:56.028020Z  INFO request{request_id=01a0f91a-27bb-733c-856f-fb0eec18475f method=POST path=/v1/transcribe}: gigastt_core::inference::audio::wave: Audio (wave): 16000Hz, 1ch (streaming windows)
2026-10-01T20:13:56.632505Z  INFO request{request_id=01a0f91a-20f9-733f-a552-7578aed96240 method=POST path=/v1/transcribe}: gigastt_core::inference::engine::infer: encoder_inference elapsed_ms=2331
2026-10-01T20:13:56.632720Z  INFO request{request_id=01a0f91a-20f9-733f-a552-7578aed96240 method=POST path=/v1/transcribe}: gigastt_core::inference::engine::file_stream: transcribe complete (streaming windows) audio_s=20.51 wall_s=2.33 rtf=0.114
2026-10-01T20:13:56.641081Z  INFO request{request_id=01a0f91a-2a20-7498-8de4-012b48a089ee method=POST path=/v1/transcribe}: gigastt_core::inference::audio::wave: Audio (wave): 16000Hz, 1ch (streaming windows)
2026-10-01T20:13:58.494653Z  INFO request{request_id=01a0f91a-27bb-733c-856f-fb0eec18475f method=POST path=/v1/transcribe}: gigastt_core::inference::engine::infer: encoder_inference elapsed_ms=2464
2026-10-01T20:13:58.494866Z  INFO request{request_id=01a0f91a-27bb-733c-856f-fb0eec18475f method=POST path=/v1/transcribe}: gigastt_core::inference::engine::file_stream: transcribe complete (streaming windows) audio_s=20.51 wall_s=2.47 rtf=0.120
2026-10-01T20:13:58.502322Z  INFO request{request_id=01a0f91a-3165-762f-922f-bc56fd560e97 method=POST path=/v1/transcribe}: gigastt_core::inference::audio::wave: Audio (wave): 16000Hz, 1ch (streaming windows)
2026-10-01T20:14:00.108822Z  INFO request{request_id=01a0f91a-2a20-7498-8de4-012b48a089ee method=POST path=/v1/transcribe}: gigastt_core::inference::engine::infer: encoder_inference elapsed_ms=3465
2026-10-01T20:14:00.109196Z  INFO request{request_id=01a0f91a-2a20-7498-8de4-012b48a089ee method=POST path=/v1/transcribe}: gigastt_core::inference::engine::file_stream: transcribe complete (streaming windows) audio_s=27.72 wall_s=3.47 rtf=0.125
2026-10-01T20:14:00.117651Z  INFO request{request_id=01a0f91a-37b4-7472-9331-50ef2dec1ed4 method=POST path=/v1/transcribe}: gigastt_core::inference::audio::wave: Audio (wave): 16000Hz, 1ch (streaming windows)
2026-10-01T20:14:02.180865Z  INFO request{request_id=01a0f91a-3165-762f-922f-bc56fd560e97 method=POST path=/v1/transcribe}: gigastt_core::inference::engine::infer: encoder_inference elapsed_ms=3676
2026-10-01T20:14:02.181294Z  INFO request{request_id=01a0f91a-3165-762f-922f-bc56fd560e97 method=POST path=/v1/transcribe}: gigastt_core::inference::engine::file_stream: transcribe complete (streaming windows) audio_s=27.72 wall_s=3.68 rtf=0.133
2026-10-01T20:14:02.189702Z  INFO request{request_id=01a0f91a-3fcc-7245-9b0b-7c4fd0f3f3db method=POST path=/v1/transcribe}: gigastt_core::inference::audio::wave: Audio (wave): 16000Hz, 1ch (streaming windows)
2026-10-01T20:14:03.594673Z  INFO request{request_id=01a0f91a-37b4-7472-9331-50ef2dec1ed4 method=POST path=/v1/transcribe}: gigastt_core::inference::engine::infer: encoder_inference elapsed_ms=3473
2026-10-01T20:14:03.595076Z  INFO request{request_id=01a0f91a-37b4-7472-9331-50ef2dec1ed4 method=POST path=/v1/transcribe}: gigastt_core::inference::engine::file_stream: transcribe complete (streaming windows) audio_s=27.72 wall_s=3.48 rtf=0.125
2026-10-01T20:14:03.603139Z  INFO request{request_id=01a0f91a-4552-707f-840d-226c63e0b2a3 method=POST path=/v1/transcribe}: gigastt_core::inference::audio::wave: Audio (wave): 16000Hz, 1ch (streaming windows)
2026-10-01T20:14:04.421964Z  INFO request{request_id=01a0f91a-3fcc-7245-9b0b-7c4fd0f3f3db method=POST path=/v1/transcribe}: gigastt_core::inference::engine::infer: encoder_inference elapsed_ms=2229
2026-10-01T20:14:04.422265Z  INFO request{request_id=01a0f91a-3fcc-7245-9b0b-7c4fd0f3f3db method=POST path=/v1/transcribe}: gigastt_core::inference::engine::file_stream: transcribe complete (streaming windows) audio_s=20.24 wall_s=2.23 rtf=0.110
2026-10-01T20:14:04.430321Z  INFO request{request_id=01a0f91a-488d-746d-9549-69bed6fde843 method=POST path=/v1/transcribe}: gigastt_core::inference::audio::wave: Audio (wave): 16000Hz, 1ch (streaming windows)
2026-10-01T20:14:05.586401Z  INFO request{request_id=01a0f91a-4552-707f-840d-226c63e0b2a3 method=POST path=/v1/transcribe}: gigastt_core::inference::engine::infer: encoder_inference elapsed_ms=1981
2026-10-01T20:14:05.586674Z  INFO request{request_id=01a0f91a-4552-707f-840d-226c63e0b2a3 method=POST path=/v1/transcribe}: gigastt_core::inference::engine::file_stream: transcribe complete (streaming windows) audio_s=17.41 wall_s=1.98 rtf=0.114
2026-10-01T20:14:05.595507Z  INFO request{request_id=01a0f91a-4d1a-76b4-8b34-3136493da43f method=POST path=/v1/transcribe}: gigastt_core::inference::audio::wave: Audio (wave): 16000Hz, 1ch (streaming windows)
2026-10-01T20:14:08.802393Z  INFO request{request_id=01a0f91a-488d-746d-9549-69bed6fde843 method=POST path=/v1/transcribe}: gigastt_core::inference::engine::infer: encoder_inference elapsed_ms=4368
2026-10-01T20:14:08.802683Z  INFO request{request_id=01a0f91a-488d-746d-9549-69bed6fde843 method=POST path=/v1/transcribe}: gigastt_core::inference::engine::file_stream: transcribe complete (streaming windows) audio_s=29.80 wall_s=4.37 rtf=0.147
2026-10-01T20:14:08.812375Z  INFO request{request_id=01a0f91a-59ab-71b5-a070-8b5b0300169c method=POST path=/v1/transcribe}: gigastt_core::inference::audio::wave: Audio (wave): 16000Hz, 1ch (streaming windows)
2026-10-01T20:14:10.076772Z  INFO request{request_id=01a0f91a-4d1a-76b4-8b34-3136493da43f method=POST path=/v1/transcribe}: gigastt_core::inference::engine::infer: encoder_inference elapsed_ms=4478
2026-10-01T20:14:10.077261Z  INFO request{request_id=01a0f91a-4d1a-76b4-8b34-3136493da43f method=POST path=/v1/transcribe}: gigastt_core::inference::engine::file_stream: transcribe complete (streaming windows) audio_s=29.80 wall_s=4.48 rtf=0.150
2026-10-01T20:14:10.082553Z  INFO request{request_id=01a0f91a-5ea2-7416-942d-5bd92fa3eb61 method=POST path=/v1/transcribe}: gigastt_core::inference::audio::wave: Audio (wave): 16000Hz, 1ch (streaming windows)
2026-10-01T20:14:12.156444Z  INFO request{request_id=01a0f91a-59ab-71b5-a070-8b5b0300169c method=POST path=/v1/transcribe}: gigastt_core::inference::engine::infer: encoder_inference elapsed_ms=3342
2026-10-01T20:14:12.156826Z  INFO request{request_id=01a0f91a-59ab-71b5-a070-8b5b0300169c method=POST path=/v1/transcribe}: gigastt_core::inference::engine::file_stream: transcribe complete (streaming windows) audio_s=24.18 wall_s=3.34 rtf=0.138
2026-10-01T20:14:12.164531Z  INFO request{request_id=01a0f91a-66c4-7402-aa3a-d338b97f21a7 method=POST path=/v1/transcribe}: gigastt_core::inference::audio::wave: Audio (wave): 16000Hz, 1ch (streaming windows)
2026-10-01T20:14:12.723318Z  INFO request{request_id=01a0f91a-5ea2-7416-942d-5bd92fa3eb61 method=POST path=/v1/transcribe}: gigastt_core::inference::engine::infer: encoder_inference elapsed_ms=2638
2026-10-01T20:14:12.723595Z  INFO request{request_id=01a0f91a-5ea2-7416-942d-5bd92fa3eb61 method=POST path=/v1/transcribe}: gigastt_core::inference::engine::file_stream: transcribe complete (streaming windows) audio_s=18.25 wall_s=2.64 rtf=0.145
2026-10-01T20:14:12.728788Z  INFO request{request_id=01a0f91a-68f8-73b9-aa48-5eec9d88b803 method=POST path=/v1/transcribe}: gigastt_core::inference::audio::wave: Audio (wave): 16000Hz, 1ch (streaming windows)
2026-10-01T20:14:17.151132Z  INFO request{request_id=01a0f91a-66c4-7402-aa3a-d338b97f21a7 method=POST path=/v1/transcribe}: gigastt_core::inference::engine::infer: encoder_inference elapsed_ms=4983
2026-10-01T20:14:17.151424Z  INFO request{request_id=01a0f91a-66c4-7402-aa3a-d338b97f21a7 method=POST path=/v1/transcribe}: gigastt_core::inference::engine::file_stream: transcribe complete (streaming windows) audio_s=18.05 wall_s=4.99 rtf=0.276
2026-10-01T20:14:17.167234Z  INFO request{request_id=01a0f91a-7a4e-76d7-9f09-34d2887f762f method=POST path=/v1/transcribe}: gigastt_core::inference::audio::wave: Audio (wave): 16000Hz, 1ch (streaming windows)
2026-10-01T20:14:21.450876Z  INFO request{request_id=01a0f91a-68f8-73b9-aa48-5eec9d88b803 method=POST path=/v1/transcribe}: gigastt_core::inference::engine::infer: encoder_inference elapsed_ms=8719
2026-10-01T20:14:21.451253Z  INFO request{request_id=01a0f91a-68f8-73b9-aa48-5eec9d88b803 method=POST path=/v1/transcribe}: gigastt_core::inference::engine::file_stream: transcribe complete (streaming windows) audio_s=27.68 wall_s=8.72 rtf=0.315
2026-10-01T20:14:21.459341Z  INFO request{request_id=01a0f91a-8b12-75cd-a273-4179a684eb98 method=POST path=/v1/transcribe}: gigastt_core::inference::audio::wave: Audio (wave): 16000Hz, 1ch (streaming windows)
2026-10-01T20:14:23.574130Z  INFO request{request_id=01a0f91a-7a4e-76d7-9f09-34d2887f762f method=POST path=/v1/transcribe}: gigastt_core::inference::engine::infer: encoder_inference elapsed_ms=6397
2026-10-01T20:14:23.574557Z  INFO request{request_id=01a0f91a-7a4e-76d7-9f09-34d2887f762f method=POST path=/v1/transcribe}: gigastt_core::inference::engine::file_stream: transcribe complete (streaming windows) audio_s=27.68 wall_s=6.41 rtf=0.231
2026-10-01T20:14:23.595685Z  INFO request{request_id=01a0f91a-936a-76dd-8da7-3c1c261a76c9 method=POST path=/v1/transcribe}: gigastt_core::inference::audio::wave: Audio (wave): 16000Hz, 1ch (streaming windows)
2026-10-01T20:14:25.632195Z  INFO request{request_id=01a0f91a-8b12-75cd-a273-4179a684eb98 method=POST path=/v1/transcribe}: gigastt_core::inference::engine::infer: encoder_inference elapsed_ms=4168
2026-10-01T20:14:25.632592Z  INFO request{request_id=01a0f91a-8b12-75cd-a273-4179a684eb98 method=POST path=/v1/transcribe}: gigastt_core::inference::engine::file_stream: transcribe complete (streaming windows) audio_s=27.68 wall_s=4.17 rtf=0.151
2026-10-01T20:14:25.650567Z  INFO request{request_id=01a0f91a-9b71-74be-934c-28280a954f7c method=POST path=/v1/transcribe}: gigastt_core::inference::audio::wave: Audio (wave): 16000Hz, 1ch (streaming windows)
2026-10-01T20:14:27.331668Z  INFO request{request_id=01a0f91a-936a-76dd-8da7-3c1c261a76c9 method=POST path=/v1/transcribe}: gigastt_core::inference::engine::infer: encoder_inference elapsed_ms=3731
2026-10-01T20:14:27.332024Z  INFO request{request_id=01a0f91a-936a-76dd-8da7-3c1c261a76c9 method=POST path=/v1/transcribe}: gigastt_core::inference::engine::file_stream: transcribe complete (streaming windows) audio_s=27.68 wall_s=3.74 rtf=0.135
2026-10-01T20:14:27.340485Z  INFO request{request_id=01a0f91a-a20b-7318-8edb-fc3aa541656a method=POST path=/v1/transcribe}: gigastt_core::inference::audio::wave: Audio (wave): 16000Hz, 1ch (streaming windows)
2026-10-01T20:14:29.825743Z  INFO request{request_id=01a0f91a-9b71-74be-934c-28280a954f7c method=POST path=/v1/transcribe}: gigastt_core::inference::engine::infer: encoder_inference elapsed_ms=4170
2026-10-01T20:14:29.826103Z  INFO request{request_id=01a0f91a-9b71-74be-934c-28280a954f7c method=POST path=/v1/transcribe}: gigastt_core::inference::engine::file_stream: transcribe complete (streaming windows) audio_s=27.68 wall_s=4.18 rtf=0.151
2026-10-01T20:14:29.837563Z  INFO request{request_id=01a0f91a-abcc-71f6-94cb-726814118f84 method=POST path=/v1/transcribe}: gigastt_core::inference::audio::wave: Audio (wave): 16000Hz, 1ch (streaming windows)
2026-10-01T20:14:31.070268Z  INFO request{request_id=01a0f91a-a20b-7318-8edb-fc3aa541656a method=POST path=/v1/transcribe}: gigastt_core::inference::engine::infer: encoder_inference elapsed_ms=3726
2026-10-01T20:14:31.070656Z  INFO request{request_id=01a0f91a-a20b-7318-8edb-fc3aa541656a method=POST path=/v1/transcribe}: gigastt_core::inference::engine::file_stream: transcribe complete (streaming windows) audio_s=27.68 wall_s=3.73 rtf=0.135
2026-10-01T20:14:31.083815Z  INFO request{request_id=01a0f91a-b0aa-76ca-995b-da343c2e9745 method=POST path=/v1/transcribe}: gigastt_core::inference::audio::wave: Audio (wave): 16000Hz, 1ch (streaming windows)
2026-10-01T20:14:34.451655Z  INFO request{request_id=01a0f91a-abcc-71f6-94cb-726814118f84 method=POST path=/v1/transcribe}: gigastt_core::inference::engine::infer: encoder_inference elapsed_ms=4610
2026-10-01T20:14:34.452265Z  INFO request{request_id=01a0f91a-abcc-71f6-94cb-726814118f84 method=POST path=/v1/transcribe}: gigastt_core::inference::engine::file_stream: transcribe complete (streaming windows) audio_s=27.68 wall_s=4.61 rtf=0.167
2026-10-01T20:14:34.464889Z  INFO request{request_id=01a0f91a-bde0-73bf-bbe3-eaf2ad4f15cf method=POST path=/v1/transcribe}: gigastt_core::inference::audio::wave: Audio (wave): 16000Hz, 1ch (streaming windows)
2026-10-01T20:14:36.110501Z  INFO request{request_id=01a0f91a-bde0-73bf-bbe3-eaf2ad4f15cf method=POST path=/v1/transcribe}: gigastt_core::inference::engine::infer: encoder_inference elapsed_ms=1641
2026-10-01T20:14:36.110663Z  INFO request{request_id=01a0f91a-bde0-73bf-bbe3-eaf2ad4f15cf method=POST path=/v1/transcribe}: gigastt_core::inference::engine::file_stream: transcribe complete (streaming windows) audio_s=11.24 wall_s=1.65 rtf=0.146
2026-10-01T20:14:36.116980Z  INFO request{request_id=01a0f91a-c454-7419-b67b-dc16d30585b9 method=POST path=/v1/transcribe}: gigastt_core::inference::audio::wave: Audio (wave): 16000Hz, 1ch (streaming windows)
2026-10-01T20:14:36.373612Z  INFO request{request_id=01a0f91a-c454-7419-b67b-dc16d30585b9 method=POST path=/v1/transcribe}: gigastt_core::inference::engine::infer: encoder_inference elapsed_ms=256
2026-10-01T20:14:36.373697Z  INFO request{request_id=01a0f91a-c454-7419-b67b-dc16d30585b9 method=POST path=/v1/transcribe}: gigastt_core::inference::engine::file_stream: transcribe complete (streaming windows) audio_s=2.21 wall_s=0.26 rtf=0.116
2026-10-01T20:14:36.377154Z  INFO request{request_id=01a0f91a-c558-75b7-b118-57b00a71ab6f method=POST path=/v1/transcribe}: gigastt_core::inference::audio::wave: Audio (wave): 16000Hz, 1ch (streaming windows)
2026-10-01T20:14:36.583786Z  INFO request{request_id=01a0f91a-b0aa-76ca-995b-da343c2e9745 method=POST path=/v1/transcribe}: gigastt_core::inference::engine::infer: encoder_inference elapsed_ms=5495
2026-10-01T20:14:36.584149Z  INFO request{request_id=01a0f91a-b0aa-76ca-995b-da343c2e9745 method=POST path=/v1/transcribe}: gigastt_core::inference::engine::file_stream: transcribe complete (streaming windows) audio_s=28.12 wall_s=5.50 rtf=0.196
2026-10-01T20:14:36.587877Z  INFO request{request_id=01a0f91a-c62b-75dc-a977-bfaef3500f2e method=POST path=/v1/transcribe}: gigastt_core::inference::audio::wave: Audio (wave): 16000Hz, 1ch (streaming windows)
2026-10-01T20:14:36.856920Z  INFO request{request_id=01a0f91a-c558-75b7-b118-57b00a71ab6f method=POST path=/v1/transcribe}: gigastt_core::inference::engine::infer: encoder_inference elapsed_ms=479
2026-10-01T20:14:36.857039Z  INFO request{request_id=01a0f91a-c558-75b7-b118-57b00a71ab6f method=POST path=/v1/transcribe}: gigastt_core::inference::engine::file_stream: transcribe complete (streaming windows) audio_s=4.74 wall_s=0.48 rtf=0.101
2026-10-01T20:14:36.863712Z  INFO request{request_id=01a0f91a-c73f-727f-9d2b-8757490cc39c method=POST path=/v1/transcribe}: gigastt_core::inference::audio::wave: Audio (wave): 16000Hz, 1ch (streaming windows)
2026-10-01T20:14:38.000605Z  INFO request{request_id=01a0f91a-c62b-75dc-a977-bfaef3500f2e method=POST path=/v1/transcribe}: gigastt_core::inference::engine::infer: encoder_inference elapsed_ms=1411
2026-10-01T20:14:38.000778Z  INFO request{request_id=01a0f91a-c62b-75dc-a977-bfaef3500f2e method=POST path=/v1/transcribe}: gigastt_core::inference::engine::file_stream: transcribe complete (streaming windows) audio_s=14.44 wall_s=1.41 rtf=0.098
2026-10-01T20:14:38.010013Z  INFO request{request_id=01a0f91a-cbb9-7124-8551-be62fbbd8e46 method=POST path=/v1/transcribe}: gigastt_core::inference::audio::wave: Audio (wave): 16000Hz, 1ch (streaming windows)
2026-10-01T20:14:38.131171Z  INFO request{request_id=01a0f91a-c73f-727f-9d2b-8757490cc39c method=POST path=/v1/transcribe}: gigastt_core::inference::engine::infer: encoder_inference elapsed_ms=1266
2026-10-01T20:14:38.131342Z  INFO request{request_id=01a0f91a-c73f-727f-9d2b-8757490cc39c method=POST path=/v1/transcribe}: gigastt_core::inference::engine::file_stream: transcribe complete (streaming windows) audio_s=11.62 wall_s=1.27 rtf=0.109
2026-10-01T20:14:38.140276Z  INFO request{request_id=01a0f91a-cc3a-703b-9027-57211250d7c5 method=POST path=/v1/transcribe}: gigastt_core::inference::audio::wave: Audio (wave): 16000Hz, 1ch (streaming windows)
2026-10-01T20:14:41.191246Z  INFO request{request_id=01a0f91a-cbb9-7124-8551-be62fbbd8e46 method=POST path=/v1/transcribe}: gigastt_core::inference::engine::infer: encoder_inference elapsed_ms=3178
2026-10-01T20:14:41.324328Z  INFO request{request_id=01a0f91a-cc3a-703b-9027-57211250d7c5 method=POST path=/v1/transcribe}: gigastt_core::inference::engine::infer: encoder_inference elapsed_ms=3181
2026-10-01T20:14:44.545311Z  INFO request{request_id=01a0f91a-cc3a-703b-9027-57211250d7c5 method=POST path=/v1/transcribe}: gigastt_core::inference::engine::infer: encoder_inference elapsed_ms=3219
2026-10-01T20:14:44.545578Z  INFO request{request_id=01a0f91a-cc3a-703b-9027-57211250d7c5 method=POST path=/v1/transcribe}: gigastt_core::inference::engine::file_stream: transcribe complete (streaming windows) audio_s=30.17 wall_s=6.41 rtf=0.212
2026-10-01T20:14:44.553212Z  INFO request{request_id=01a0f91a-e548-7257-907e-73662c883cc4 method=POST path=/v1/transcribe}: gigastt_core::inference::audio::wave: Audio (wave): 16000Hz, 1ch (streaming windows)
2026-10-01T20:14:44.610667Z  INFO request{request_id=01a0f91a-cbb9-7124-8551-be62fbbd8e46 method=POST path=/v1/transcribe}: gigastt_core::inference::engine::infer: encoder_inference elapsed_ms=3416
2026-10-01T20:14:44.611013Z  INFO request{request_id=01a0f91a-cbb9-7124-8551-be62fbbd8e46 method=POST path=/v1/transcribe}: gigastt_core::inference::engine::file_stream: transcribe complete (streaming windows) audio_s=30.17 wall_s=6.60 rtf=0.219
2026-10-01T20:14:44.616395Z  INFO request{request_id=01a0f91a-e587-7140-9574-4a8f02602a9d method=POST path=/v1/transcribe}: gigastt_core::inference::audio::wave: Audio (wave): 16000Hz, 1ch (streaming windows)
2026-10-01T20:14:48.788725Z  INFO request{request_id=01a0f91a-e548-7257-907e-73662c883cc4 method=POST path=/v1/transcribe}: gigastt_core::inference::engine::infer: encoder_inference elapsed_ms=4232
2026-10-01T20:14:48.788993Z  INFO request{request_id=01a0f91a-e548-7257-907e-73662c883cc4 method=POST path=/v1/transcribe}: gigastt_core::inference::engine::file_stream: transcribe complete (streaming windows) audio_s=29.14 wall_s=4.24 rtf=0.145
2026-10-01T20:14:48.797938Z  INFO request{request_id=01a0f91a-f5dd-7758-ad76-75660062cfb0 method=POST path=/v1/transcribe}: gigastt_core::inference::audio::wave: Audio (wave): 16000Hz, 1ch (streaming windows)
2026-10-01T20:14:48.826186Z  INFO request{request_id=01a0f91a-e587-7140-9574-4a8f02602a9d method=POST path=/v1/transcribe}: gigastt_core::inference::engine::infer: encoder_inference elapsed_ms=4206
2026-10-01T20:14:48.826475Z  INFO request{request_id=01a0f91a-e587-7140-9574-4a8f02602a9d method=POST path=/v1/transcribe}: gigastt_core::inference::engine::file_stream: transcribe complete (streaming windows) audio_s=28.94 wall_s=4.21 rtf=0.145
2026-10-01T20:14:48.829910Z  INFO request{request_id=01a0f91a-f5fd-76ad-bf0f-a92a19f9c9b7 method=POST path=/v1/transcribe}: gigastt_core::inference::audio::wave: Audio (wave): 16000Hz, 1ch (streaming windows)
2026-10-01T20:14:49.203852Z  INFO request{request_id=01a0f91a-f5fd-76ad-bf0f-a92a19f9c9b7 method=POST path=/v1/transcribe}: gigastt_core::inference::engine::infer: encoder_inference elapsed_ms=373
2026-10-01T20:14:49.203970Z  INFO request{request_id=01a0f91a-f5fd-76ad-bf0f-a92a19f9c9b7 method=POST path=/v1/transcribe}: gigastt_core::inference::engine::file_stream: transcribe complete (streaming windows) audio_s=3.40 wall_s=0.37 rtf=0.110
2026-10-01T20:14:49.209554Z  INFO request{request_id=01a0f91a-f779-7170-a2a2-272fdea9a8a4 method=POST path=/v1/transcribe}: gigastt_core::inference::audio::wave: Audio (wave): 16000Hz, 1ch (streaming windows)
2026-10-01T20:14:49.511326Z  INFO request{request_id=01a0f91a-f779-7170-a2a2-272fdea9a8a4 method=POST path=/v1/transcribe}: gigastt_core::inference::engine::infer: encoder_inference elapsed_ms=301
2026-10-01T20:14:49.511409Z  INFO request{request_id=01a0f91a-f779-7170-a2a2-272fdea9a8a4 method=POST path=/v1/transcribe}: gigastt_core::inference::engine::file_stream: transcribe complete (streaming windows) audio_s=2.85 wall_s=0.30 rtf=0.106
2026-10-01T20:14:49.517528Z  INFO request{request_id=01a0f91a-f8ad-77a5-9f71-d41df3e54aa9 method=POST path=/v1/transcribe}: gigastt_core::inference::audio::wave: Audio (wave): 16000Hz, 1ch (streaming windows)
2026-10-01T20:14:49.781977Z  INFO request{request_id=01a0f91a-f8ad-77a5-9f71-d41df3e54aa9 method=POST path=/v1/transcribe}: gigastt_core::inference::engine::infer: encoder_inference elapsed_ms=264
2026-10-01T20:14:49.782081Z  INFO request{request_id=01a0f91a-f8ad-77a5-9f71-d41df3e54aa9 method=POST path=/v1/transcribe}: gigastt_core::inference::engine::file_stream: transcribe complete (streaming windows) audio_s=2.47 wall_s=0.26 rtf=0.107
2026-10-01T20:14:49.790262Z  INFO request{request_id=01a0f91a-f9bd-70f1-a82a-0b50cc6d6ecd method=POST path=/v1/transcribe}: gigastt_core::inference::audio::wave: Audio (wave): 16000Hz, 1ch (streaming windows)
2026-10-01T20:14:52.526351Z  INFO request{request_id=01a0f91a-f9bd-70f1-a82a-0b50cc6d6ecd method=POST path=/v1/transcribe}: gigastt_core::inference::engine::infer: encoder_inference elapsed_ms=2734
2026-10-01T20:14:53.165915Z  INFO request{request_id=01a0f91a-f5dd-7758-ad76-75660062cfb0 method=POST path=/v1/transcribe}: gigastt_core::inference::engine::infer: encoder_inference elapsed_ms=4363
2026-10-01T20:14:53.166197Z  INFO request{request_id=01a0f91a-f5dd-7758-ad76-75660062cfb0 method=POST path=/v1/transcribe}: gigastt_core::inference::engine::file_stream: transcribe complete (streaming windows) audio_s=30.00 wall_s=4.37 rtf=0.146
2026-10-01T20:14:53.174546Z  INFO request{request_id=01a0f91b-06f5-7250-916d-3950b38ec881 method=POST path=/v1/transcribe}: gigastt_core::inference::audio::wave: Audio (wave): 16000Hz, 1ch (streaming windows)
2026-10-01T20:14:55.674590Z  INFO request{request_id=01a0f91a-f9bd-70f1-a82a-0b50cc6d6ecd method=POST path=/v1/transcribe}: gigastt_core::inference::engine::infer: encoder_inference elapsed_ms=3146
2026-10-01T20:14:55.674945Z  INFO request{request_id=01a0f91a-f9bd-70f1-a82a-0b50cc6d6ecd method=POST path=/v1/transcribe}: gigastt_core::inference::engine::file_stream: transcribe complete (streaming windows) audio_s=30.03 wall_s=5.88 rtf=0.196
2026-10-01T20:14:55.690242Z  INFO request{request_id=01a0f91b-10c8-73c0-83ac-339b588b9aad method=POST path=/v1/transcribe}: gigastt_core::inference::audio::wave: Audio (wave): 16000Hz, 1ch (streaming windows)
2026-10-01T20:14:56.137527Z  INFO request{request_id=01a0f91b-06f5-7250-916d-3950b38ec881 method=POST path=/v1/transcribe}: gigastt_core::inference::engine::infer: encoder_inference elapsed_ms=2960
2026-10-01T20:14:59.650715Z  INFO request{request_id=01a0f91b-06f5-7250-916d-3950b38ec881 method=POST path=/v1/transcribe}: gigastt_core::inference::engine::infer: encoder_inference elapsed_ms=3510
2026-10-01T20:14:59.651141Z  INFO request{request_id=01a0f91b-06f5-7250-916d-3950b38ec881 method=POST path=/v1/transcribe}: gigastt_core::inference::engine::file_stream: transcribe complete (streaming windows) audio_s=30.03 wall_s=6.48 rtf=0.216
2026-10-01T20:14:59.656813Z  INFO request{request_id=01a0f91b-2048-71df-93af-8646946f308b method=POST path=/v1/transcribe}: gigastt_core::inference::audio::wave: Audio (wave): 16000Hz, 1ch (streaming windows)
2026-10-01T20:15:00.579117Z  INFO request{request_id=01a0f91b-10c8-73c0-83ac-339b588b9aad method=POST path=/v1/transcribe}: gigastt_core::inference::engine::infer: encoder_inference elapsed_ms=4885
2026-10-01T20:15:00.579388Z  INFO request{request_id=01a0f91b-10c8-73c0-83ac-339b588b9aad method=POST path=/v1/transcribe}: gigastt_core::inference::engine::file_stream: transcribe complete (streaming windows) audio_s=29.85 wall_s=4.89 rtf=0.164
2026-10-01T20:15:00.588243Z  INFO request{request_id=01a0f91b-23eb-74c3-bd55-9a44b239f2d6 method=POST path=/v1/transcribe}: gigastt_core::inference::audio::wave: Audio (wave): 16000Hz, 1ch (streaming windows)
2026-10-01T20:15:03.632686Z  INFO request{request_id=01a0f91b-2048-71df-93af-8646946f308b method=POST path=/v1/transcribe}: gigastt_core::inference::engine::infer: encoder_inference elapsed_ms=3972
2026-10-01T20:15:03.633079Z  INFO request{request_id=01a0f91b-2048-71df-93af-8646946f308b method=POST path=/v1/transcribe}: gigastt_core::inference::engine::file_stream: transcribe complete (streaming windows) audio_s=28.46 wall_s=3.98 rtf=0.140
2026-10-01T20:15:03.642073Z  INFO request{request_id=01a0f91b-2fd8-73d7-91e8-50440844d840 method=POST path=/v1/transcribe}: gigastt_core::inference::audio::wave: Audio (wave): 16000Hz, 1ch (streaming windows)
2026-10-01T20:15:04.611672Z  INFO request{request_id=01a0f91b-23eb-74c3-bd55-9a44b239f2d6 method=POST path=/v1/transcribe}: gigastt_core::inference::engine::infer: encoder_inference elapsed_ms=4020
2026-10-01T20:15:04.612052Z  INFO request{request_id=01a0f91b-23eb-74c3-bd55-9a44b239f2d6 method=POST path=/v1/transcribe}: gigastt_core::inference::engine::file_stream: transcribe complete (streaming windows) audio_s=28.46 wall_s=4.02 rtf=0.141
2026-10-01T20:15:04.620589Z  INFO request{request_id=01a0f91b-33ab-72a4-a461-68a37014cf4b method=POST path=/v1/transcribe}: gigastt_core::inference::audio::wave: Audio (wave): 16000Hz, 1ch (streaming windows)
2026-10-01T20:15:07.029584Z  INFO request{request_id=01a0f91b-2fd8-73d7-91e8-50440844d840 method=POST path=/v1/transcribe}: gigastt_core::inference::engine::infer: encoder_inference elapsed_ms=3384
2026-10-01T20:15:07.029860Z  INFO request{request_id=01a0f91b-2fd8-73d7-91e8-50440844d840 method=POST path=/v1/transcribe}: gigastt_core::inference::engine::file_stream: transcribe complete (streaming windows) audio_s=28.46 wall_s=3.39 rtf=0.119
2026-10-01T20:15:07.039573Z  INFO request{request_id=01a0f91b-3d1e-751e-885e-c9599bb24430 method=POST path=/v1/transcribe}: gigastt_core::inference::audio::wave: Audio (wave): 16000Hz, 1ch (streaming windows)
2026-10-01T20:15:08.150949Z  INFO request{request_id=01a0f91b-33ab-72a4-a461-68a37014cf4b method=POST path=/v1/transcribe}: gigastt_core::inference::engine::infer: encoder_inference elapsed_ms=3527
2026-10-01T20:15:08.151215Z  INFO request{request_id=01a0f91b-33ab-72a4-a461-68a37014cf4b method=POST path=/v1/transcribe}: gigastt_core::inference::engine::file_stream: transcribe complete (streaming windows) audio_s=28.46 wall_s=3.53 rtf=0.124
2026-10-01T20:15:08.159554Z  INFO request{request_id=01a0f91b-417e-744e-b335-1a3ad715cf3d method=POST path=/v1/transcribe}: gigastt_core::inference::audio::wave: Audio (wave): 16000Hz, 1ch (streaming windows)
2026-10-01T20:15:10.454312Z  INFO request{request_id=01a0f91b-3d1e-751e-885e-c9599bb24430 method=POST path=/v1/transcribe}: gigastt_core::inference::engine::infer: encoder_inference elapsed_ms=3411
2026-10-01T20:15:10.454579Z  INFO request{request_id=01a0f91b-3d1e-751e-885e-c9599bb24430 method=POST path=/v1/transcribe}: gigastt_core::inference::engine::file_stream: transcribe complete (streaming windows) audio_s=28.46 wall_s=3.41 rtf=0.120
2026-10-01T20:15:10.462761Z  INFO request{request_id=01a0f91b-4a7e-769c-9faa-3b089b8054a9 method=POST path=/v1/transcribe}: gigastt_core::inference::audio::wave: Audio (wave): 16000Hz, 1ch (streaming windows)
2026-10-01T20:15:11.405424Z  INFO request{request_id=01a0f91b-417e-744e-b335-1a3ad715cf3d method=POST path=/v1/transcribe}: gigastt_core::inference::engine::infer: encoder_inference elapsed_ms=3242
2026-10-01T20:15:11.405775Z  INFO request{request_id=01a0f91b-417e-744e-b335-1a3ad715cf3d method=POST path=/v1/transcribe}: gigastt_core::inference::engine::file_stream: transcribe complete (streaming windows) audio_s=28.46 wall_s=3.25 rtf=0.114
2026-10-01T20:15:11.409903Z  INFO request{request_id=01a0f91b-4e31-77ca-ac2a-d51ad3acea34 method=POST path=/v1/transcribe}: gigastt_core::inference::audio::wave: Audio (wave): 16000Hz, 1ch (streaming windows)
2026-10-01T20:15:12.122114Z  INFO request{request_id=01a0f91b-4e31-77ca-ac2a-d51ad3acea34 method=POST path=/v1/transcribe}: gigastt_core::inference::engine::infer: encoder_inference elapsed_ms=711
2026-10-01T20:15:12.122221Z  INFO request{request_id=01a0f91b-4e31-77ca-ac2a-d51ad3acea34 method=POST path=/v1/transcribe}: gigastt_core::inference::engine::file_stream: transcribe complete (streaming windows) audio_s=3.78 wall_s=0.71 rtf=0.188
2026-10-01T20:15:12.132179Z  INFO request{request_id=01a0f91b-5103-740b-aacf-935a12304106 method=POST path=/v1/transcribe}: gigastt_core::inference::audio::wave: Audio (wave): 16000Hz, 1ch (streaming windows)
2026-10-01T20:15:12.552862Z  INFO request{request_id=01a0f91b-5103-740b-aacf-935a12304106 method=POST path=/v1/transcribe}: gigastt_core::inference::engine::infer: encoder_inference elapsed_ms=420
2026-10-01T20:15:12.553044Z  INFO request{request_id=01a0f91b-5103-740b-aacf-935a12304106 method=POST path=/v1/transcribe}: gigastt_core::inference::engine::file_stream: transcribe complete (streaming windows) audio_s=1.85 wall_s=0.42 rtf=0.228
2026-10-01T20:15:12.569607Z  INFO request{request_id=01a0f91b-52b9-732d-8ce8-155633d7b2ca method=POST path=/v1/transcribe}: gigastt_core::inference::audio::wave: Audio (wave): 16000Hz, 1ch (streaming windows)
2026-10-01T20:15:13.111020Z  INFO request{request_id=01a0f91b-52b9-732d-8ce8-155633d7b2ca method=POST path=/v1/transcribe}: gigastt_core::inference::engine::infer: encoder_inference elapsed_ms=540
2026-10-01T20:15:13.111234Z  INFO request{request_id=01a0f91b-52b9-732d-8ce8-155633d7b2ca method=POST path=/v1/transcribe}: gigastt_core::inference::engine::file_stream: transcribe complete (streaming windows) audio_s=2.86 wall_s=0.54 rtf=0.189
2026-10-01T20:15:13.123326Z  INFO request{request_id=01a0f91b-54e2-773e-9caf-1a8858834087 method=POST path=/v1/transcribe}: gigastt_core::inference::audio::wave: Audio (wave): 16000Hz, 1ch (streaming windows)
2026-10-01T20:15:13.699582Z  INFO request{request_id=01a0f91b-54e2-773e-9caf-1a8858834087 method=POST path=/v1/transcribe}: gigastt_core::inference::engine::infer: encoder_inference elapsed_ms=575
2026-10-01T20:15:13.699742Z  INFO request{request_id=01a0f91b-54e2-773e-9caf-1a8858834087 method=POST path=/v1/transcribe}: gigastt_core::inference::engine::file_stream: transcribe complete (streaming windows) audio_s=3.92 wall_s=0.58 rtf=0.147
2026-10-01T20:15:13.708602Z  INFO request{request_id=01a0f91b-572c-7418-9d29-a4e1b3494b34 method=POST path=/v1/transcribe}: gigastt_core::inference::audio::wave: Audio (wave): 16000Hz, 1ch (streaming windows)
2026-10-01T20:15:14.080220Z  INFO request{request_id=01a0f91b-572c-7418-9d29-a4e1b3494b34 method=POST path=/v1/transcribe}: gigastt_core::inference::engine::infer: encoder_inference elapsed_ms=370
2026-10-01T20:15:14.080306Z  INFO request{request_id=01a0f91b-572c-7418-9d29-a4e1b3494b34 method=POST path=/v1/transcribe}: gigastt_core::inference::engine::file_stream: transcribe complete (streaming windows) audio_s=2.95 wall_s=0.37 rtf=0.126
2026-10-01T20:15:14.091487Z  INFO request{request_id=01a0f91b-58ab-72b0-bf7f-fba25c8e59f0 method=POST path=/v1/transcribe}: gigastt_core::inference::audio::wave: Audio (wave): 16000Hz, 1ch (streaming windows)
2026-10-01T20:15:14.417950Z  INFO request{request_id=01a0f91b-58ab-72b0-bf7f-fba25c8e59f0 method=POST path=/v1/transcribe}: gigastt_core::inference::engine::infer: encoder_inference elapsed_ms=325
2026-10-01T20:15:14.418042Z  INFO request{request_id=01a0f91b-58ab-72b0-bf7f-fba25c8e59f0 method=POST path=/v1/transcribe}: gigastt_core::inference::engine::file_stream: transcribe complete (streaming windows) audio_s=2.68 wall_s=0.33 rtf=0.122
2026-10-01T20:15:14.430280Z  INFO request{request_id=01a0f91b-59fe-73b6-b69b-2f2b633d84d4 method=POST path=/v1/transcribe}: gigastt_core::inference::audio::wave: Audio (wave): 16000Hz, 1ch (streaming windows)
2026-10-01T20:15:14.654402Z  INFO request{request_id=01a0f91b-59fe-73b6-b69b-2f2b633d84d4 method=POST path=/v1/transcribe}: gigastt_core::inference::engine::infer: encoder_inference elapsed_ms=223
2026-10-01T20:15:14.654481Z  INFO request{request_id=01a0f91b-59fe-73b6-b69b-2f2b633d84d4 method=POST path=/v1/transcribe}: gigastt_core::inference::engine::file_stream: transcribe complete (streaming windows) audio_s=1.55 wall_s=0.22 rtf=0.144
2026-10-01T20:15:14.664812Z  INFO request{request_id=01a0f91b-5ae8-7002-8e43-b9b6d5f7cf9f method=POST path=/v1/transcribe}: gigastt_core::inference::audio::wave: Audio (wave): 16000Hz, 1ch (streaming windows)
2026-10-01T20:15:14.917892Z  INFO request{request_id=01a0f91b-5ae8-7002-8e43-b9b6d5f7cf9f method=POST path=/v1/transcribe}: gigastt_core::inference::engine::infer: encoder_inference elapsed_ms=252
2026-10-01T20:15:14.917998Z  INFO request{request_id=01a0f91b-5ae8-7002-8e43-b9b6d5f7cf9f method=POST path=/v1/transcribe}: gigastt_core::inference::engine::file_stream: transcribe complete (streaming windows) audio_s=1.61 wall_s=0.25 rtf=0.157
2026-10-01T20:15:14.933174Z  INFO request{request_id=01a0f91b-5bf4-7777-af2d-3e6a631100a8 method=POST path=/v1/transcribe}: gigastt_core::inference::audio::wave: Audio (wave): 16000Hz, 1ch (streaming windows)
2026-10-01T20:15:15.021223Z  INFO request{request_id=01a0f91b-4a7e-769c-9faa-3b089b8054a9 method=POST path=/v1/transcribe}: gigastt_core::inference::engine::infer: encoder_inference elapsed_ms=4556
2026-10-01T20:15:15.021474Z  INFO request{request_id=01a0f91b-4a7e-769c-9faa-3b089b8054a9 method=POST path=/v1/transcribe}: gigastt_core::inference::engine::file_stream: transcribe complete (streaming windows) audio_s=28.46 wall_s=4.56 rtf=0.160
2026-10-01T20:15:15.036530Z  INFO request{request_id=01a0f91b-5c5c-72f8-9a8d-dd4af1ca550d method=POST path=/v1/transcribe}: gigastt_core::inference::audio::wave: Audio (wave): 16000Hz, 1ch (streaming windows)
2026-10-01T20:15:15.279389Z  INFO request{request_id=01a0f91b-5c5c-72f8-9a8d-dd4af1ca550d method=POST path=/v1/transcribe}: gigastt_core::inference::engine::infer: encoder_inference elapsed_ms=242
2026-10-01T20:15:15.279463Z  INFO request{request_id=01a0f91b-5c5c-72f8-9a8d-dd4af1ca550d method=POST path=/v1/transcribe}: gigastt_core::inference::engine::file_stream: transcribe complete (streaming windows) audio_s=1.85 wall_s=0.24 rtf=0.131
2026-10-01T20:15:15.286081Z  INFO request{request_id=01a0f91b-5d55-7757-9eed-c6e0ea63d8ee method=POST path=/v1/transcribe}: gigastt_core::inference::audio::wave: Audio (wave): 16000Hz, 1ch (streaming windows)
2026-10-01T20:15:15.294338Z  INFO request{request_id=01a0f91b-5bf4-7777-af2d-3e6a631100a8 method=POST path=/v1/transcribe}: gigastt_core::inference::engine::infer: encoder_inference elapsed_ms=360
2026-10-01T20:15:15.294428Z  INFO request{request_id=01a0f91b-5bf4-7777-af2d-3e6a631100a8 method=POST path=/v1/transcribe}: gigastt_core::inference::engine::file_stream: transcribe complete (streaming windows) audio_s=2.70 wall_s=0.36 rtf=0.134
2026-10-01T20:15:15.297100Z  INFO request{request_id=01a0f91b-5d60-71de-b5f2-1250621989ac method=POST path=/v1/transcribe}: gigastt_core::inference::audio::wave: Audio (wave): 16000Hz, 1ch (streaming windows)
2026-10-01T20:15:15.809053Z  INFO request{request_id=01a0f91b-5d60-71de-b5f2-1250621989ac method=POST path=/v1/transcribe}: gigastt_core::inference::engine::infer: encoder_inference elapsed_ms=511
2026-10-01T20:15:15.809140Z  INFO request{request_id=01a0f91b-5d60-71de-b5f2-1250621989ac method=POST path=/v1/transcribe}: gigastt_core::inference::engine::file_stream: transcribe complete (streaming windows) audio_s=1.77 wall_s=0.51 rtf=0.289
2026-10-01T20:15:15.822428Z  INFO request{request_id=01a0f91b-5f6e-7558-a305-c3ee0d877de6 method=POST path=/v1/transcribe}: gigastt_core::inference::audio::wave: Audio (wave): 16000Hz, 1ch (streaming windows)
2026-10-01T20:15:16.207093Z  INFO request{request_id=01a0f91b-5f6e-7558-a305-c3ee0d877de6 method=POST path=/v1/transcribe}: gigastt_core::inference::engine::infer: encoder_inference elapsed_ms=382
2026-10-01T20:15:16.207198Z  INFO request{request_id=01a0f91b-5f6e-7558-a305-c3ee0d877de6 method=POST path=/v1/transcribe}: gigastt_core::inference::engine::file_stream: transcribe complete (streaming windows) audio_s=1.52 wall_s=0.38 rtf=0.253
2026-10-01T20:15:16.216634Z  INFO request{request_id=01a0f91b-60f8-7065-a696-8a37710b322d method=POST path=/v1/transcribe}: gigastt_core::inference::audio::wave: Audio (wave): 16000Hz, 1ch (streaming windows)
2026-10-01T20:15:16.687796Z  INFO request{request_id=01a0f91b-60f8-7065-a696-8a37710b322d method=POST path=/v1/transcribe}: gigastt_core::inference::engine::infer: encoder_inference elapsed_ms=470
2026-10-01T20:15:16.687905Z  INFO request{request_id=01a0f91b-60f8-7065-a696-8a37710b322d method=POST path=/v1/transcribe}: gigastt_core::inference::engine::file_stream: transcribe complete (streaming windows) audio_s=1.83 wall_s=0.47 rtf=0.258
2026-10-01T20:15:16.695173Z  INFO request{request_id=01a0f91b-62d4-72d4-8fc7-cd5ea3f2783e method=POST path=/v1/transcribe}: gigastt_core::inference::audio::wave: Audio (wave): 16000Hz, 1ch (streaming windows)
2026-10-01T20:15:17.188648Z  INFO request{request_id=01a0f91b-62d4-72d4-8fc7-cd5ea3f2783e method=POST path=/v1/transcribe}: gigastt_core::inference::engine::infer: encoder_inference elapsed_ms=493
2026-10-01T20:15:17.188720Z  INFO request{request_id=01a0f91b-62d4-72d4-8fc7-cd5ea3f2783e method=POST path=/v1/transcribe}: gigastt_core::inference::engine::file_stream: transcribe complete (streaming windows) audio_s=1.48 wall_s=0.49 rtf=0.334
2026-10-01T20:15:17.202076Z  INFO request{request_id=01a0f91b-64d1-763b-81d8-9b24493aa214 method=POST path=/v1/transcribe}: gigastt_core::inference::audio::wave: Audio (wave): 16000Hz, 1ch (streaming windows)
2026-10-01T20:15:17.690410Z  INFO request{request_id=01a0f91b-64d1-763b-81d8-9b24493aa214 method=POST path=/v1/transcribe}: gigastt_core::inference::engine::infer: encoder_inference elapsed_ms=487
2026-10-01T20:15:17.690507Z  INFO request{request_id=01a0f91b-64d1-763b-81d8-9b24493aa214 method=POST path=/v1/transcribe}: gigastt_core::inference::engine::file_stream: transcribe complete (streaming windows) audio_s=3.19 wall_s=0.49 rtf=0.153
2026-10-01T20:15:17.698917Z  INFO request{request_id=01a0f91b-66c2-777a-a4b6-345400bb1cb9 method=POST path=/v1/transcribe}: gigastt_core::inference::audio::wave: Audio (wave): 16000Hz, 1ch (streaming windows)
2026-10-01T20:15:17.890678Z  INFO request{request_id=01a0f91b-66c2-777a-a4b6-345400bb1cb9 method=POST path=/v1/transcribe}: gigastt_core::inference::engine::infer: encoder_inference elapsed_ms=191
2026-10-01T20:15:17.890755Z  INFO request{request_id=01a0f91b-66c2-777a-a4b6-345400bb1cb9 method=POST path=/v1/transcribe}: gigastt_core::inference::engine::file_stream: transcribe complete (streaming windows) audio_s=1.56 wall_s=0.19 rtf=0.123
2026-10-01T20:15:17.896819Z  INFO request{request_id=01a0f91b-6788-717e-bf6d-4200de7436e7 method=POST path=/v1/transcribe}: gigastt_core::inference::audio::wave: Audio (wave): 16000Hz, 1ch (streaming windows)
2026-10-01T20:15:18.147136Z  INFO request{request_id=01a0f91b-6788-717e-bf6d-4200de7436e7 method=POST path=/v1/transcribe}: gigastt_core::inference::engine::infer: encoder_inference elapsed_ms=249
2026-10-01T20:15:18.147228Z  INFO request{request_id=01a0f91b-6788-717e-bf6d-4200de7436e7 method=POST path=/v1/transcribe}: gigastt_core::inference::engine::file_stream: transcribe complete (streaming windows) audio_s=2.32 wall_s=0.25 rtf=0.108
2026-10-01T20:15:18.153004Z  INFO request{request_id=01a0f91b-6888-724c-ba11-594995c9702c method=POST path=/v1/transcribe}: gigastt_core::inference::audio::wave: Audio (wave): 16000Hz, 1ch (streaming windows)
2026-10-01T20:15:18.510892Z  INFO request{request_id=01a0f91b-6888-724c-ba11-594995c9702c method=POST path=/v1/transcribe}: gigastt_core::inference::engine::infer: encoder_inference elapsed_ms=357
2026-10-01T20:15:18.510998Z  INFO request{request_id=01a0f91b-6888-724c-ba11-594995c9702c method=POST path=/v1/transcribe}: gigastt_core::inference::engine::file_stream: transcribe complete (streaming windows) audio_s=3.53 wall_s=0.36 rtf=0.101
2026-10-01T20:15:18.529830Z  INFO request{request_id=01a0f91b-6a01-75b5-9052-c070a027067c method=POST path=/v1/transcribe}: gigastt_core::inference::audio::wave: Audio (wave): 16000Hz, 1ch (streaming windows)
2026-10-01T20:15:18.692494Z  INFO request{request_id=01a0f91b-5d55-7757-9eed-c6e0ea63d8ee method=POST path=/v1/transcribe}: gigastt_core::inference::engine::infer: encoder_inference elapsed_ms=3404
2026-10-01T20:15:18.692700Z  INFO request{request_id=01a0f91b-5d55-7757-9eed-c6e0ea63d8ee method=POST path=/v1/transcribe}: gigastt_core::inference::engine::file_stream: transcribe complete (streaming windows) audio_s=19.87 wall_s=3.41 rtf=0.171
2026-10-01T20:15:18.702593Z  INFO request{request_id=01a0f91b-6aae-71f3-bbd4-0fcaa041f726 method=POST path=/v1/transcribe}: gigastt_core::inference::audio::wave: Audio (wave): 16000Hz, 1ch (streaming windows)
2026-10-01T20:15:18.811654Z  INFO request{request_id=01a0f91b-6a01-75b5-9052-c070a027067c method=POST path=/v1/transcribe}: gigastt_core::inference::engine::infer: encoder_inference elapsed_ms=281
2026-10-01T20:15:18.811747Z  INFO request{request_id=01a0f91b-6a01-75b5-9052-c070a027067c method=POST path=/v1/transcribe}: gigastt_core::inference::engine::file_stream: transcribe complete (streaming windows) audio_s=2.58 wall_s=0.28 rtf=0.109
2026-10-01T20:15:18.825134Z  INFO request{request_id=01a0f91b-6b28-7656-ad0b-6b175d63b55b method=POST path=/v1/transcribe}: gigastt_core::inference::audio::wave: Audio (wave): 16000Hz, 1ch (streaming windows)
2026-10-01T20:15:18.978113Z  INFO request{request_id=01a0f91b-6aae-71f3-bbd4-0fcaa041f726 method=POST path=/v1/transcribe}: gigastt_core::inference::engine::infer: encoder_inference elapsed_ms=275
2026-10-01T20:15:18.978202Z  INFO request{request_id=01a0f91b-6aae-71f3-bbd4-0fcaa041f726 method=POST path=/v1/transcribe}: gigastt_core::inference::engine::file_stream: transcribe complete (streaming windows) audio_s=2.67 wall_s=0.28 rtf=0.103
2026-10-01T20:15:18.999559Z  INFO request{request_id=01a0f91b-6bd7-7181-9550-35f0f564ec8e method=POST path=/v1/transcribe}: gigastt_core::inference::audio::wave: Audio (wave): 16000Hz, 1ch (streaming windows)
2026-10-01T20:15:19.067054Z  INFO request{request_id=01a0f91b-6b28-7656-ad0b-6b175d63b55b method=POST path=/v1/transcribe}: gigastt_core::inference::engine::infer: encoder_inference elapsed_ms=241
2026-10-01T20:15:19.067132Z  INFO request{request_id=01a0f91b-6b28-7656-ad0b-6b175d63b55b method=POST path=/v1/transcribe}: gigastt_core::inference::engine::file_stream: transcribe complete (streaming windows) audio_s=2.21 wall_s=0.24 rtf=0.109
2026-10-01T20:15:19.071894Z  INFO request{request_id=01a0f91b-6c1f-7221-ada2-2ec2a9d1f1d4 method=POST path=/v1/transcribe}: gigastt_core::inference::audio::wave: Audio (wave): 16000Hz, 1ch (streaming windows)
2026-10-01T20:15:19.208060Z  INFO request{request_id=01a0f91b-6bd7-7181-9550-35f0f564ec8e method=POST path=/v1/transcribe}: gigastt_core::inference::engine::infer: encoder_inference elapsed_ms=208
2026-10-01T20:15:19.208148Z  INFO request{request_id=01a0f91b-6bd7-7181-9550-35f0f564ec8e method=POST path=/v1/transcribe}: gigastt_core::inference::engine::file_stream: transcribe complete (streaming windows) audio_s=1.81 wall_s=0.21 rtf=0.115
2026-10-01T20:15:19.222859Z  INFO request{request_id=01a0f91b-6cb6-73b2-9b98-1a982ae42a22 method=POST path=/v1/transcribe}: gigastt_core::inference::audio::wave: Audio (wave): 16000Hz, 1ch (streaming windows)
2026-10-01T20:15:19.467139Z  INFO request{request_id=01a0f91b-6c1f-7221-ada2-2ec2a9d1f1d4 method=POST path=/v1/transcribe}: gigastt_core::inference::engine::infer: encoder_inference elapsed_ms=394
2026-10-01T20:15:19.467265Z  INFO request{request_id=01a0f91b-6c1f-7221-ada2-2ec2a9d1f1d4 method=POST path=/v1/transcribe}: gigastt_core::inference::engine::file_stream: transcribe complete (streaming windows) audio_s=3.90 wall_s=0.40 rtf=0.101
2026-10-01T20:15:19.477465Z  INFO request{request_id=01a0f91b-6db5-731f-8738-3a4f29f7f2fc method=POST path=/v1/transcribe}: gigastt_core::inference::audio::wave: Audio (wave): 16000Hz, 1ch (streaming windows)
2026-10-01T20:15:19.550081Z  INFO request{request_id=01a0f91b-6cb6-73b2-9b98-1a982ae42a22 method=POST path=/v1/transcribe}: gigastt_core::inference::engine::infer: encoder_inference elapsed_ms=326
2026-10-01T20:15:19.550179Z  INFO request{request_id=01a0f91b-6cb6-73b2-9b98-1a982ae42a22 method=POST path=/v1/transcribe}: gigastt_core::inference::engine::file_stream: transcribe complete (streaming windows) audio_s=3.04 wall_s=0.33 rtf=0.108
2026-10-01T20:15:19.558735Z  INFO request{request_id=01a0f91b-6e06-7367-bf87-622d28ea5172 method=POST path=/v1/transcribe}: gigastt_core::inference::audio::wave: Audio (wave): 16000Hz, 1ch (streaming windows)
2026-10-01T20:15:19.776114Z  INFO request{request_id=01a0f91b-6e06-7367-bf87-622d28ea5172 method=POST path=/v1/transcribe}: gigastt_core::inference::engine::infer: encoder_inference elapsed_ms=217
2026-10-01T20:15:19.776207Z  INFO request{request_id=01a0f91b-6e06-7367-bf87-622d28ea5172 method=POST path=/v1/transcribe}: gigastt_core::inference::engine::file_stream: transcribe complete (streaming windows) audio_s=1.88 wall_s=0.22 rtf=0.116
2026-10-01T20:15:19.776538Z  INFO request{request_id=01a0f91b-6db5-731f-8738-3a4f29f7f2fc method=POST path=/v1/transcribe}: gigastt_core::inference::engine::infer: encoder_inference elapsed_ms=298
2026-10-01T20:15:19.776613Z  INFO request{request_id=01a0f91b-6db5-731f-8738-3a4f29f7f2fc method=POST path=/v1/transcribe}: gigastt_core::inference::engine::file_stream: transcribe complete (streaming windows) audio_s=3.05 wall_s=0.30 rtf=0.098
2026-10-01T20:15:19.782025Z  INFO request{request_id=01a0f91b-6ee5-7762-8af3-6f144e3ce041 method=POST path=/v1/transcribe}: gigastt_core::inference::audio::wave: Audio (wave): 16000Hz, 1ch (streaming windows)
2026-10-01T20:15:19.791938Z  INFO request{request_id=01a0f91b-6eef-7748-af8f-472f61e835db method=POST path=/v1/transcribe}: gigastt_core::inference::audio::wave: Audio (wave): 16000Hz, 1ch (streaming windows)
2026-10-01T20:15:19.953839Z  INFO request{request_id=01a0f91b-6ee5-7762-8af3-6f144e3ce041 method=POST path=/v1/transcribe}: gigastt_core::inference::engine::infer: encoder_inference elapsed_ms=171
2026-10-01T20:15:19.953910Z  INFO request{request_id=01a0f91b-6ee5-7762-8af3-6f144e3ce041 method=POST path=/v1/transcribe}: gigastt_core::inference::engine::file_stream: transcribe complete (streaming windows) audio_s=1.41 wall_s=0.17 rtf=0.122
2026-10-01T20:15:19.964513Z  INFO request{request_id=01a0f91b-6f9c-765c-80c1-5c75bef7ccfa method=POST path=/v1/transcribe}: gigastt_core::inference::audio::wave: Audio (wave): 16000Hz, 1ch (streaming windows)
2026-10-01T20:15:19.992661Z  INFO request{request_id=01a0f91b-6eef-7748-af8f-472f61e835db method=POST path=/v1/transcribe}: gigastt_core::inference::engine::infer: encoder_inference elapsed_ms=200
2026-10-01T20:15:19.992732Z  INFO request{request_id=01a0f91b-6eef-7748-af8f-472f61e835db method=POST path=/v1/transcribe}: gigastt_core::inference::engine::file_stream: transcribe complete (streaming windows) audio_s=1.76 wall_s=0.20 rtf=0.114
2026-10-01T20:15:20.003924Z  INFO request{request_id=01a0f91b-6fc3-71b7-8eab-2908e9cc37ed method=POST path=/v1/transcribe}: gigastt_core::inference::audio::wave: Audio (wave): 16000Hz, 1ch (streaming windows)
2026-10-01T20:15:20.170528Z  INFO request{request_id=01a0f91b-6f9c-765c-80c1-5c75bef7ccfa method=POST path=/v1/transcribe}: gigastt_core::inference::engine::infer: encoder_inference elapsed_ms=205
2026-10-01T20:15:20.170611Z  INFO request{request_id=01a0f91b-6f9c-765c-80c1-5c75bef7ccfa method=POST path=/v1/transcribe}: gigastt_core::inference::engine::file_stream: transcribe complete (streaming windows) audio_s=1.90 wall_s=0.21 rtf=0.109
2026-10-01T20:15:20.181931Z  INFO request{request_id=01a0f91b-7075-705c-bcff-d290b7ade595 method=POST path=/v1/transcribe}: gigastt_core::inference::audio::wave: Audio (wave): 16000Hz, 1ch (streaming windows)
2026-10-01T20:15:20.184659Z  INFO request{request_id=01a0f91b-6fc3-71b7-8eab-2908e9cc37ed method=POST path=/v1/transcribe}: gigastt_core::inference::engine::infer: encoder_inference elapsed_ms=180
2026-10-01T20:15:20.184705Z  INFO request{request_id=01a0f91b-6fc3-71b7-8eab-2908e9cc37ed method=POST path=/v1/transcribe}: gigastt_core::inference::engine::file_stream: transcribe complete (streaming windows) audio_s=1.44 wall_s=0.18 rtf=0.125
2026-10-01T20:15:20.192852Z  INFO request{request_id=01a0f91b-7080-72c1-9d1d-16ceb7d313d5 method=POST path=/v1/transcribe}: gigastt_core::inference::audio::wave: Audio (wave): 16000Hz, 1ch (streaming windows)
2026-10-01T20:15:20.393976Z  INFO request{request_id=01a0f91b-7075-705c-bcff-d290b7ade595 method=POST path=/v1/transcribe}: gigastt_core::inference::engine::infer: encoder_inference elapsed_ms=211
2026-10-01T20:15:20.394050Z  INFO request{request_id=01a0f91b-7075-705c-bcff-d290b7ade595 method=POST path=/v1/transcribe}: gigastt_core::inference::engine::file_stream: transcribe complete (streaming windows) audio_s=1.89 wall_s=0.21 rtf=0.112
2026-10-01T20:15:20.407613Z  INFO request{request_id=01a0f91b-7157-7411-b652-d390150a9132 method=POST path=/v1/transcribe}: gigastt_core::inference::audio::wave: Audio (wave): 16000Hz, 1ch (streaming windows)
2026-10-01T20:15:20.443146Z  INFO request{request_id=01a0f91b-7080-72c1-9d1d-16ceb7d313d5 method=POST path=/v1/transcribe}: gigastt_core::inference::engine::infer: encoder_inference elapsed_ms=249
2026-10-01T20:15:20.443247Z  INFO request{request_id=01a0f91b-7080-72c1-9d1d-16ceb7d313d5 method=POST path=/v1/transcribe}: gigastt_core::inference::engine::file_stream: transcribe complete (streaming windows) audio_s=2.31 wall_s=0.25 rtf=0.108
2026-10-01T20:15:20.447263Z  INFO request{request_id=01a0f91b-717f-7241-8445-34ceea9d0366 method=POST path=/v1/transcribe}: gigastt_core::inference::audio::wave: Audio (wave): 16000Hz, 1ch (streaming windows)
2026-10-01T20:15:20.602977Z  INFO request{request_id=01a0f91b-7157-7411-b652-d390150a9132 method=POST path=/v1/transcribe}: gigastt_core::inference::engine::infer: encoder_inference elapsed_ms=194
2026-10-01T20:15:20.603055Z  INFO request{request_id=01a0f91b-7157-7411-b652-d390150a9132 method=POST path=/v1/transcribe}: gigastt_core::inference::engine::file_stream: transcribe complete (streaming windows) audio_s=1.72 wall_s=0.20 rtf=0.113
2026-10-01T20:15:20.614307Z  INFO request{request_id=01a0f91b-7226-74ef-adfa-38847565247b method=POST path=/v1/transcribe}: gigastt_core::inference::audio::wave: Audio (wave): 16000Hz, 1ch (streaming windows)
2026-10-01T20:15:21.002771Z  INFO request{request_id=01a0f91b-7226-74ef-adfa-38847565247b method=POST path=/v1/transcribe}: gigastt_core::inference::engine::infer: encoder_inference elapsed_ms=387
2026-10-01T20:15:21.002858Z  INFO request{request_id=01a0f91b-7226-74ef-adfa-38847565247b method=POST path=/v1/transcribe}: gigastt_core::inference::engine::file_stream: transcribe complete (streaming windows) audio_s=3.24 wall_s=0.39 rtf=0.120
2026-10-01T20:15:21.025383Z  INFO request{request_id=01a0f91b-73c1-7376-9e8f-238ced191065 method=POST path=/v1/transcribe}: gigastt_core::inference::audio::wave: Audio (wave): 16000Hz, 1ch (streaming windows)
2026-10-01T20:15:21.154429Z  INFO request{request_id=01a0f91b-717f-7241-8445-34ceea9d0366 method=POST path=/v1/transcribe}: gigastt_core::inference::engine::infer: encoder_inference elapsed_ms=706
2026-10-01T20:15:21.154654Z  INFO request{request_id=01a0f91b-717f-7241-8445-34ceea9d0366 method=POST path=/v1/transcribe}: gigastt_core::inference::engine::file_stream: transcribe complete (streaming windows) audio_s=6.74 wall_s=0.71 rtf=0.105
2026-10-01T20:15:21.162222Z  INFO request{request_id=01a0f91b-744a-751d-8d9f-6e1e56411132 method=POST path=/v1/transcribe}: gigastt_core::inference::audio::wave: Audio (wave): 16000Hz, 1ch (streaming windows)
2026-10-01T20:15:21.233501Z  INFO request{request_id=01a0f91b-73c1-7376-9e8f-238ced191065 method=POST path=/v1/transcribe}: gigastt_core::inference::engine::infer: encoder_inference elapsed_ms=207
2026-10-01T20:15:21.233570Z  INFO request{request_id=01a0f91b-73c1-7376-9e8f-238ced191065 method=POST path=/v1/transcribe}: gigastt_core::inference::engine::file_stream: transcribe complete (streaming windows) audio_s=1.46 wall_s=0.21 rtf=0.143
2026-10-01T20:15:21.241455Z  INFO request{request_id=01a0f91b-7499-70e4-9a02-b2a74650f4c8 method=POST path=/v1/transcribe}: gigastt_core::inference::audio::wave: Audio (wave): 16000Hz, 1ch (streaming windows)
2026-10-01T20:15:21.391520Z  INFO request{request_id=01a0f91b-744a-751d-8d9f-6e1e56411132 method=POST path=/v1/transcribe}: gigastt_core::inference::engine::infer: encoder_inference elapsed_ms=228
2026-10-01T20:15:21.391602Z  INFO request{request_id=01a0f91b-744a-751d-8d9f-6e1e56411132 method=POST path=/v1/transcribe}: gigastt_core::inference::engine::file_stream: transcribe complete (streaming windows) audio_s=1.77 wall_s=0.23 rtf=0.130
2026-10-01T20:15:21.403245Z  INFO request{request_id=01a0f91b-753b-718d-a359-8fc9defd2fe4 method=POST path=/v1/transcribe}: gigastt_core::inference::audio::wave: Audio (wave): 16000Hz, 1ch (streaming windows)
2026-10-01T20:15:21.652202Z  INFO request{request_id=01a0f91b-7499-70e4-9a02-b2a74650f4c8 method=POST path=/v1/transcribe}: gigastt_core::inference::engine::infer: encoder_inference elapsed_ms=410
2026-10-01T20:15:21.652293Z  INFO request{request_id=01a0f91b-7499-70e4-9a02-b2a74650f4c8 method=POST path=/v1/transcribe}: gigastt_core::inference::engine::file_stream: transcribe complete (streaming windows) audio_s=3.80 wall_s=0.41 rtf=0.108
2026-10-01T20:15:21.659119Z  INFO request{request_id=01a0f91b-763a-7720-9794-1afe3f923568 method=POST path=/v1/transcribe}: gigastt_core::inference::audio::wave: Audio (wave): 16000Hz, 1ch (streaming windows)
2026-10-01T20:15:21.667643Z  INFO request{request_id=01a0f91b-753b-718d-a359-8fc9defd2fe4 method=POST path=/v1/transcribe}: gigastt_core::inference::engine::infer: encoder_inference elapsed_ms=263
2026-10-01T20:15:21.667731Z  INFO request{request_id=01a0f91b-753b-718d-a359-8fc9defd2fe4 method=POST path=/v1/transcribe}: gigastt_core::inference::engine::file_stream: transcribe complete (streaming windows) audio_s=2.30 wall_s=0.26 rtf=0.115
2026-10-01T20:15:21.678812Z  INFO request{request_id=01a0f91b-764e-74d6-8081-e4c4351faf3a method=POST path=/v1/transcribe}: gigastt_core::inference::audio::wave: Audio (wave): 16000Hz, 1ch (streaming windows)
2026-10-01T20:15:22.036693Z  INFO request{request_id=01a0f91b-764e-74d6-8081-e4c4351faf3a method=POST path=/v1/transcribe}: gigastt_core::inference::engine::infer: encoder_inference elapsed_ms=357
2026-10-01T20:15:22.036792Z  INFO request{request_id=01a0f91b-764e-74d6-8081-e4c4351faf3a method=POST path=/v1/transcribe}: gigastt_core::inference::engine::file_stream: transcribe complete (streaming windows) audio_s=2.86 wall_s=0.36 rtf=0.125
2026-10-01T20:15:22.045923Z  INFO request{request_id=01a0f91b-77bd-75dc-a8d5-71eab096cd6d method=POST path=/v1/transcribe}: gigastt_core::inference::audio::wave: Audio (wave): 16000Hz, 1ch (streaming windows)
2026-10-01T20:15:22.066720Z  INFO request{request_id=01a0f91b-763a-7720-9794-1afe3f923568 method=POST path=/v1/transcribe}: gigastt_core::inference::engine::infer: encoder_inference elapsed_ms=407
2026-10-01T20:15:22.066802Z  INFO request{request_id=01a0f91b-763a-7720-9794-1afe3f923568 method=POST path=/v1/transcribe}: gigastt_core::inference::engine::file_stream: transcribe complete (streaming windows) audio_s=3.36 wall_s=0.41 rtf=0.121
2026-10-01T20:15:22.070705Z  INFO request{request_id=01a0f91b-77d6-77f3-aa1e-516b5cf8020d method=POST path=/v1/transcribe}: gigastt_core::inference::audio::wave: Audio (wave): 16000Hz, 1ch (streaming windows)
2026-10-01T20:15:22.306498Z  INFO request{request_id=01a0f91b-77d6-77f3-aa1e-516b5cf8020d method=POST path=/v1/transcribe}: gigastt_core::inference::engine::infer: encoder_inference elapsed_ms=235
2026-10-01T20:15:22.306624Z  INFO request{request_id=01a0f91b-77d6-77f3-aa1e-516b5cf8020d method=POST path=/v1/transcribe}: gigastt_core::inference::engine::file_stream: transcribe complete (streaming windows) audio_s=1.49 wall_s=0.24 rtf=0.158
2026-10-01T20:15:22.318491Z  INFO request{request_id=01a0f91b-78ce-77c0-9d80-4d987dd0ba2e method=POST path=/v1/transcribe}: gigastt_core::inference::audio::wave: Audio (wave): 16000Hz, 1ch (streaming windows)
2026-10-01T20:15:22.484052Z  INFO request{request_id=01a0f91b-77bd-75dc-a8d5-71eab096cd6d method=POST path=/v1/transcribe}: gigastt_core::inference::engine::infer: encoder_inference elapsed_ms=437
2026-10-01T20:15:22.484159Z  INFO request{request_id=01a0f91b-77bd-75dc-a8d5-71eab096cd6d method=POST path=/v1/transcribe}: gigastt_core::inference::engine::file_stream: transcribe complete (streaming windows) audio_s=3.33 wall_s=0.44 rtf=0.131
2026-10-01T20:15:22.494938Z  INFO request{request_id=01a0f91b-797e-7793-8882-d54292ff5210 method=POST path=/v1/transcribe}: gigastt_core::inference::audio::wave: Audio (wave): 16000Hz, 1ch (streaming windows)
2026-10-01T20:15:22.574106Z  INFO request{request_id=01a0f91b-78ce-77c0-9d80-4d987dd0ba2e method=POST path=/v1/transcribe}: gigastt_core::inference::engine::infer: encoder_inference elapsed_ms=255
2026-10-01T20:15:22.574193Z  INFO request{request_id=01a0f91b-78ce-77c0-9d80-4d987dd0ba2e method=POST path=/v1/transcribe}: gigastt_core::inference::engine::file_stream: transcribe complete (streaming windows) audio_s=1.81 wall_s=0.26 rtf=0.141
2026-10-01T20:15:22.580087Z  INFO request{request_id=01a0f91b-79d3-74de-bd72-d64a1a9cb725 method=POST path=/v1/transcribe}: gigastt_core::inference::audio::wave: Audio (wave): 16000Hz, 1ch (streaming windows)
2026-10-01T20:15:22.725964Z  INFO request{request_id=01a0f91b-797e-7793-8882-d54292ff5210 method=POST path=/v1/transcribe}: gigastt_core::inference::engine::infer: encoder_inference elapsed_ms=230
2026-10-01T20:15:22.726034Z  INFO request{request_id=01a0f91b-797e-7793-8882-d54292ff5210 method=POST path=/v1/transcribe}: gigastt_core::inference::engine::file_stream: transcribe complete (streaming windows) audio_s=1.92 wall_s=0.23 rtf=0.121
2026-10-01T20:15:22.739514Z  INFO request{request_id=01a0f91b-7a73-7764-879f-5261bca49ea3 method=POST path=/v1/transcribe}: gigastt_core::inference::audio::wave: Audio (wave): 16000Hz, 1ch (streaming windows)
2026-10-01T20:15:22.824623Z  INFO request{request_id=01a0f91b-79d3-74de-bd72-d64a1a9cb725 method=POST path=/v1/transcribe}: gigastt_core::inference::engine::infer: encoder_inference elapsed_ms=244
2026-10-01T20:15:22.824709Z  INFO request{request_id=01a0f91b-79d3-74de-bd72-d64a1a9cb725 method=POST path=/v1/transcribe}: gigastt_core::inference::engine::file_stream: transcribe complete (streaming windows) audio_s=2.04 wall_s=0.24 rtf=0.120
2026-10-01T20:15:22.832944Z  INFO request{request_id=01a0f91b-7ad0-77e4-b72c-5eeca02e6e17 method=POST path=/v1/transcribe}: gigastt_core::inference::audio::wave: Audio (wave): 16000Hz, 1ch (streaming windows)
2026-10-01T20:15:23.041935Z  INFO request{request_id=01a0f91b-7a73-7764-879f-5261bca49ea3 method=POST path=/v1/transcribe}: gigastt_core::inference::engine::infer: encoder_inference elapsed_ms=302
2026-10-01T20:15:23.042148Z  INFO request{request_id=01a0f91b-7a73-7764-879f-5261bca49ea3 method=POST path=/v1/transcribe}: gigastt_core::inference::engine::file_stream: transcribe complete (streaming windows) audio_s=1.87 wall_s=0.30 rtf=0.162
2026-10-01T20:15:23.053511Z  INFO request{request_id=01a0f91b-7bad-7089-9245-44665a516d8b method=POST path=/v1/transcribe}: gigastt_core::inference::audio::wave: Audio (wave): 16000Hz, 1ch (streaming windows)
2026-10-01T20:15:23.201180Z  INFO request{request_id=01a0f91b-7ad0-77e4-b72c-5eeca02e6e17 method=POST path=/v1/transcribe}: gigastt_core::inference::engine::infer: encoder_inference elapsed_ms=367
2026-10-01T20:15:23.201312Z  INFO request{request_id=01a0f91b-7ad0-77e4-b72c-5eeca02e6e17 method=POST path=/v1/transcribe}: gigastt_core::inference::engine::file_stream: transcribe complete (streaming windows) audio_s=2.11 wall_s=0.37 rtf=0.175
2026-10-01T20:15:23.212775Z  INFO request{request_id=01a0f91b-7c4c-76f9-8006-6bfe1f6f28a2 method=POST path=/v1/transcribe}: gigastt_core::inference::audio::wave: Audio (wave): 16000Hz, 1ch (streaming windows)
2026-10-01T20:15:23.360221Z  INFO request{request_id=01a0f91b-7bad-7089-9245-44665a516d8b method=POST path=/v1/transcribe}: gigastt_core::inference::engine::infer: encoder_inference elapsed_ms=306
2026-10-01T20:15:23.360297Z  INFO request{request_id=01a0f91b-7bad-7089-9245-44665a516d8b method=POST path=/v1/transcribe}: gigastt_core::inference::engine::file_stream: transcribe complete (streaming windows) audio_s=2.06 wall_s=0.31 rtf=0.149
2026-10-01T20:15:23.366202Z  INFO request{request_id=01a0f91b-7ce6-7633-aa01-232a287cf3a9 method=POST path=/v1/transcribe}: gigastt_core::inference::audio::wave: Audio (wave): 16000Hz, 1ch (streaming windows)
2026-10-01T20:15:23.754886Z  INFO request{request_id=01a0f91b-7ce6-7633-aa01-232a287cf3a9 method=POST path=/v1/transcribe}: gigastt_core::inference::engine::infer: encoder_inference elapsed_ms=388
2026-10-01T20:15:23.754991Z  INFO request{request_id=01a0f91b-7ce6-7633-aa01-232a287cf3a9 method=POST path=/v1/transcribe}: gigastt_core::inference::engine::file_stream: transcribe complete (streaming windows) audio_s=3.20 wall_s=0.39 rtf=0.121
2026-10-01T20:15:23.759891Z  INFO request{request_id=01a0f91b-7e6f-7327-93d5-6806a3ab3304 method=POST path=/v1/transcribe}: gigastt_core::inference::audio::wave: Audio (wave): 16000Hz, 1ch (streaming windows)
2026-10-01T20:15:23.973974Z  INFO request{request_id=01a0f91b-7c4c-76f9-8006-6bfe1f6f28a2 method=POST path=/v1/transcribe}: gigastt_core::inference::engine::infer: encoder_inference elapsed_ms=759
2026-10-01T20:15:23.974085Z  INFO request{request_id=01a0f91b-7c4c-76f9-8006-6bfe1f6f28a2 method=POST path=/v1/transcribe}: gigastt_core::inference::engine::file_stream: transcribe complete (streaming windows) audio_s=5.66 wall_s=0.76 rtf=0.134
2026-10-01T20:15:23.983394Z  INFO request{request_id=01a0f91b-7f4f-7271-b1a8-e7129d7118ac method=POST path=/v1/transcribe}: gigastt_core::inference::audio::wave: Audio (wave): 16000Hz, 1ch (streaming windows)
2026-10-01T20:15:24.390574Z  INFO request{request_id=01a0f91b-7e6f-7327-93d5-6806a3ab3304 method=POST path=/v1/transcribe}: gigastt_core::inference::engine::infer: encoder_inference elapsed_ms=629
2026-10-01T20:15:24.390717Z  INFO request{request_id=01a0f91b-7e6f-7327-93d5-6806a3ab3304 method=POST path=/v1/transcribe}: gigastt_core::inference::engine::file_stream: transcribe complete (streaming windows) audio_s=5.08 wall_s=0.63 rtf=0.124
2026-10-01T20:15:24.405030Z  INFO request{request_id=01a0f91b-80f4-7367-9c5d-190ea93e3e44 method=POST path=/v1/transcribe}: gigastt_core::inference::audio::wave: Audio (wave): 16000Hz, 1ch (streaming windows)
2026-10-01T20:15:24.492906Z  INFO request{request_id=01a0f91b-7f4f-7271-b1a8-e7129d7118ac method=POST path=/v1/transcribe}: gigastt_core::inference::engine::infer: encoder_inference elapsed_ms=508
2026-10-01T20:15:24.493024Z  INFO request{request_id=01a0f91b-7f4f-7271-b1a8-e7129d7118ac method=POST path=/v1/transcribe}: gigastt_core::inference::engine::file_stream: transcribe complete (streaming windows) audio_s=5.11 wall_s=0.51 rtf=0.100
2026-10-01T20:15:24.500741Z  INFO request{request_id=01a0f91b-8154-733a-b0d7-6191b81f52c9 method=POST path=/v1/transcribe}: gigastt_core::inference::audio::wave: Audio (wave): 16000Hz, 1ch (streaming windows)
2026-10-01T20:15:24.751432Z  INFO request{request_id=01a0f91b-80f4-7367-9c5d-190ea93e3e44 method=POST path=/v1/transcribe}: gigastt_core::inference::engine::infer: encoder_inference elapsed_ms=345
2026-10-01T20:15:24.751527Z  INFO request{request_id=01a0f91b-80f4-7367-9c5d-190ea93e3e44 method=POST path=/v1/transcribe}: gigastt_core::inference::engine::file_stream: transcribe complete (streaming windows) audio_s=3.55 wall_s=0.35 rtf=0.098
2026-10-01T20:15:24.756726Z  INFO request{request_id=01a0f91b-8254-7303-9081-5d7595257e0e method=POST path=/v1/transcribe}: gigastt_core::inference::audio::wave: Audio (wave): 16000Hz, 1ch (streaming windows)
2026-10-01T20:15:24.781293Z  INFO request{request_id=01a0f91b-8154-733a-b0d7-6191b81f52c9 method=POST path=/v1/transcribe}: gigastt_core::inference::engine::infer: encoder_inference elapsed_ms=280
2026-10-01T20:15:24.781376Z  INFO request{request_id=01a0f91b-8154-733a-b0d7-6191b81f52c9 method=POST path=/v1/transcribe}: gigastt_core::inference::engine::file_stream: transcribe complete (streaming windows) audio_s=2.84 wall_s=0.28 rtf=0.099
2026-10-01T20:15:24.785663Z  INFO request{request_id=01a0f91b-8271-7022-8185-5af10ee5c2a1 method=POST path=/v1/transcribe}: gigastt_core::inference::audio::wave: Audio (wave): 16000Hz, 1ch (streaming windows)
2026-10-01T20:15:25.034384Z  INFO request{request_id=01a0f91b-8254-7303-9081-5d7595257e0e method=POST path=/v1/transcribe}: gigastt_core::inference::engine::infer: encoder_inference elapsed_ms=277
2026-10-01T20:15:25.034560Z  INFO request{request_id=01a0f91b-8254-7303-9081-5d7595257e0e method=POST path=/v1/transcribe}: gigastt_core::inference::engine::file_stream: transcribe complete (streaming windows) audio_s=2.49 wall_s=0.28 rtf=0.112
2026-10-01T20:15:25.049480Z  INFO request{request_id=01a0f91b-8379-716b-82eb-ad8552a6b5f6 method=POST path=/v1/transcribe}: gigastt_core::inference::audio::wave: Audio (wave): 16000Hz, 1ch (streaming windows)
2026-10-01T20:15:25.184504Z  INFO request{request_id=01a0f91b-8271-7022-8185-5af10ee5c2a1 method=POST path=/v1/transcribe}: gigastt_core::inference::engine::infer: encoder_inference elapsed_ms=397
2026-10-01T20:15:25.184614Z  INFO request{request_id=01a0f91b-8271-7022-8185-5af10ee5c2a1 method=POST path=/v1/transcribe}: gigastt_core::inference::engine::file_stream: transcribe complete (streaming windows) audio_s=2.85 wall_s=0.40 rtf=0.140
2026-10-01T20:15:25.192041Z  INFO request{request_id=01a0f91b-8407-7173-aaa7-87433b9fc0d1 method=POST path=/v1/transcribe}: gigastt_core::inference::audio::wave: Audio (wave): 16000Hz, 1ch (streaming windows)
2026-10-01T20:15:25.490217Z  INFO request{request_id=01a0f91b-8407-7173-aaa7-87433b9fc0d1 method=POST path=/v1/transcribe}: gigastt_core::inference::engine::infer: encoder_inference elapsed_ms=297
2026-10-01T20:15:25.490292Z  INFO request{request_id=01a0f91b-8407-7173-aaa7-87433b9fc0d1 method=POST path=/v1/transcribe}: gigastt_core::inference::engine::file_stream: transcribe complete (streaming windows) audio_s=2.57 wall_s=0.30 rtf=0.116
2026-10-01T20:15:25.503695Z  INFO request{request_id=01a0f91b-853f-7144-987c-e27128c4b34f method=POST path=/v1/transcribe}: gigastt_core::inference::audio::wave: Audio (wave): 16000Hz, 1ch (streaming windows)
2026-10-01T20:15:25.642419Z  INFO request{request_id=01a0f91b-8379-716b-82eb-ad8552a6b5f6 method=POST path=/v1/transcribe}: gigastt_core::inference::engine::infer: encoder_inference elapsed_ms=591
2026-10-01T20:15:25.642700Z  INFO request{request_id=01a0f91b-8379-716b-82eb-ad8552a6b5f6 method=POST path=/v1/transcribe}: gigastt_core::inference::engine::file_stream: transcribe complete (streaming windows) audio_s=4.45 wall_s=0.59 rtf=0.133
2026-10-01T20:15:25.655290Z  INFO request{request_id=01a0f91b-85d7-7025-97a5-9a4386a90e98 method=POST path=/v1/transcribe}: gigastt_core::inference::audio::wave: Audio (wave): 16000Hz, 1ch (streaming windows)
2026-10-01T20:15:25.872427Z  INFO request{request_id=01a0f91b-853f-7144-987c-e27128c4b34f method=POST path=/v1/transcribe}: gigastt_core::inference::engine::infer: encoder_inference elapsed_ms=368
2026-10-01T20:15:25.872516Z  INFO request{request_id=01a0f91b-853f-7144-987c-e27128c4b34f method=POST path=/v1/transcribe}: gigastt_core::inference::engine::file_stream: transcribe complete (streaming windows) audio_s=2.73 wall_s=0.37 rtf=0.135
2026-10-01T20:15:25.880484Z  INFO request{request_id=01a0f91b-86b8-7454-a90f-f5150fca7131 method=POST path=/v1/transcribe}: gigastt_core::inference::audio::wave: Audio (wave): 16000Hz, 1ch (streaming windows)
2026-10-01T20:15:25.934676Z  INFO request{request_id=01a0f91b-85d7-7025-97a5-9a4386a90e98 method=POST path=/v1/transcribe}: gigastt_core::inference::engine::infer: encoder_inference elapsed_ms=278
2026-10-01T20:15:25.934779Z  INFO request{request_id=01a0f91b-85d7-7025-97a5-9a4386a90e98 method=POST path=/v1/transcribe}: gigastt_core::inference::engine::file_stream: transcribe complete (streaming windows) audio_s=2.09 wall_s=0.28 rtf=0.134
2026-10-01T20:15:25.938832Z  INFO request{request_id=01a0f91b-86f2-7526-a236-9ee99db49e69 method=POST path=/v1/transcribe}: gigastt_core::inference::audio::wave: Audio (wave): 16000Hz, 1ch (streaming windows)
2026-10-01T20:15:26.246417Z  INFO request{request_id=01a0f91b-86f2-7526-a236-9ee99db49e69 method=POST path=/v1/transcribe}: gigastt_core::inference::engine::infer: encoder_inference elapsed_ms=307
2026-10-01T20:15:26.246681Z  INFO request{request_id=01a0f91b-86f2-7526-a236-9ee99db49e69 method=POST path=/v1/transcribe}: gigastt_core::inference::engine::file_stream: transcribe complete (streaming windows) audio_s=2.07 wall_s=0.31 rtf=0.149
2026-10-01T20:15:26.259289Z  INFO request{request_id=01a0f91b-8832-713d-bced-cb64afa51539 method=POST path=/v1/transcribe}: gigastt_core::inference::audio::wave: Audio (wave): 16000Hz, 1ch (streaming windows)
2026-10-01T20:15:26.333885Z  INFO request{request_id=01a0f91b-86b8-7454-a90f-f5150fca7131 method=POST path=/v1/transcribe}: gigastt_core::inference::engine::infer: encoder_inference elapsed_ms=452
2026-10-01T20:15:26.334042Z  INFO request{request_id=01a0f91b-86b8-7454-a90f-f5150fca7131 method=POST path=/v1/transcribe}: gigastt_core::inference::engine::file_stream: transcribe complete (streaming windows) audio_s=3.22 wall_s=0.45 rtf=0.141
2026-10-01T20:15:26.344837Z  INFO request{request_id=01a0f91b-8888-720a-883e-7b275a9d7bfc method=POST path=/v1/transcribe}: gigastt_core::inference::audio::wave: Audio (wave): 16000Hz, 1ch (streaming windows)
2026-10-01T20:15:26.722793Z  INFO request{request_id=01a0f91b-8832-713d-bced-cb64afa51539 method=POST path=/v1/transcribe}: gigastt_core::inference::engine::infer: encoder_inference elapsed_ms=462
2026-10-01T20:15:26.722888Z  INFO request{request_id=01a0f91b-8832-713d-bced-cb64afa51539 method=POST path=/v1/transcribe}: gigastt_core::inference::engine::file_stream: transcribe complete (streaming windows) audio_s=3.66 wall_s=0.46 rtf=0.126
2026-10-01T20:15:26.731338Z  INFO request{request_id=01a0f91b-8a0b-7630-b4f7-11c5afad6589 method=POST path=/v1/transcribe}: gigastt_core::inference::audio::wave: Audio (wave): 16000Hz, 1ch (streaming windows)
2026-10-01T20:15:26.918425Z  INFO request{request_id=01a0f91b-8888-720a-883e-7b275a9d7bfc method=POST path=/v1/transcribe}: gigastt_core::inference::engine::infer: encoder_inference elapsed_ms=572
2026-10-01T20:15:26.918526Z  INFO request{request_id=01a0f91b-8888-720a-883e-7b275a9d7bfc method=POST path=/v1/transcribe}: gigastt_core::inference::engine::file_stream: transcribe complete (streaming windows) audio_s=5.38 wall_s=0.57 rtf=0.107
2026-10-01T20:15:26.933045Z  INFO request{request_id=01a0f91b-8ad4-74e4-875d-0c3353188622 method=POST path=/v1/transcribe}: gigastt_core::inference::audio::wave: Audio (wave): 16000Hz, 1ch (streaming windows)
2026-10-01T20:15:27.067322Z  INFO request{request_id=01a0f91b-8a0b-7630-b4f7-11c5afad6589 method=POST path=/v1/transcribe}: gigastt_core::inference::engine::infer: encoder_inference elapsed_ms=335
2026-10-01T20:15:27.067406Z  INFO request{request_id=01a0f91b-8a0b-7630-b4f7-11c5afad6589 method=POST path=/v1/transcribe}: gigastt_core::inference::engine::file_stream: transcribe complete (streaming windows) audio_s=3.58 wall_s=0.34 rtf=0.094
2026-10-01T20:15:27.075623Z  INFO request{request_id=01a0f91b-8b63-747d-9796-33990ed3f84b method=POST path=/v1/transcribe}: gigastt_core::inference::audio::wave: Audio (wave): 16000Hz, 1ch (streaming windows)
2026-10-01T20:15:27.857613Z  INFO request{request_id=01a0f91b-8ad4-74e4-875d-0c3353188622 method=POST path=/v1/transcribe}: gigastt_core::inference::engine::infer: encoder_inference elapsed_ms=923
2026-10-01T20:15:27.857905Z  INFO request{request_id=01a0f91b-8ad4-74e4-875d-0c3353188622 method=POST path=/v1/transcribe}: gigastt_core::inference::engine::file_stream: transcribe complete (streaming windows) audio_s=8.90 wall_s=0.92 rtf=0.104
2026-10-01T20:15:27.873841Z  INFO request{request_id=01a0f91b-8b63-747d-9796-33990ed3f84b method=POST path=/v1/transcribe}: gigastt_core::inference::engine::infer: encoder_inference elapsed_ms=797
2026-10-01T20:15:27.875342Z  INFO request{request_id=01a0f91b-8b63-747d-9796-33990ed3f84b method=POST path=/v1/transcribe}: gigastt_core::inference::engine::file_stream: transcribe complete (streaming windows) audio_s=7.56 wall_s=0.80 rtf=0.106
2026-10-01T20:15:27.879807Z  INFO request{request_id=01a0f91b-8e87-7031-834c-822b104b5120 method=POST path=/v1/transcribe}: gigastt_core::inference::audio::wave: Audio (wave): 16000Hz, 1ch (streaming windows)
2026-10-01T20:15:27.891910Z  INFO request{request_id=01a0f91b-8e93-7276-b52b-e1355567c947 method=POST path=/v1/transcribe}: gigastt_core::inference::audio::wave: Audio (wave): 16000Hz, 1ch (streaming windows)
2026-10-01T20:15:28.615883Z  INFO request{request_id=01a0f91b-8e93-7276-b52b-e1355567c947 method=POST path=/v1/transcribe}: gigastt_core::inference::engine::infer: encoder_inference elapsed_ms=722
2026-10-01T20:15:28.616044Z  INFO request{request_id=01a0f91b-8e93-7276-b52b-e1355567c947 method=POST path=/v1/transcribe}: gigastt_core::inference::engine::file_stream: transcribe complete (streaming windows) audio_s=3.84 wall_s=0.72 rtf=0.189
2026-10-01T20:15:28.630684Z  INFO request{request_id=01a0f91b-9176-7200-babd-225952474088 method=POST path=/v1/transcribe}: gigastt_core::inference::audio::wave: Audio (wave): 16000Hz, 1ch (streaming windows)
2026-10-01T20:15:28.821221Z  INFO request{request_id=01a0f91b-8e87-7031-834c-822b104b5120 method=POST path=/v1/transcribe}: gigastt_core::inference::engine::infer: encoder_inference elapsed_ms=937
2026-10-01T20:15:28.821347Z  INFO request{request_id=01a0f91b-8e87-7031-834c-822b104b5120 method=POST path=/v1/transcribe}: gigastt_core::inference::engine::file_stream: transcribe complete (streaming windows) audio_s=5.95 wall_s=0.94 rtf=0.158
2026-10-01T20:15:28.833833Z  INFO request{request_id=01a0f91b-9241-7064-bbbb-90f1a9535294 method=POST path=/v1/transcribe}: gigastt_core::inference::audio::wave: Audio (wave): 16000Hz, 1ch (streaming windows)
2026-10-01T20:15:29.186009Z  INFO request{request_id=01a0f91b-9176-7200-babd-225952474088 method=POST path=/v1/transcribe}: gigastt_core::inference::engine::infer: encoder_inference elapsed_ms=553
2026-10-01T20:15:29.186109Z  INFO request{request_id=01a0f91b-9176-7200-babd-225952474088 method=POST path=/v1/transcribe}: gigastt_core::inference::engine::file_stream: transcribe complete (streaming windows) audio_s=4.28 wall_s=0.56 rtf=0.130
2026-10-01T20:15:29.191630Z  INFO request{request_id=01a0f91b-93a7-748f-a863-cd9c3ba04910 method=POST path=/v1/transcribe}: gigastt_core::inference::audio::wave: Audio (wave): 16000Hz, 1ch (streaming windows)
2026-10-01T20:15:29.513827Z  INFO request{request_id=01a0f91b-9241-7064-bbbb-90f1a9535294 method=POST path=/v1/transcribe}: gigastt_core::inference::engine::infer: encoder_inference elapsed_ms=679
2026-10-01T20:15:29.513933Z  INFO request{request_id=01a0f91b-9241-7064-bbbb-90f1a9535294 method=POST path=/v1/transcribe}: gigastt_core::inference::engine::file_stream: transcribe complete (streaming windows) audio_s=7.01 wall_s=0.68 rtf=0.097
2026-10-01T20:15:29.521257Z  INFO request{request_id=01a0f91b-94f0-7349-96fa-aa8f1cdc039f method=POST path=/v1/transcribe}: gigastt_core::inference::audio::wave: Audio (wave): 16000Hz, 1ch (streaming windows)
2026-10-01T20:15:29.553926Z  INFO request{request_id=01a0f91b-93a7-748f-a863-cd9c3ba04910 method=POST path=/v1/transcribe}: gigastt_core::inference::engine::infer: encoder_inference elapsed_ms=361
2026-10-01T20:15:29.554052Z  INFO request{request_id=01a0f91b-93a7-748f-a863-cd9c3ba04910 method=POST path=/v1/transcribe}: gigastt_core::inference::engine::file_stream: transcribe complete (streaming windows) audio_s=3.54 wall_s=0.36 rtf=0.102
2026-10-01T20:15:29.569116Z  INFO request{request_id=01a0f91b-9520-7346-8e87-153aba7db41e method=POST path=/v1/transcribe}: gigastt_core::inference::audio::wave: Audio (wave): 16000Hz, 1ch (streaming windows)
2026-10-01T20:15:30.117379Z  INFO request{request_id=01a0f91b-94f0-7349-96fa-aa8f1cdc039f method=POST path=/v1/transcribe}: gigastt_core::inference::engine::infer: encoder_inference elapsed_ms=595
2026-10-01T20:15:30.117473Z  INFO request{request_id=01a0f91b-94f0-7349-96fa-aa8f1cdc039f method=POST path=/v1/transcribe}: gigastt_core::inference::engine::file_stream: transcribe complete (streaming windows) audio_s=2.63 wall_s=0.60 rtf=0.226
2026-10-01T20:15:30.125915Z  INFO request{request_id=01a0f91b-974d-722d-88a1-84d0771ed22b method=POST path=/v1/transcribe}: gigastt_core::inference::audio::wave: Audio (wave): 16000Hz, 1ch (streaming windows)
2026-10-01T20:15:30.482755Z  INFO request{request_id=01a0f91b-9520-7346-8e87-153aba7db41e method=POST path=/v1/transcribe}: gigastt_core::inference::engine::infer: encoder_inference elapsed_ms=901
2026-10-01T20:15:30.482857Z  INFO request{request_id=01a0f91b-9520-7346-8e87-153aba7db41e method=POST path=/v1/transcribe}: gigastt_core::inference::engine::file_stream: transcribe complete (streaming windows) audio_s=5.39 wall_s=0.91 rtf=0.169
2026-10-01T20:15:30.491527Z  INFO request{request_id=01a0f91b-98bb-7339-b7cf-6621a0ef095c method=POST path=/v1/transcribe}: gigastt_core::inference::audio::wave: Audio (wave): 16000Hz, 1ch (streaming windows)
2026-10-01T20:15:31.110843Z  INFO request{request_id=01a0f91b-974d-722d-88a1-84d0771ed22b method=POST path=/v1/transcribe}: gigastt_core::inference::engine::infer: encoder_inference elapsed_ms=983
2026-10-01T20:15:31.110968Z  INFO request{request_id=01a0f91b-974d-722d-88a1-84d0771ed22b method=POST path=/v1/transcribe}: gigastt_core::inference::engine::file_stream: transcribe complete (streaming windows) audio_s=7.53 wall_s=0.98 rtf=0.131
2026-10-01T20:15:31.127756Z  INFO request{request_id=01a0f91b-9b37-736d-bbcd-dfa051425348 method=POST path=/v1/transcribe}: gigastt_core::inference::audio::wave: Audio (wave): 16000Hz, 1ch (streaming windows)
2026-10-01T20:15:31.925941Z  INFO request{request_id=01a0f91b-98bb-7339-b7cf-6621a0ef095c method=POST path=/v1/transcribe}: gigastt_core::inference::engine::infer: encoder_inference elapsed_ms=1433
2026-10-01T20:15:31.926140Z  INFO request{request_id=01a0f91b-98bb-7339-b7cf-6621a0ef095c method=POST path=/v1/transcribe}: gigastt_core::inference::engine::file_stream: transcribe complete (streaming windows) audio_s=8.79 wall_s=1.43 rtf=0.163
2026-10-01T20:15:31.932997Z  INFO request{request_id=01a0f91b-9e5c-7679-8dcf-94aa5212e216 method=POST path=/v1/transcribe}: gigastt_core::inference::audio::wave: Audio (wave): 16000Hz, 1ch (streaming windows)
2026-10-01T20:15:32.165482Z  INFO request{request_id=01a0f91b-9b37-736d-bbcd-dfa051425348 method=POST path=/v1/transcribe}: gigastt_core::inference::engine::infer: encoder_inference elapsed_ms=1037
2026-10-01T20:15:32.165795Z  INFO request{request_id=01a0f91b-9b37-736d-bbcd-dfa051425348 method=POST path=/v1/transcribe}: gigastt_core::inference::engine::file_stream: transcribe complete (streaming windows) audio_s=3.51 wall_s=1.04 rtf=0.296
2026-10-01T20:15:32.193234Z  INFO request{request_id=01a0f91b-9f60-7774-8496-deaa420d0408 method=POST path=/v1/transcribe}: gigastt_core::inference::audio::wave: Audio (wave): 16000Hz, 1ch (streaming windows)
2026-10-01T20:15:33.103406Z  INFO request{request_id=01a0f91b-9e5c-7679-8dcf-94aa5212e216 method=POST path=/v1/transcribe}: gigastt_core::inference::engine::infer: encoder_inference elapsed_ms=1169
2026-10-01T20:15:33.103517Z  INFO request{request_id=01a0f91b-9e5c-7679-8dcf-94aa5212e216 method=POST path=/v1/transcribe}: gigastt_core::inference::engine::file_stream: transcribe complete (streaming windows) audio_s=4.74 wall_s=1.17 rtf=0.247
2026-10-01T20:15:33.113768Z  INFO request{request_id=01a0f91b-a2f9-759a-96c8-fe93698bd2bf method=POST path=/v1/transcribe}: gigastt_core::inference::audio::wave: Audio (wave): 16000Hz, 1ch (streaming windows)
2026-10-01T20:15:33.528799Z  INFO request{request_id=01a0f91b-9f60-7774-8496-deaa420d0408 method=POST path=/v1/transcribe}: gigastt_core::inference::engine::infer: encoder_inference elapsed_ms=1333
2026-10-01T20:15:33.528930Z  INFO request{request_id=01a0f91b-9f60-7774-8496-deaa420d0408 method=POST path=/v1/transcribe}: gigastt_core::inference::engine::file_stream: transcribe complete (streaming windows) audio_s=5.82 wall_s=1.34 rtf=0.230
2026-10-01T20:15:33.531867Z  INFO request{request_id=01a0f91b-a49b-77b8-af10-916275887ae4 method=POST path=/v1/transcribe}: gigastt_core::inference::audio::wave: Audio (wave): 16000Hz, 1ch (streaming windows)
2026-10-01T20:15:33.708925Z  INFO request{request_id=01a0f91b-a2f9-759a-96c8-fe93698bd2bf method=POST path=/v1/transcribe}: gigastt_core::inference::engine::infer: encoder_inference elapsed_ms=594
2026-10-01T20:15:33.709045Z  INFO request{request_id=01a0f91b-a2f9-759a-96c8-fe93698bd2bf method=POST path=/v1/transcribe}: gigastt_core::inference::engine::file_stream: transcribe complete (streaming windows) audio_s=3.83 wall_s=0.60 rtf=0.155
2026-10-01T20:15:33.712273Z  INFO request{request_id=01a0f91b-a550-7114-bd56-3a09cf1f956c method=POST path=/v1/transcribe}: gigastt_core::inference::audio::wave: Audio (wave): 16000Hz, 1ch (streaming windows)
2026-10-01T20:15:34.077612Z  INFO request{request_id=01a0f91b-a49b-77b8-af10-916275887ae4 method=POST path=/v1/transcribe}: gigastt_core::inference::engine::infer: encoder_inference elapsed_ms=545
2026-10-01T20:15:34.077732Z  INFO request{request_id=01a0f91b-a49b-77b8-af10-916275887ae4 method=POST path=/v1/transcribe}: gigastt_core::inference::engine::file_stream: transcribe complete (streaming windows) audio_s=5.38 wall_s=0.55 rtf=0.101
2026-10-01T20:15:34.083632Z  INFO request{request_id=01a0f91b-a6c3-7025-9fa5-9af531f9b8a6 method=POST path=/v1/transcribe}: gigastt_core::inference::audio::wave: Audio (wave): 16000Hz, 1ch (streaming windows)
2026-10-01T20:15:34.109007Z  INFO request{request_id=01a0f91b-a550-7114-bd56-3a09cf1f956c method=POST path=/v1/transcribe}: gigastt_core::inference::engine::infer: encoder_inference elapsed_ms=396
2026-10-01T20:15:34.109118Z  INFO request{request_id=01a0f91b-a550-7114-bd56-3a09cf1f956c method=POST path=/v1/transcribe}: gigastt_core::inference::engine::file_stream: transcribe complete (streaming windows) audio_s=3.58 wall_s=0.40 rtf=0.111
2026-10-01T20:15:34.112296Z  INFO request{request_id=01a0f91b-a6e0-700f-b8cb-df96870d17b9 method=POST path=/v1/transcribe}: gigastt_core::inference::audio::wave: Audio (wave): 16000Hz, 1ch (streaming windows)
2026-10-01T20:15:34.985090Z  INFO request{request_id=01a0f91b-a6e0-700f-b8cb-df96870d17b9 method=POST path=/v1/transcribe}: gigastt_core::inference::engine::infer: encoder_inference elapsed_ms=871
2026-10-01T20:15:34.985256Z  INFO request{request_id=01a0f91b-a6e0-700f-b8cb-df96870d17b9 method=POST path=/v1/transcribe}: gigastt_core::inference::engine::file_stream: transcribe complete (streaming windows) audio_s=7.56 wall_s=0.87 rtf=0.115
2026-10-01T20:15:34.992033Z  INFO request{request_id=01a0f91b-aa4f-702a-86f7-5c0d8b27ba24 method=POST path=/v1/transcribe}: gigastt_core::inference::audio::wave: Audio (wave): 16000Hz, 1ch (streaming windows)
2026-10-01T20:15:35.187123Z  INFO request{request_id=01a0f91b-a6c3-7025-9fa5-9af531f9b8a6 method=POST path=/v1/transcribe}: gigastt_core::inference::engine::infer: encoder_inference elapsed_ms=1102
2026-10-01T20:15:35.187356Z  INFO request{request_id=01a0f91b-a6c3-7025-9fa5-9af531f9b8a6 method=POST path=/v1/transcribe}: gigastt_core::inference::engine::file_stream: transcribe complete (streaming windows) audio_s=8.90 wall_s=1.10 rtf=0.124
2026-10-01T20:15:35.199258Z  INFO request{request_id=01a0f91b-ab1e-76fa-a3cd-c3f019487f66 method=POST path=/v1/transcribe}: gigastt_core::inference::audio::wave: Audio (wave): 16000Hz, 1ch (streaming windows)
2026-10-01T20:15:35.813436Z  INFO request{request_id=01a0f91b-ab1e-76fa-a3cd-c3f019487f66 method=POST path=/v1/transcribe}: gigastt_core::inference::engine::infer: encoder_inference elapsed_ms=613
2026-10-01T20:15:35.813558Z  INFO request{request_id=01a0f91b-ab1e-76fa-a3cd-c3f019487f66 method=POST path=/v1/transcribe}: gigastt_core::inference::engine::file_stream: transcribe complete (streaming windows) audio_s=3.84 wall_s=0.61 rtf=0.160
2026-10-01T20:15:35.821939Z  INFO request{request_id=01a0f91b-ad8d-74c4-b7c5-525b2b314668 method=POST path=/v1/transcribe}: gigastt_core::inference::audio::wave: Audio (wave): 16000Hz, 1ch (streaming windows)
2026-10-01T20:15:35.832090Z  INFO request{request_id=01a0f91b-aa4f-702a-86f7-5c0d8b27ba24 method=POST path=/v1/transcribe}: gigastt_core::inference::engine::infer: encoder_inference elapsed_ms=839
2026-10-01T20:15:35.832269Z  INFO request{request_id=01a0f91b-aa4f-702a-86f7-5c0d8b27ba24 method=POST path=/v1/transcribe}: gigastt_core::inference::engine::file_stream: transcribe complete (streaming windows) audio_s=5.95 wall_s=0.84 rtf=0.141
2026-10-01T20:15:35.840176Z  INFO request{request_id=01a0f91b-ad9f-7140-b71e-37a544663b1d method=POST path=/v1/transcribe}: gigastt_core::inference::audio::wave: Audio (wave): 16000Hz, 1ch (streaming windows)
2026-10-01T20:15:36.255995Z  INFO request{request_id=01a0f91b-ad8d-74c4-b7c5-525b2b314668 method=POST path=/v1/transcribe}: gigastt_core::inference::engine::infer: encoder_inference elapsed_ms=433
2026-10-01T20:15:36.256084Z  INFO request{request_id=01a0f91b-ad8d-74c4-b7c5-525b2b314668 method=POST path=/v1/transcribe}: gigastt_core::inference::engine::file_stream: transcribe complete (streaming windows) audio_s=4.28 wall_s=0.43 rtf=0.101
2026-10-01T20:15:36.270720Z  INFO request{request_id=01a0f91b-af4e-7138-b6e3-7daadbb5e956 method=POST path=/v1/transcribe}: gigastt_core::inference::audio::wave: Audio (wave): 16000Hz, 1ch (streaming windows)
2026-10-01T20:15:36.507223Z  INFO request{request_id=01a0f91b-ad9f-7140-b71e-37a544663b1d method=POST path=/v1/transcribe}: gigastt_core::inference::engine::infer: encoder_inference elapsed_ms=666
2026-10-01T20:15:36.507460Z  INFO request{request_id=01a0f91b-ad9f-7140-b71e-37a544663b1d method=POST path=/v1/transcribe}: gigastt_core::inference::engine::file_stream: transcribe complete (streaming windows) audio_s=7.01 wall_s=0.67 rtf=0.095
2026-10-01T20:15:36.523240Z  INFO request{request_id=01a0f91b-b04a-75b0-bd54-11e3ebe783d1 method=POST path=/v1/transcribe}: gigastt_core::inference::audio::wave: Audio (wave): 16000Hz, 1ch (streaming windows)
2026-10-01T20:15:36.823662Z  INFO request{request_id=01a0f91b-af4e-7138-b6e3-7daadbb5e956 method=POST path=/v1/transcribe}: gigastt_core::inference::engine::infer: encoder_inference elapsed_ms=552
2026-10-01T20:15:36.823849Z  INFO request{request_id=01a0f91b-af4e-7138-b6e3-7daadbb5e956 method=POST path=/v1/transcribe}: gigastt_core::inference::engine::file_stream: transcribe complete (streaming windows) audio_s=3.54 wall_s=0.55 rtf=0.156
2026-10-01T20:15:36.836352Z  INFO request{request_id=01a0f91b-b184-70a9-a436-8d8ac76e6dc5 method=POST path=/v1/transcribe}: gigastt_core::inference::audio::wave: Audio (wave): 16000Hz, 1ch (streaming windows)
2026-10-01T20:15:36.987402Z  INFO request{request_id=01a0f91b-b04a-75b0-bd54-11e3ebe783d1 method=POST path=/v1/transcribe}: gigastt_core::inference::engine::infer: encoder_inference elapsed_ms=462
2026-10-01T20:15:36.987479Z  INFO request{request_id=01a0f91b-b04a-75b0-bd54-11e3ebe783d1 method=POST path=/v1/transcribe}: gigastt_core::inference::engine::file_stream: transcribe complete (streaming windows) audio_s=2.63 wall_s=0.46 rtf=0.176
2026-10-01T20:15:37.004811Z  INFO request{request_id=01a0f91b-b22c-7781-8cae-37abb1ec46a1 method=POST path=/v1/transcribe}: gigastt_core::inference::audio::wave: Audio (wave): 16000Hz, 1ch (streaming windows)
2026-10-01T20:15:37.365033Z  INFO request{request_id=01a0f91b-b184-70a9-a436-8d8ac76e6dc5 method=POST path=/v1/transcribe}: gigastt_core::inference::engine::infer: encoder_inference elapsed_ms=527
2026-10-01T20:15:37.365142Z  INFO request{request_id=01a0f91b-b184-70a9-a436-8d8ac76e6dc5 method=POST path=/v1/transcribe}: gigastt_core::inference::engine::file_stream: transcribe complete (streaming windows) audio_s=5.39 wall_s=0.53 rtf=0.098
2026-10-01T20:15:37.379020Z  INFO request{request_id=01a0f91b-b3a2-7383-9171-9015faf8f5c3 method=POST path=/v1/transcribe}: gigastt_core::inference::audio::wave: Audio (wave): 16000Hz, 1ch (streaming windows)
2026-10-01T20:15:37.712096Z  INFO request{request_id=01a0f91b-b22c-7781-8cae-37abb1ec46a1 method=POST path=/v1/transcribe}: gigastt_core::inference::engine::infer: encoder_inference elapsed_ms=706
2026-10-01T20:15:37.712276Z  INFO request{request_id=01a0f91b-b22c-7781-8cae-37abb1ec46a1 method=POST path=/v1/transcribe}: gigastt_core::inference::engine::file_stream: transcribe complete (streaming windows) audio_s=7.53 wall_s=0.71 rtf=0.094
2026-10-01T20:15:37.725723Z  INFO request{request_id=01a0f91b-b4fd-769b-8966-eb613e54573f method=POST path=/v1/transcribe}: gigastt_core::inference::audio::wave: Audio (wave): 16000Hz, 1ch (streaming windows)
2026-10-01T20:15:38.076037Z  INFO request{request_id=01a0f91b-b4fd-769b-8966-eb613e54573f method=POST path=/v1/transcribe}: gigastt_core::inference::engine::infer: encoder_inference elapsed_ms=349
2026-10-01T20:15:38.076114Z  INFO request{request_id=01a0f91b-b4fd-769b-8966-eb613e54573f method=POST path=/v1/transcribe}: gigastt_core::inference::engine::file_stream: transcribe complete (streaming windows) audio_s=3.51 wall_s=0.35 rtf=0.100
2026-10-01T20:15:38.080863Z  INFO request{request_id=01a0f91b-b660-76cc-97ee-bcf374d9279c method=POST path=/v1/transcribe}: gigastt_core::inference::audio::wave: Audio (wave): 16000Hz, 1ch (streaming windows)
2026-10-01T20:15:38.218404Z  INFO request{request_id=01a0f91b-b3a2-7383-9171-9015faf8f5c3 method=POST path=/v1/transcribe}: gigastt_core::inference::engine::infer: encoder_inference elapsed_ms=838
2026-10-01T20:15:38.218575Z  INFO request{request_id=01a0f91b-b3a2-7383-9171-9015faf8f5c3 method=POST path=/v1/transcribe}: gigastt_core::inference::engine::file_stream: transcribe complete (streaming windows) audio_s=8.79 wall_s=0.84 rtf=0.096
2026-10-01T20:15:38.251809Z  INFO request{request_id=01a0f91b-b70b-7629-a434-37a96bf58f8e method=POST path=/v1/transcribe}: gigastt_core::inference::audio::wave: Audio (wave): 16000Hz, 1ch (streaming windows)
2026-10-01T20:15:38.533196Z  INFO request{request_id=01a0f91b-b660-76cc-97ee-bcf374d9279c method=POST path=/v1/transcribe}: gigastt_core::inference::engine::infer: encoder_inference elapsed_ms=451
2026-10-01T20:15:38.533289Z  INFO request{request_id=01a0f91b-b660-76cc-97ee-bcf374d9279c method=POST path=/v1/transcribe}: gigastt_core::inference::engine::file_stream: transcribe complete (streaming windows) audio_s=4.74 wall_s=0.45 rtf=0.095
2026-10-01T20:15:38.545301Z  INFO request{request_id=01a0f91b-b830-721b-abe0-93b43b32d851 method=POST path=/v1/transcribe}: gigastt_core::inference::audio::wave: Audio (wave): 16000Hz, 1ch (streaming windows)
2026-10-01T20:15:38.840834Z  INFO request{request_id=01a0f91b-b70b-7629-a434-37a96bf58f8e method=POST path=/v1/transcribe}: gigastt_core::inference::engine::infer: encoder_inference elapsed_ms=588
2026-10-01T20:15:38.840962Z  INFO request{request_id=01a0f91b-b70b-7629-a434-37a96bf58f8e method=POST path=/v1/transcribe}: gigastt_core::inference::engine::file_stream: transcribe complete (streaming windows) audio_s=5.82 wall_s=0.59 rtf=0.101
2026-10-01T20:15:38.847222Z  INFO request{request_id=01a0f91b-b95f-74fa-b29f-7f28db58c57b method=POST path=/v1/transcribe}: gigastt_core::inference::audio::wave: Audio (wave): 16000Hz, 1ch (streaming windows)
2026-10-01T20:15:38.984678Z  INFO request{request_id=01a0f91b-b830-721b-abe0-93b43b32d851 method=POST path=/v1/transcribe}: gigastt_core::inference::engine::infer: encoder_inference elapsed_ms=438
2026-10-01T20:15:38.984775Z  INFO request{request_id=01a0f91b-b830-721b-abe0-93b43b32d851 method=POST path=/v1/transcribe}: gigastt_core::inference::engine::file_stream: transcribe complete (streaming windows) audio_s=3.83 wall_s=0.44 rtf=0.115
2026-10-01T20:15:39.002576Z  INFO request{request_id=01a0f91b-b9f9-76fd-974b-2082cc2037d4 method=POST path=/v1/transcribe}: gigastt_core::inference::audio::wave: Audio (wave): 16000Hz, 1ch (streaming windows)
2026-10-01T20:15:39.085771Z  INFO request{request_id=01a0f91b-b95f-74fa-b29f-7f28db58c57b method=POST path=/v1/transcribe}: gigastt_core::inference::engine::infer: encoder_inference elapsed_ms=238
2026-10-01T20:15:39.085847Z  INFO request{request_id=01a0f91b-b95f-74fa-b29f-7f28db58c57b method=POST path=/v1/transcribe}: gigastt_core::inference::engine::file_stream: transcribe complete (streaming windows) audio_s=1.92 wall_s=0.24 rtf=0.124
2026-10-01T20:15:39.092614Z  INFO request{request_id=01a0f91b-ba53-7373-b277-68718f9d6856 method=POST path=/v1/transcribe}: gigastt_core::inference::audio::wave: Audio (wave): 16000Hz, 1ch (streaming windows)
2026-10-01T20:15:41.490120Z  INFO request{request_id=01a0f91b-ba53-7373-b277-68718f9d6856 method=POST path=/v1/transcribe}: gigastt_core::inference::engine::infer: encoder_inference elapsed_ms=2395
2026-10-01T20:15:41.490351Z  INFO request{request_id=01a0f91b-ba53-7373-b277-68718f9d6856 method=POST path=/v1/transcribe}: gigastt_core::inference::engine::file_stream: transcribe complete (streaming windows) audio_s=22.25 wall_s=2.40 rtf=0.108
2026-10-01T20:15:41.497969Z  INFO request{request_id=01a0f91b-c3b9-76af-a5fe-3f632bc9f6f0 method=POST path=/v1/transcribe}: gigastt_core::inference::audio::wave: Audio (wave): 16000Hz, 1ch (streaming windows)
2026-10-01T20:15:41.577982Z  INFO request{request_id=01a0f91b-b9f9-76fd-974b-2082cc2037d4 method=POST path=/v1/transcribe}: gigastt_core::inference::engine::infer: encoder_inference elapsed_ms=2573
2026-10-01T20:15:41.578208Z  INFO request{request_id=01a0f91b-b9f9-76fd-974b-2082cc2037d4 method=POST path=/v1/transcribe}: gigastt_core::inference::engine::file_stream: transcribe complete (streaming windows) audio_s=22.25 wall_s=2.58 rtf=0.116
2026-10-01T20:15:41.581562Z  INFO request{request_id=01a0f91b-c40d-7016-a99c-2cd017be0d40 method=POST path=/v1/transcribe}: gigastt_core::inference::audio::wave: Audio (wave): 16000Hz, 1ch (streaming windows)
2026-10-01T20:15:42.654131Z  INFO request{request_id=01a0f91b-c40d-7016-a99c-2cd017be0d40 method=POST path=/v1/transcribe}: gigastt_core::inference::engine::infer: encoder_inference elapsed_ms=1071
2026-10-01T20:15:42.654281Z  INFO request{request_id=01a0f91b-c40d-7016-a99c-2cd017be0d40 method=POST path=/v1/transcribe}: gigastt_core::inference::engine::file_stream: transcribe complete (streaming windows) audio_s=11.26 wall_s=1.07 rtf=0.095
2026-10-01T20:15:42.662178Z  INFO request{request_id=01a0f91b-c845-7381-b424-8b8fb28a006c method=POST path=/v1/transcribe}: gigastt_core::inference::audio::wave: Audio (wave): 16000Hz, 1ch (streaming windows)
2026-10-01T20:15:43.514791Z  INFO request{request_id=01a0f91b-c3b9-76af-a5fe-3f632bc9f6f0 method=POST path=/v1/transcribe}: gigastt_core::inference::engine::infer: encoder_inference elapsed_ms=2014
2026-10-01T20:15:43.515019Z  INFO request{request_id=01a0f91b-c3b9-76af-a5fe-3f632bc9f6f0 method=POST path=/v1/transcribe}: gigastt_core::inference::engine::file_stream: transcribe complete (streaming windows) audio_s=22.25 wall_s=2.02 rtf=0.091
2026-10-01T20:15:43.522961Z  INFO request{request_id=01a0f91b-cba2-704b-bcaa-fa06e1331ddd method=POST path=/v1/transcribe}: gigastt_core::inference::audio::wave: Audio (wave): 16000Hz, 1ch (streaming windows)
2026-10-01T20:15:44.840243Z  INFO request{request_id=01a0f91b-c845-7381-b424-8b8fb28a006c method=POST path=/v1/transcribe}: gigastt_core::inference::engine::infer: encoder_inference elapsed_ms=2175
2026-10-01T20:15:44.840461Z  INFO request{request_id=01a0f91b-c845-7381-b424-8b8fb28a006c method=POST path=/v1/transcribe}: gigastt_core::inference::engine::file_stream: transcribe complete (streaming windows) audio_s=22.86 wall_s=2.18 rtf=0.095
2026-10-01T20:15:44.845265Z  INFO request{request_id=01a0f91b-d0cc-7114-acf0-0e98bdb77cd2 method=POST path=/v1/transcribe}: gigastt_core::inference::audio::wave: Audio (wave): 16000Hz, 1ch (streaming windows)
2026-10-01T20:15:45.803878Z  INFO request{request_id=01a0f91b-cba2-704b-bcaa-fa06e1331ddd method=POST path=/v1/transcribe}: gigastt_core::inference::engine::infer: encoder_inference elapsed_ms=2279
2026-10-01T20:15:45.804115Z  INFO request{request_id=01a0f91b-cba2-704b-bcaa-fa06e1331ddd method=POST path=/v1/transcribe}: gigastt_core::inference::engine::file_stream: transcribe complete (streaming windows) audio_s=22.86 wall_s=2.28 rtf=0.100
2026-10-01T20:15:45.811483Z  INFO request{request_id=01a0f91b-d493-737d-a76d-2e008581be0f method=POST path=/v1/transcribe}: gigastt_core::inference::audio::wave: Audio (wave): 16000Hz, 1ch (streaming windows)
2026-10-01T20:15:46.491702Z  INFO request{request_id=01a0f91b-d493-737d-a76d-2e008581be0f method=POST path=/v1/transcribe}: gigastt_core::inference::engine::infer: encoder_inference elapsed_ms=679
2026-10-01T20:15:46.491807Z  INFO request{request_id=01a0f91b-d493-737d-a76d-2e008581be0f method=POST path=/v1/transcribe}: gigastt_core::inference::engine::file_stream: transcribe complete (streaming windows) audio_s=7.71 wall_s=0.68 rtf=0.088
2026-10-01T20:15:46.498016Z  INFO request{request_id=01a0f91b-d741-7284-8292-e962ce404a22 method=POST path=/v1/transcribe}: gigastt_core::inference::audio::wave: Audio (wave): 16000Hz, 1ch (streaming windows)
2026-10-01T20:15:46.673235Z  INFO request{request_id=01a0f91b-d0cc-7114-acf0-0e98bdb77cd2 method=POST path=/v1/transcribe}: gigastt_core::inference::engine::infer: encoder_inference elapsed_ms=1826
2026-10-01T20:15:46.673425Z  INFO request{request_id=01a0f91b-d0cc-7114-acf0-0e98bdb77cd2 method=POST path=/v1/transcribe}: gigastt_core::inference::engine::file_stream: transcribe complete (streaming windows) audio_s=19.16 wall_s=1.83 rtf=0.095
2026-10-01T20:15:46.680046Z  INFO request{request_id=01a0f91b-d7f7-7196-a379-01059a734061 method=POST path=/v1/transcribe}: gigastt_core::inference::audio::wave: Audio (wave): 16000Hz, 1ch (streaming windows)
2026-10-01T20:15:46.879026Z  INFO request{request_id=01a0f91b-d741-7284-8292-e962ce404a22 method=POST path=/v1/transcribe}: gigastt_core::inference::engine::infer: encoder_inference elapsed_ms=380
2026-10-01T20:15:46.879127Z  INFO request{request_id=01a0f91b-d741-7284-8292-e962ce404a22 method=POST path=/v1/transcribe}: gigastt_core::inference::engine::file_stream: transcribe complete (streaming windows) audio_s=3.98 wall_s=0.38 rtf=0.096
2026-10-01T20:15:46.885105Z  INFO request{request_id=01a0f91b-d8c4-7625-91c9-10561d05a357 method=POST path=/v1/transcribe}: gigastt_core::inference::audio::wave: Audio (wave): 16000Hz, 1ch (streaming windows)
2026-10-01T20:15:47.245570Z  INFO request{request_id=01a0f91b-d7f7-7196-a379-01059a734061 method=POST path=/v1/transcribe}: gigastt_core::inference::engine::infer: encoder_inference elapsed_ms=564
2026-10-01T20:15:47.245675Z  INFO request{request_id=01a0f91b-d7f7-7196-a379-01059a734061 method=POST path=/v1/transcribe}: gigastt_core::inference::engine::file_stream: transcribe complete (streaming windows) audio_s=6.85 wall_s=0.57 rtf=0.083
2026-10-01T20:15:47.252126Z  INFO request{request_id=01a0f91b-da33-75da-989d-fe2a7c266d2a method=POST path=/v1/transcribe}: gigastt_core::inference::audio::wave: Audio (wave): 16000Hz, 1ch (streaming windows)
2026-10-01T20:15:47.683665Z  INFO request{request_id=01a0f91b-d8c4-7625-91c9-10561d05a357 method=POST path=/v1/transcribe}: gigastt_core::inference::engine::infer: encoder_inference elapsed_ms=797
2026-10-01T20:15:47.683781Z  INFO request{request_id=01a0f91b-d8c4-7625-91c9-10561d05a357 method=POST path=/v1/transcribe}: gigastt_core::inference::engine::file_stream: transcribe complete (streaming windows) audio_s=9.73 wall_s=0.80 rtf=0.082
2026-10-01T20:15:47.690351Z  INFO request{request_id=01a0f91b-dbe9-754e-b63e-908a36e430b4 method=POST path=/v1/transcribe}: gigastt_core::inference::audio::wave: Audio (wave): 16000Hz, 1ch (streaming windows)
2026-10-01T20:15:48.002639Z  INFO request{request_id=01a0f91b-da33-75da-989d-fe2a7c266d2a method=POST path=/v1/transcribe}: gigastt_core::inference::engine::infer: encoder_inference elapsed_ms=749
2026-10-01T20:15:48.002747Z  INFO request{request_id=01a0f91b-da33-75da-989d-fe2a7c266d2a method=POST path=/v1/transcribe}: gigastt_core::inference::engine::file_stream: transcribe complete (streaming windows) audio_s=8.42 wall_s=0.75 rtf=0.089
2026-10-01T20:15:48.009320Z  INFO request{request_id=01a0f91b-dd28-7130-b699-061597f9df04 method=POST path=/v1/transcribe}: gigastt_core::inference::audio::wave: Audio (wave): 16000Hz, 1ch (streaming windows)
2026-10-01T20:15:50.061930Z  INFO request{request_id=01a0f91b-dbe9-754e-b63e-908a36e430b4 method=POST path=/v1/transcribe}: gigastt_core::inference::engine::infer: encoder_inference elapsed_ms=2369
2026-10-01T20:15:50.062144Z  INFO request{request_id=01a0f91b-dbe9-754e-b63e-908a36e430b4 method=POST path=/v1/transcribe}: gigastt_core::inference::engine::file_stream: transcribe complete (streaming windows) audio_s=22.82 wall_s=2.37 rtf=0.104
2026-10-01T20:15:50.070464Z  INFO request{request_id=01a0f91b-e535-76ca-84f0-c668583aac6d method=POST path=/v1/transcribe}: gigastt_core::inference::audio::wave: Audio (wave): 16000Hz, 1ch (streaming windows)
2026-10-01T20:15:50.543401Z  INFO request{request_id=01a0f91b-dd28-7130-b699-061597f9df04 method=POST path=/v1/transcribe}: gigastt_core::inference::engine::infer: encoder_inference elapsed_ms=2532
2026-10-01T20:15:50.543675Z  INFO request{request_id=01a0f91b-dd28-7130-b699-061597f9df04 method=POST path=/v1/transcribe}: gigastt_core::inference::engine::file_stream: transcribe complete (streaming windows) audio_s=22.82 wall_s=2.53 rtf=0.111
2026-10-01T20:15:50.551666Z  INFO request{request_id=01a0f91b-e717-706a-8d2c-c57cb5f6a3a7 method=POST path=/v1/transcribe}: gigastt_core::inference::audio::wave: Audio (wave): 16000Hz, 1ch (streaming windows)
2026-10-01T20:15:52.498077Z  INFO request{request_id=01a0f91b-e535-76ca-84f0-c668583aac6d method=POST path=/v1/transcribe}: gigastt_core::inference::engine::infer: encoder_inference elapsed_ms=2425
2026-10-01T20:15:52.498316Z  INFO request{request_id=01a0f91b-e535-76ca-84f0-c668583aac6d method=POST path=/v1/transcribe}: gigastt_core::inference::engine::file_stream: transcribe complete (streaming windows) audio_s=24.12 wall_s=2.43 rtf=0.101
2026-10-01T20:15:52.505655Z  INFO request{request_id=01a0f91b-eeb9-70c7-a329-a574466ad1ed method=POST path=/v1/transcribe}: gigastt_core::inference::audio::wave: Audio (wave): 16000Hz, 1ch (streaming windows)
2026-10-01T20:15:53.316882Z  INFO request{request_id=01a0f91b-e717-706a-8d2c-c57cb5f6a3a7 method=POST path=/v1/transcribe}: gigastt_core::inference::engine::infer: encoder_inference elapsed_ms=2763
2026-10-01T20:15:53.317121Z  INFO request{request_id=01a0f91b-e717-706a-8d2c-c57cb5f6a3a7 method=POST path=/v1/transcribe}: gigastt_core::inference::engine::file_stream: transcribe complete (streaming windows) audio_s=24.32 wall_s=2.77 rtf=0.114
2026-10-01T20:15:53.326156Z  INFO request{request_id=01a0f91b-f1ed-74fc-b120-716035c920af method=POST path=/v1/transcribe}: gigastt_core::inference::audio::wave: Audio (wave): 16000Hz, 1ch (streaming windows)
2026-10-01T20:15:54.519601Z  INFO request{request_id=01a0f91b-f1ed-74fc-b120-716035c920af method=POST path=/v1/transcribe}: gigastt_core::inference::engine::infer: encoder_inference elapsed_ms=1192
2026-10-01T20:15:54.519746Z  INFO request{request_id=01a0f91b-f1ed-74fc-b120-716035c920af method=POST path=/v1/transcribe}: gigastt_core::inference::engine::file_stream: transcribe complete (streaming windows) audio_s=12.89 wall_s=1.19 rtf=0.093
2026-10-01T20:15:54.526378Z  INFO request{request_id=01a0f91b-f69e-7040-9de2-28b97a0a38da method=POST path=/v1/transcribe}: gigastt_core::inference::audio::wave: Audio (wave): 16000Hz, 1ch (streaming windows)
2026-10-01T20:15:54.884696Z  INFO request{request_id=01a0f91b-eeb9-70c7-a329-a574466ad1ed method=POST path=/v1/transcribe}: gigastt_core::inference::engine::infer: encoder_inference elapsed_ms=2377
2026-10-01T20:15:54.884934Z  INFO request{request_id=01a0f91b-eeb9-70c7-a329-a574466ad1ed method=POST path=/v1/transcribe}: gigastt_core::inference::engine::file_stream: transcribe complete (streaming windows) audio_s=24.13 wall_s=2.38 rtf=0.099
2026-10-01T20:15:54.890802Z  INFO request{request_id=01a0f91b-f80a-7136-a55d-0549d4e89f99 method=POST path=/v1/transcribe}: gigastt_core::inference::audio::wave: Audio (wave): 16000Hz, 1ch (streaming windows)
2026-10-01T20:15:55.329286Z  INFO request{request_id=01a0f91b-f80a-7136-a55d-0549d4e89f99 method=POST path=/v1/transcribe}: gigastt_core::inference::engine::infer: encoder_inference elapsed_ms=437
2026-10-01T20:15:55.329401Z  INFO request{request_id=01a0f91b-f80a-7136-a55d-0549d4e89f99 method=POST path=/v1/transcribe}: gigastt_core::inference::engine::file_stream: transcribe complete (streaming windows) audio_s=4.36 wall_s=0.44 rtf=0.101
2026-10-01T20:15:55.335108Z  INFO request{request_id=01a0f91b-f9c6-7296-9c25-45b602be9403 method=POST path=/v1/transcribe}: gigastt_core::inference::audio::wave: Audio (wave): 16000Hz, 1ch (streaming windows)
2026-10-01T20:15:55.448900Z  INFO request{request_id=01a0f91b-f69e-7040-9de2-28b97a0a38da method=POST path=/v1/transcribe}: gigastt_core::inference::engine::infer: encoder_inference elapsed_ms=921
2026-10-01T20:15:55.449034Z  INFO request{request_id=01a0f91b-f69e-7040-9de2-28b97a0a38da method=POST path=/v1/transcribe}: gigastt_core::inference::engine::file_stream: transcribe complete (streaming windows) audio_s=10.14 wall_s=0.92 rtf=0.091
2026-10-01T20:15:55.454621Z  INFO request{request_id=01a0f91b-fa3e-713a-9af0-cf3b0abff8d5 method=POST path=/v1/transcribe}: gigastt_core::inference::audio::wave: Audio (wave): 16000Hz, 1ch (streaming windows)
2026-10-01T20:15:55.643704Z  INFO request{request_id=01a0f91b-fa3e-713a-9af0-cf3b0abff8d5 method=POST path=/v1/transcribe}: gigastt_core::inference::engine::infer: encoder_inference elapsed_ms=188
2026-10-01T20:15:55.643772Z  INFO request{request_id=01a0f91b-fa3e-713a-9af0-cf3b0abff8d5 method=POST path=/v1/transcribe}: gigastt_core::inference::engine::file_stream: transcribe complete (streaming windows) audio_s=1.69 wall_s=0.19 rtf=0.112
2026-10-01T20:15:55.649347Z  INFO request{request_id=01a0f91b-fb01-7398-9659-9ccb70a71f13 method=POST path=/v1/transcribe}: gigastt_core::inference::audio::wave: Audio (wave): 16000Hz, 1ch (streaming windows)
2026-10-01T20:15:55.718465Z  INFO request{request_id=01a0f91b-f9c6-7296-9c25-45b602be9403 method=POST path=/v1/transcribe}: gigastt_core::inference::engine::infer: encoder_inference elapsed_ms=382
2026-10-01T20:15:55.718565Z  INFO request{request_id=01a0f91b-f9c6-7296-9c25-45b602be9403 method=POST path=/v1/transcribe}: gigastt_core::inference::engine::file_stream: transcribe complete (streaming windows) audio_s=3.89 wall_s=0.38 rtf=0.099
2026-10-01T20:15:55.721466Z  INFO request{request_id=01a0f91b-fb49-7007-9465-880447161c9b method=POST path=/v1/transcribe}: gigastt_core::inference::audio::wave: Audio (wave): 16000Hz, 1ch (streaming windows)
2026-10-01T20:15:55.942655Z  INFO request{request_id=01a0f91b-fb49-7007-9465-880447161c9b method=POST path=/v1/transcribe}: gigastt_core::inference::engine::infer: encoder_inference elapsed_ms=220
2026-10-01T20:15:55.942730Z  INFO request{request_id=01a0f91b-fb49-7007-9465-880447161c9b method=POST path=/v1/transcribe}: gigastt_core::inference::engine::file_stream: transcribe complete (streaming windows) audio_s=1.91 wall_s=0.22 rtf=0.116
2026-10-01T20:15:55.949124Z  INFO request{request_id=01a0f91b-fc2c-7539-8392-36374300d39b method=POST path=/v1/transcribe}: gigastt_core::inference::audio::wave: Audio (wave): 16000Hz, 1ch (streaming windows)
2026-10-01T20:15:55.949231Z  INFO request{request_id=01a0f91b-fb01-7398-9659-9ccb70a71f13 method=POST path=/v1/transcribe}: gigastt_core::inference::engine::infer: encoder_inference elapsed_ms=299
2026-10-01T20:15:55.949318Z  INFO request{request_id=01a0f91b-fb01-7398-9659-9ccb70a71f13 method=POST path=/v1/transcribe}: gigastt_core::inference::engine::file_stream: transcribe complete (streaming windows) audio_s=2.65 wall_s=0.30 rtf=0.113
2026-10-01T20:15:55.951877Z  INFO request{request_id=01a0f91b-fc2f-7485-b31c-b992d0640d6c method=POST path=/v1/transcribe}: gigastt_core::inference::audio::wave: Audio (wave): 16000Hz, 1ch (streaming windows)
2026-10-01T20:15:56.182032Z  INFO request{request_id=01a0f91b-fc2f-7485-b31c-b992d0640d6c method=POST path=/v1/transcribe}: gigastt_core::inference::engine::infer: encoder_inference elapsed_ms=229
2026-10-01T20:15:56.182108Z  INFO request{request_id=01a0f91b-fc2f-7485-b31c-b992d0640d6c method=POST path=/v1/transcribe}: gigastt_core::inference::engine::file_stream: transcribe complete (streaming windows) audio_s=1.99 wall_s=0.23 rtf=0.115
2026-10-01T20:15:56.185020Z  INFO request{request_id=01a0f91b-fd18-7215-bdcc-f031e7ea7b7f method=POST path=/v1/transcribe}: gigastt_core::inference::audio::wave: Audio (wave): 16000Hz, 1ch (streaming windows)
2026-10-01T20:15:56.201762Z  INFO request{request_id=01a0f91b-fc2c-7539-8392-36374300d39b method=POST path=/v1/transcribe}: gigastt_core::inference::engine::infer: encoder_inference elapsed_ms=252
2026-10-01T20:15:56.201835Z  INFO request{request_id=01a0f91b-fc2c-7539-8392-36374300d39b method=POST path=/v1/transcribe}: gigastt_core::inference::engine::file_stream: transcribe complete (streaming windows) audio_s=2.19 wall_s=0.25 rtf=0.116
2026-10-01T20:15:56.204276Z  INFO request{request_id=01a0f91b-fd2c-7521-b7fc-a129c7ab3d93 method=POST path=/v1/transcribe}: gigastt_core::inference::audio::wave: Audio (wave): 16000Hz, 1ch (streaming windows)
2026-10-01T20:15:56.388046Z  INFO request{request_id=01a0f91b-fd18-7215-bdcc-f031e7ea7b7f method=POST path=/v1/transcribe}: gigastt_core::inference::engine::infer: encoder_inference elapsed_ms=202
2026-10-01T20:15:56.388115Z  INFO request{request_id=01a0f91b-fd18-7215-bdcc-f031e7ea7b7f method=POST path=/v1/transcribe}: gigastt_core::inference::engine::file_stream: transcribe complete (streaming windows) audio_s=1.84 wall_s=0.20 rtf=0.110
2026-10-01T20:15:56.393587Z  INFO request{request_id=01a0f91b-fde9-76d0-9ab7-2e83542e8beb method=POST path=/v1/transcribe}: gigastt_core::inference::audio::wave: Audio (wave): 16000Hz, 1ch (streaming windows)
2026-10-01T20:15:56.393714Z  INFO request{request_id=01a0f91b-fd2c-7521-b7fc-a129c7ab3d93 method=POST path=/v1/transcribe}: gigastt_core::inference::engine::infer: encoder_inference elapsed_ms=189
2026-10-01T20:15:56.393745Z  INFO request{request_id=01a0f91b-fd2c-7521-b7fc-a129c7ab3d93 method=POST path=/v1/transcribe}: gigastt_core::inference::engine::file_stream: transcribe complete (streaming windows) audio_s=1.67 wall_s=0.19 rtf=0.114
2026-10-01T20:15:56.395822Z  INFO request{request_id=01a0f91b-fdeb-7403-ba8c-5cbc9b5f5dd8 method=POST path=/v1/transcribe}: gigastt_core::inference::audio::wave: Audio (wave): 16000Hz, 1ch (streaming windows)
2026-10-01T20:15:56.587875Z  INFO request{request_id=01a0f91b-fdeb-7403-ba8c-5cbc9b5f5dd8 method=POST path=/v1/transcribe}: gigastt_core::inference::engine::infer: encoder_inference elapsed_ms=191
2026-10-01T20:15:56.587950Z  INFO request{request_id=01a0f91b-fdeb-7403-ba8c-5cbc9b5f5dd8 method=POST path=/v1/transcribe}: gigastt_core::inference::engine::file_stream: transcribe complete (streaming windows) audio_s=1.61 wall_s=0.19 rtf=0.119
2026-10-01T20:15:56.593406Z  INFO request{request_id=01a0f91b-feb1-70aa-ade4-903b1733ab03 method=POST path=/v1/transcribe}: gigastt_core::inference::audio::wave: Audio (wave): 16000Hz, 1ch (streaming windows)
2026-10-01T20:15:56.678330Z  INFO request{request_id=01a0f91b-fde9-76d0-9ab7-2e83542e8beb method=POST path=/v1/transcribe}: gigastt_core::inference::engine::infer: encoder_inference elapsed_ms=284
2026-10-01T20:15:56.678406Z  INFO request{request_id=01a0f91b-fde9-76d0-9ab7-2e83542e8beb method=POST path=/v1/transcribe}: gigastt_core::inference::engine::file_stream: transcribe complete (streaming windows) audio_s=2.55 wall_s=0.28 rtf=0.112
2026-10-01T20:15:56.680972Z  INFO request{request_id=01a0f91b-ff08-71bb-a154-cceb18153732 method=POST path=/v1/transcribe}: gigastt_core::inference::audio::wave: Audio (wave): 16000Hz, 1ch (streaming windows)
2026-10-01T20:15:56.841095Z  INFO request{request_id=01a0f91b-feb1-70aa-ade4-903b1733ab03 method=POST path=/v1/transcribe}: gigastt_core::inference::engine::infer: encoder_inference elapsed_ms=247
2026-10-01T20:15:56.841185Z  INFO request{request_id=01a0f91b-feb1-70aa-ade4-903b1733ab03 method=POST path=/v1/transcribe}: gigastt_core::inference::engine::file_stream: transcribe complete (streaming windows) audio_s=2.40 wall_s=0.25 rtf=0.103
2026-10-01T20:15:56.846234Z  INFO request{request_id=01a0f91b-ffae-70f1-bedc-ce1be2340d6f method=POST path=/v1/transcribe}: gigastt_core::inference::audio::wave: Audio (wave): 16000Hz, 1ch (streaming windows)
2026-10-01T20:15:56.908615Z  INFO request{request_id=01a0f91b-ff08-71bb-a154-cceb18153732 method=POST path=/v1/transcribe}: gigastt_core::inference::engine::infer: encoder_inference elapsed_ms=227
2026-10-01T20:15:56.908689Z  INFO request{request_id=01a0f91b-ff08-71bb-a154-cceb18153732 method=POST path=/v1/transcribe}: gigastt_core::inference::engine::file_stream: transcribe complete (streaming windows) audio_s=2.12 wall_s=0.23 rtf=0.107
2026-10-01T20:15:56.911080Z  INFO request{request_id=01a0f91b-ffee-7704-a5dc-7f5bf901d6cc method=POST path=/v1/transcribe}: gigastt_core::inference::audio::wave: Audio (wave): 16000Hz, 1ch (streaming windows)
2026-10-01T20:15:57.027714Z  INFO request{request_id=01a0f91b-ffae-70f1-bedc-ce1be2340d6f method=POST path=/v1/transcribe}: gigastt_core::inference::engine::infer: encoder_inference elapsed_ms=181
2026-10-01T20:15:57.027772Z  INFO request{request_id=01a0f91b-ffae-70f1-bedc-ce1be2340d6f method=POST path=/v1/transcribe}: gigastt_core::inference::engine::file_stream: transcribe complete (streaming windows) audio_s=1.69 wall_s=0.18 rtf=0.107
2026-10-01T20:15:57.033208Z  INFO request{request_id=01a0f91c-0069-73e2-9ba3-be4148454918 method=POST path=/v1/transcribe}: gigastt_core::inference::audio::wave: Audio (wave): 16000Hz, 1ch (streaming windows)
2026-10-01T20:15:57.104006Z  INFO request{request_id=01a0f91b-ffee-7704-a5dc-7f5bf901d6cc method=POST path=/v1/transcribe}: gigastt_core::inference::engine::infer: encoder_inference elapsed_ms=192
2026-10-01T20:15:57.104082Z  INFO request{request_id=01a0f91b-ffee-7704-a5dc-7f5bf901d6cc method=POST path=/v1/transcribe}: gigastt_core::inference::engine::file_stream: transcribe complete (streaming windows) audio_s=1.79 wall_s=0.19 rtf=0.108
2026-10-01T20:15:57.106581Z  INFO request{request_id=01a0f91c-00b2-76c4-916c-8d4a75d4f350 method=POST path=/v1/transcribe}: gigastt_core::inference::audio::wave: Audio (wave): 16000Hz, 1ch (streaming windows)
2026-10-01T20:15:57.285043Z  INFO request{request_id=01a0f91c-0069-73e2-9ba3-be4148454918 method=POST path=/v1/transcribe}: gigastt_core::inference::engine::infer: encoder_inference elapsed_ms=251
2026-10-01T20:15:57.285115Z  INFO request{request_id=01a0f91c-0069-73e2-9ba3-be4148454918 method=POST path=/v1/transcribe}: gigastt_core::inference::engine::file_stream: transcribe complete (streaming windows) audio_s=2.38 wall_s=0.25 rtf=0.106
2026-10-01T20:15:57.290216Z  INFO request{request_id=01a0f91c-016a-7638-aec6-d15cdd4b4f57 method=POST path=/v1/transcribe}: gigastt_core::inference::audio::wave: Audio (wave): 16000Hz, 1ch (streaming windows)
2026-10-01T20:15:57.534838Z  INFO request{request_id=01a0f91c-00b2-76c4-916c-8d4a75d4f350 method=POST path=/v1/transcribe}: gigastt_core::inference::engine::infer: encoder_inference elapsed_ms=427
2026-10-01T20:15:57.534927Z  INFO request{request_id=01a0f91c-00b2-76c4-916c-8d4a75d4f350 method=POST path=/v1/transcribe}: gigastt_core::inference::engine::file_stream: transcribe complete (streaming windows) audio_s=4.54 wall_s=0.43 rtf=0.094
2026-10-01T20:15:57.540656Z  INFO request{request_id=01a0f91c-0264-759d-8348-a2e441bdb7b7 method=POST path=/v1/transcribe}: gigastt_core::inference::audio::wave: Audio (wave): 16000Hz, 1ch (streaming windows)
2026-10-01T20:15:57.571003Z  INFO request{request_id=01a0f91c-016a-7638-aec6-d15cdd4b4f57 method=POST path=/v1/transcribe}: gigastt_core::inference::engine::infer: encoder_inference elapsed_ms=280
2026-10-01T20:15:57.571090Z  INFO request{request_id=01a0f91c-016a-7638-aec6-d15cdd4b4f57 method=POST path=/v1/transcribe}: gigastt_core::inference::engine::file_stream: transcribe complete (streaming windows) audio_s=2.88 wall_s=0.28 rtf=0.098
2026-10-01T20:15:57.573836Z  INFO request{request_id=01a0f91c-0285-7785-b8a9-2b62ab32bb56 method=POST path=/v1/transcribe}: gigastt_core::inference::audio::wave: Audio (wave): 16000Hz, 1ch (streaming windows)
2026-10-01T20:15:58.050066Z  INFO request{request_id=01a0f91c-0264-759d-8348-a2e441bdb7b7 method=POST path=/v1/transcribe}: gigastt_core::inference::engine::infer: encoder_inference elapsed_ms=508
2026-10-01T20:15:58.050164Z  INFO request{request_id=01a0f91c-0264-759d-8348-a2e441bdb7b7 method=POST path=/v1/transcribe}: gigastt_core::inference::engine::file_stream: transcribe complete (streaming windows) audio_s=5.57 wall_s=0.51 rtf=0.091
2026-10-01T20:15:58.056984Z  INFO request{request_id=01a0f91c-0468-719d-a28e-575d054afe9b method=POST path=/v1/transcribe}: gigastt_core::inference::audio::wave: Audio (wave): 16000Hz, 1ch (streaming windows)
2026-10-01T20:15:58.471042Z  INFO request{request_id=01a0f91c-0285-7785-b8a9-2b62ab32bb56 method=POST path=/v1/transcribe}: gigastt_core::inference::engine::infer: encoder_inference elapsed_ms=896
2026-10-01T20:15:58.471177Z  INFO request{request_id=01a0f91c-0285-7785-b8a9-2b62ab32bb56 method=POST path=/v1/transcribe}: gigastt_core::inference::engine::file_stream: transcribe complete (streaming windows) audio_s=9.90 wall_s=0.90 rtf=0.091
2026-10-01T20:15:58.477359Z  INFO request{request_id=01a0f91c-060d-7203-aca8-169d10a4ab16 method=POST path=/v1/transcribe}: gigastt_core::inference::audio::wave: Audio (wave): 16000Hz, 1ch (streaming windows)
2026-10-01T20:15:58.776635Z  INFO request{request_id=01a0f91c-060d-7203-aca8-169d10a4ab16 method=POST path=/v1/transcribe}: gigastt_core::inference::engine::infer: encoder_inference elapsed_ms=298
2026-10-01T20:15:58.776727Z  INFO request{request_id=01a0f91c-060d-7203-aca8-169d10a4ab16 method=POST path=/v1/transcribe}: gigastt_core::inference::engine::file_stream: transcribe complete (streaming windows) audio_s=2.99 wall_s=0.30 rtf=0.100
2026-10-01T20:15:58.782721Z  INFO request{request_id=01a0f91c-073e-7191-b5f1-efbe53b4509b method=POST path=/v1/transcribe}: gigastt_core::inference::audio::wave: Audio (wave): 16000Hz, 1ch (streaming windows)
2026-10-01T20:15:58.966672Z  INFO request{request_id=01a0f91c-0468-719d-a28e-575d054afe9b method=POST path=/v1/transcribe}: gigastt_core::inference::engine::infer: encoder_inference elapsed_ms=908
2026-10-01T20:15:58.966848Z  INFO request{request_id=01a0f91c-0468-719d-a28e-575d054afe9b method=POST path=/v1/transcribe}: gigastt_core::inference::engine::file_stream: transcribe complete (streaming windows) audio_s=10.11 wall_s=0.91 rtf=0.090
2026-10-01T20:15:58.974257Z  INFO request{request_id=01a0f91c-07fe-7296-b7b7-32a6daddb177 method=POST path=/v1/transcribe}: gigastt_core::inference::audio::wave: Audio (wave): 16000Hz, 1ch (streaming windows)
2026-10-01T20:15:59.156595Z  INFO request{request_id=01a0f91c-07fe-7296-b7b7-32a6daddb177 method=POST path=/v1/transcribe}: gigastt_core::inference::engine::infer: encoder_inference elapsed_ms=181
2026-10-01T20:15:59.156672Z  INFO request{request_id=01a0f91c-07fe-7296-b7b7-32a6daddb177 method=POST path=/v1/transcribe}: gigastt_core::inference::engine::file_stream: transcribe complete (streaming windows) audio_s=2.30 wall_s=0.18 rtf=0.079
2026-10-01T20:15:59.164527Z  INFO request{request_id=01a0f91c-073e-7191-b5f1-efbe53b4509b method=POST path=/v1/transcribe}: gigastt_core::inference::engine::infer: encoder_inference elapsed_ms=381
2026-10-01T20:15:59.164585Z  INFO request{request_id=01a0f91c-073e-7191-b5f1-efbe53b4509b method=POST path=/v1/transcribe}: gigastt_core::inference::engine::file_stream: transcribe complete (streaming windows) audio_s=3.83 wall_s=0.38 rtf=0.100
2026-10-01T20:15:59.171504Z  INFO request{request_id=01a0f91c-08c3-7489-8739-f7b5a17a68ec method=POST path=/v1/transcribe}: gigastt_core::inference::audio::wave: Audio (wave): 16000Hz, 1ch (streaming windows)
2026-10-01T20:15:59.175317Z  INFO request{request_id=01a0f91c-08c7-74b1-9f1c-64497a85951c method=POST path=/v1/transcribe}: gigastt_core::inference::audio::wave: Audio (wave): 16000Hz, 1ch (streaming windows)
2026-10-01T20:15:59.391041Z  INFO request{request_id=01a0f91c-08c7-74b1-9f1c-64497a85951c method=POST path=/v1/transcribe}: gigastt_core::inference::engine::infer: encoder_inference elapsed_ms=215
2026-10-01T20:15:59.391113Z  INFO request{request_id=01a0f91c-08c7-74b1-9f1c-64497a85951c method=POST path=/v1/transcribe}: gigastt_core::inference::engine::file_stream: transcribe complete (streaming windows) audio_s=1.94 wall_s=0.22 rtf=0.111
2026-10-01T20:15:59.397459Z  INFO request{request_id=01a0f91c-09a5-77c0-b08a-922b0614bde0 method=POST path=/v1/transcribe}: gigastt_core::inference::audio::wave: Audio (wave): 16000Hz, 1ch (streaming windows)
2026-10-01T20:16:00.213950Z  INFO request{request_id=01a0f91c-09a5-77c0-b08a-922b0614bde0 method=POST path=/v1/transcribe}: gigastt_core::inference::engine::infer: encoder_inference elapsed_ms=815
2026-10-01T20:16:00.214119Z  INFO request{request_id=01a0f91c-09a5-77c0-b08a-922b0614bde0 method=POST path=/v1/transcribe}: gigastt_core::inference::engine::file_stream: transcribe complete (streaming windows) audio_s=8.26 wall_s=0.82 rtf=0.099
2026-10-01T20:16:00.226672Z  INFO request{request_id=01a0f91c-0ce2-74ca-a233-8ce6e11ed788 method=POST path=/v1/transcribe}: gigastt_core::inference::audio::wave: Audio (wave): 16000Hz, 1ch (streaming windows)
2026-10-01T20:16:00.447811Z  INFO request{request_id=01a0f91c-08c3-7489-8739-f7b5a17a68ec method=POST path=/v1/transcribe}: gigastt_core::inference::engine::infer: encoder_inference elapsed_ms=1275
2026-10-01T20:16:00.447972Z  INFO request{request_id=01a0f91c-08c3-7489-8739-f7b5a17a68ec method=POST path=/v1/transcribe}: gigastt_core::inference::engine::file_stream: transcribe complete (streaming windows) audio_s=15.68 wall_s=1.28 rtf=0.081
2026-10-01T20:16:00.459644Z  INFO request{request_id=01a0f91c-0dcb-75aa-bf5a-d87a600c54dc method=POST path=/v1/transcribe}: gigastt_core::inference::audio::wave: Audio (wave): 16000Hz, 1ch (streaming windows)
2026-10-01T20:16:00.622933Z  INFO request{request_id=01a0f91c-0dcb-75aa-bf5a-d87a600c54dc method=POST path=/v1/transcribe}: gigastt_core::inference::engine::infer: encoder_inference elapsed_ms=162
2026-10-01T20:16:00.622997Z  INFO request{request_id=01a0f91c-0dcb-75aa-bf5a-d87a600c54dc method=POST path=/v1/transcribe}: gigastt_core::inference::engine::file_stream: transcribe complete (streaming windows) audio_s=2.17 wall_s=0.16 rtf=0.075
2026-10-01T20:16:00.651410Z  INFO request{request_id=01a0f91c-0ce2-74ca-a233-8ce6e11ed788 method=POST path=/v1/transcribe}: gigastt_core::inference::engine::infer: encoder_inference elapsed_ms=423
2026-10-01T20:16:00.651495Z  INFO request{request_id=01a0f91c-0ce2-74ca-a233-8ce6e11ed788 method=POST path=/v1/transcribe}: gigastt_core::inference::engine::file_stream: transcribe complete (streaming windows) audio_s=4.47 wall_s=0.42 rtf=0.095
2026-10-01T20:16:00.725071Z  INFO gigastt::server::listen: Shutting down server
2026-10-01T20:16:00.760313Z  INFO gigastt::server::listen: Drain complete: all tracked WS/SSE/job tasks finished
